age,moment,sim_value,label,n_individuals,sim_time,benchmark_value,simulation_error,education,n_data,data_value,data_se,denominator_note,simulation_error_to_data_se
30,prob_work,0.6928,N=10000,10000,3.043421745300293,0.683829,0.008970999999999951,udd1,2840,0.7408450704,0.008222128593867357,Uses total age-cell frequency,1.0910799919489407
31,prob_work,0.7064,N=10000,10000,3.043421745300293,0.696873,0.009527000000000063,udd1,5097,0.7255248185,0.00625058060855109,Uses total age-cell frequency,1.5241784078372937
32,prob_work,0.7237723772377238,N=10000,10000,3.043421745300293,0.7108331199897595,0.012939257247964298,udd1,7282,0.7283713266,0.005212413841895231,Uses total age-cell frequency,2.4823925421968394
33,prob_work,0.7347734773477348,N=10000,10000,3.043421745300293,0.7212743720402254,0.013499105307509418,udd1,9171,0.7294733399,0.00463875463007704,Uses total age-cell frequency,2.9100709962072786
34,prob_work,0.7307730773077308,N=10000,10000,3.043421745300293,0.7294789014869237,0.001294175820807042,udd1,11180,0.7228980322,0.004232894306220716,Uses total age-cell frequency,0.30574253151209196
35,prob_work,0.7324197259177754,N=10000,10000,3.043421745300293,0.7369026608878697,0.004482934970094332,udd1,13112,0.7188834655,0.003925888602819013,Uses total age-cell frequency,1.1418905179518664
36,prob_work,0.745221655158611,N=10000,10000,3.043421745300293,0.7436603621392094,0.001561293019401666,udd1,17702,0.7478815953,0.0032636796977581362,Uses total age-cell frequency,0.4783842668366441
37,prob_work,0.7568811930737664,N=10000,10000,3.043421745300293,0.7500132646840052,0.006867928389761246,udd1,22115,0.7633280579,0.0028581533632124284,Uses total age-cell frequency,2.4029250767852504
38,prob_work,0.7575575575575576,N=10000,10000,3.043421745300293,0.7552311333179101,0.002326424239647462,udd1,26699,0.7775197573,0.0025453877161882243,Uses total age-cell frequency,0.9139763757213911
39,prob_work,0.7606649309032646,N=10000,10000,3.043421745300293,0.7600280956011948,0.0006368353020698159,udd1,31731,0.7868960953,0.0022988599768867745,Uses total age-cell frequency,0.27702222339450555
40,prob_work,0.767157599438934,N=10000,10000,3.043421745300293,0.7655733332798598,0.0015842661590742546,udd1,32214,0.7873905755,0.0022796282744457015,Uses total age-cell frequency,0.6949668842212767
41,prob_work,0.7624586383234734,N=10000,10000,3.043421745300293,0.7716119801621582,0.00915334183868477,udd1,32959,0.7841864134,0.0022660111095178944,Uses total age-cell frequency,4.039407309274927
42,prob_work,0.773352061803953,N=10000,10000,3.043421745300293,0.7763678719537298,0.0030158101497768097,udd1,33929,0.7889416134,0.002215328879254968,Uses total age-cell frequency,1.3613374420465507
43,prob_work,0.7853555644837285,N=10000,10000,3.043421745300293,0.7807135333327972,0.004642031150931203,udd1,34810,0.7871588624,0.0021938501947408816,Uses total age-cell frequency,2.115928955431471
44,prob_work,0.7889447236180904,N=10000,10000,3.043421745300293,0.784895719608658,0.004049004009432422,udd1,35491,0.7868473698,0.0021738595353921033,Uses total age-cell frequency,1.8625876895500957
45,prob_work,0.7777889548335177,N=10000,10000,3.043421745300293,0.7889726351041612,0.011183680270643426,udd1,36530,0.789488092,0.002132977575295862,Uses total age-cell frequency,5.24322449526557
46,prob_work,0.7903696988012491,N=10000,10000,3.043421745300293,0.7924560472488291,0.0020863484475800442,udd1,37648,0.7887537187,0.002103750786040311,Uses total age-cell frequency,0.991727946781652
47,prob_work,0.7933225741375832,N=10000,10000,3.043421745300293,0.7966887878999178,0.003366213762334591,udd1,38609,0.7876919889,0.002081215868645027,Uses total age-cell frequency,1.6174265308317874
48,prob_work,0.8024666397088557,N=10000,10000,3.043421745300293,0.799972259007723,0.0024943807011327257,udd1,39731,0.7834688279,0.002066361617364992,Uses total age-cell frequency,1.2071365825665792
49,prob_work,0.8001013171225937,N=10000,10000,3.043421745300293,0.8029248249974638,0.002823507874870068,udd1,40045,0.778873767,0.002073860420280879,Uses total age-cell frequency,1.3614744016801568
50,prob_work,0.8105006600995227,N=10000,10000,3.043421745300293,0.8042378775430519,0.006262782556470836,udd1,40332,0.7723147873,0.002088044301422947,Uses total age-cell frequency,2.999353295427168
51,prob_work,0.8069836098951441,N=10000,10000,3.043421745300293,0.8025957739657941,0.0043878359293499924,udd1,40778,0.7666633969,0.002094502289083435,Uses total age-cell frequency,2.094930118825572
52,prob_work,0.8066789215686274,N=10000,10000,3.043421745300293,0.7987324336843784,0.00794648788424901,udd1,41035,0.7649811137,0.0020931459883932807,Uses total age-cell frequency,3.7964327038406007
53,prob_work,0.7922171018945212,N=10000,10000,3.043421745300293,0.7934820861510491,0.001264984256527879,udd1,41296,0.7609695854,0.0020987283947791133,Uses total age-cell frequency,0.602738429457908
54,prob_work,0.7891002570694088,N=10000,10000,3.043421745300293,0.784674223763665,0.0044260333057437595,udd1,42101,0.7576067077,0.0020885073047798696,Uses total age-cell frequency,2.119232858613471
55,prob_work,0.7739238154227315,N=10000,10000,3.043421745300293,0.7755647564665469,0.0016409410438154026,udd1,42583,0.7569922269,0.002078440831126764,Uses total age-cell frequency,0.7895057772348592
56,prob_work,0.7652552926525529,N=10000,10000,3.043421745300293,0.7632594802582918,0.001995812394261054,udd1,42538,0.7530443368,0.002090890237522,Uses total age-cell frequency,0.9545275779882033
57,prob_work,0.7574020016680567,N=10000,10000,3.043421745300293,0.7489944785071087,0.00840752316094806,udd1,41686,0.7471813079,0.002128739296911431,Uses total age-cell frequency,3.949531618618805
58,prob_work,0.7327396542692509,N=10000,10000,3.043421745300293,0.7307244358608406,0.0020152184084103464,udd1,40096,0.7387270551,0.002194010481356121,Uses total age-cell frequency,0.9185090160393113
59,prob_work,0.7174599831508003,N=10000,10000,3.043421745300293,0.7097918840156904,0.007668099135109907,udd1,38600,0.7272279793,0.002266947946080665,Uses total age-cell frequency,3.382565156984444
60,prob_work,0.6870026525198939,N=10000,10000,3.043421745300293,0.6855956931966858,0.0014069593232081123,udd1,36987,0.7127909806,0.002352640566524788,Uses total age-cell frequency,0.5980341167399011
61,prob_work,0.6598566691624773,N=10000,10000,3.043421745300293,0.6597356701530855,0.00012099900939177566,udd1,35482,0.6865171073,0.0024627966771964926,Uses total age-cell frequency,0.04913073438507073
62,prob_work,0.627431906614786,N=10000,10000,3.043421745300293,0.6292249382561057,0.00179303164131972,udd1,34081,0.6530911652,0.0025783295133971025,Uses total age-cell frequency,0.6954237741929635
63,prob_work,0.5977312390924956,N=10000,10000,3.043421745300293,0.5988116141876395,0.001080375095143915,udd1,32751,0.608439437,0.002697092662546113,Uses total age-cell frequency,0.40057025483285325
64,prob_work,0.563596249310535,N=10000,10000,3.043421745300293,0.5623299199519358,0.0012663293585991608,udd1,31813,0.5374218087,0.002795425401590887,Uses total age-cell frequency,0.45300059085049743
65,prob_work,0.5200446677833612,N=10000,10000,3.043421745300293,0.517231437007302,0.002813230776059217,udd1,31074,0.4617365,0.0028281079857679146,Uses total age-cell frequency,0.9947395185107621
66,prob_work,0.4457381867510739,N=10000,10000,3.043421745300293,0.44552538654089346,0.0002128002101804416,udd1,30479,0.369729978,0.0027650647198966876,Uses total age-cell frequency,0.07696029993409795
67,prob_work,0.36705368433153235,N=10000,10000,3.043421745300293,0.37107423299844333,0.0040205486669109836,udd1,30295,0.2943389998,0.0026184029670637456,Uses total age-cell frequency,1.5354965287942641
68,prob_work,0.3220457730032695,N=10000,10000,3.043421745300293,0.32468857507409876,0.0026428020708292865,udd1,29842,0.2285369613,0.002430646617745015,Uses total age-cell frequency,1.0872835448540414
69,prob_work,0.29036860879904874,N=10000,10000,3.043421745300293,0.28681176455207874,0.0035568442469700035,udd1,29091,0.1882712867,0.0022920187942329336,Uses total age-cell frequency,1.5518390407267
70,prob_work,0.24608663997087732,N=10000,10000,3.043421745300293,0.2535312866358486,0.0074446466649712995,udd1,28733,0.1609299412,0.0021678391339006327,Uses total age-cell frequency,3.434132426411184
71,prob_work,0.22565438531199603,N=10000,10000,3.043421745300293,0.2216758657780664,0.003978519533929636,udd1,28201,0.1363072231,0.0020431809215295735,Uses total age-cell frequency,1.9472184239813783
72,prob_work,0.19672131147540983,N=10000,10000,3.043421745300293,0.19313771804171365,0.003583593433696186,udd1,27755,0.1211313277,0.0019584821378455207,Uses total age-cell frequency,1.8297810148212081
73,prob_work,0.16980392156862745,N=10000,10000,3.043421745300293,0.16780046534436527,0.002003456224262179,udd1,27615,0.1057758465,0.0018507336830483588,Uses total age-cell frequency,1.0825199987511276
74,prob_work,0.1475895502289254,N=10000,10000,3.043421745300293,0.14563273773853128,0.0019568124903941164,udd1,27541,0.0951672053,0.0017682268125482755,Uses total age-cell frequency,1.1066524251908958
75,prob_work,0.12590428491930997,N=10000,10000,3.043421745300293,0.12457173648270489,0.0013325484366050744,udd1,27329,0.085733104,0.0016935534234307523,Uses total age-cell frequency,0.7868357845515352
76,prob_work,0.10114145354717527,N=10000,10000,3.043421745300293,0.10751288990336536,0.0063714363561900855,udd1,25186,0.0762725324,0.0016725396125979084,Uses total age-cell frequency,3.809438238831016
77,prob_work,0.09414758269720101,N=10000,10000,3.043421745300293,0.0932165494225829,0.0009310332746181177,udd1,22442,0.0706710632,0.001710703577368741,Uses total age-cell frequency,0.5442399764254624
78,prob_work,0.08506321211175277,N=10000,10000,3.043421745300293,0.080256574888502,0.004806637223250768,udd1,19392,0.0636344884,0.001752902182840434,Uses total age-cell frequency,2.7421023661810993
79,prob_work,0.0734156378600823,N=10000,10000,3.043421745300293,0.07151689038049786,0.0018987474795844478,udd1,16359,0.0566660554,0.0018076562448152392,Uses total age-cell frequency,1.0503919011319096
80,prob_work,0.0670147954743255,N=10000,10000,3.043421745300293,0.06333574662212259,0.0036790488522029097,udd1,13610,0.0522409993,0.001907329096678725,Uses total age-cell frequency,1.928900921508155
81,prob_work,0.061424606845513416,N=10000,10000,3.043421745300293,0.0601730461839719,0.0012515606615415148,udd1,11239,0.0477800516,0.0020120006158682985,Uses total age-cell frequency,0.6220478521083312
82,prob_work,0.06354845075981844,N=10000,10000,3.043421745300293,0.06397020451654764,0.000421753756729204,udd1,7491,0.0392470965,0.0022435704994076444,Uses total age-cell frequency,0.18798328683701135
83,prob_work,0.06601362862010221,N=10000,10000,3.043421745300293,0.07691797767945924,0.010904349059357027,udd1,4499,0.0384529896,0.002866766492096879,Uses total age-cell frequency,3.803710239190464
84,prob_work,0.797312948807042,N=10000,10000,3.043421745300293,0.799192605624801,0.0018796568177590345,udd1,1982,0.0363269425,0.004202690968497573,Uses total age-cell frequency,0.44725078095166154
30,hours_0,0.3072,N=10000,10000,3.043421745300293,0.316171,0.008971000000000007,udd1,2840,0.2591549296,0.008222128593867357,Uses total age-cell frequency,1.0910799919489476
31,hours_0,0.2936,N=10000,10000,3.043421745300293,0.303127,0.009526999999999952,udd1,5097,0.2744751815,0.00625058060855109,Uses total age-cell frequency,1.524178407837276
32,hours_0,0.27622762276227625,N=10000,10000,3.043421745300293,0.2891668800102405,0.012939257247964242,udd1,7282,0.2716286734,0.005212413841895232,Uses total age-cell frequency,2.4823925421968283
33,hours_0,0.2652265226522652,N=10000,10000,3.043421745300293,0.27872562795977457,0.013499105307509363,udd1,9171,0.2705266601,0.00463875463007704,Uses total age-cell frequency,2.9100709962072666
34,hours_0,0.2692269226922692,N=10000,10000,3.043421745300293,0.2705210985130762,0.0012941758208069865,udd1,11180,0.2771019678,0.004232894306220716,Uses total age-cell frequency,0.3057425315120788
35,hours_0,0.2675802740822247,N=10000,10000,3.043421745300293,0.2630973391121303,0.004482934970094388,udd1,13112,0.2811165345,0.003925888602819014,Uses total age-cell frequency,1.1418905179518803
36,hours_0,0.25477834484138895,N=10000,10000,3.043421745300293,0.25633963786079067,0.0015612930194017216,udd1,17702,0.2521184047,0.0032636796977581362,Uses total age-cell frequency,0.4783842668366611
37,hours_0,0.2431188069262336,N=10000,10000,3.043421745300293,0.2499867353159948,0.006867928389761191,udd1,22115,0.2366719421,0.0028581533632124284,Uses total age-cell frequency,2.402925076785231
38,hours_0,0.24244244244244245,N=10000,10000,3.043421745300293,0.24476886668208991,0.002326424239647462,udd1,26699,0.2224802427,0.0025453877161882243,Uses total age-cell frequency,0.9139763757213911
39,hours_0,0.23933506909673544,N=10000,10000,3.043421745300293,0.23997190439880522,0.0006368353020697881,udd1,31731,0.2131039047,0.0022988599768867745,Uses total age-cell frequency,0.27702222339449345
40,hours_0,0.23284240056106603,N=10000,10000,3.043421745300293,0.2344266667201402,0.0015842661590741713,udd1,32214,0.2126094245,0.002279628274445702,Uses total age-cell frequency,0.69496688422124
41,hours_0,0.23754136167652662,N=10000,10000,3.043421745300293,0.2283880198378418,0.009153341838684825,udd1,32959,0.2158135866,0.0022660111095178944,Uses total age-cell frequency,4.039407309274951
42,hours_0,0.22664793819604695,N=10000,10000,3.043421745300293,0.22363212804627017,0.003015810149776782,udd1,33929,0.2110583866,0.0022153288792549682,Uses total age-cell frequency,1.3613374420465378
43,hours_0,0.2146444355162716,N=10000,10000,3.043421745300293,0.21928646666720272,0.00464203115093112,udd1,34810,0.2128411376,0.0021938501947408816,Uses total age-cell frequency,2.115928955431433
44,hours_0,0.21105527638190955,N=10000,10000,3.043421745300293,0.21510428039134202,0.0040490040094324775,udd1,35491,0.2131526302,0.0021738595353921033,Uses total age-cell frequency,1.8625876895501212
45,hours_0,0.22221104516648224,N=10000,10000,3.043421745300293,0.2110273648958389,0.011183680270643342,udd1,36530,0.210511908,0.0021329775752958625,Uses total age-cell frequency,5.24322449526553
46,hours_0,0.20963030119875087,N=10000,10000,3.043421745300293,0.20754395275117082,0.0020863484475800442,udd1,37648,0.2112462813,0.002103750786040311,Uses total age-cell frequency,0.991727946781652
47,hours_0,0.20667742586241677,N=10000,10000,3.043421745300293,0.20331121210008216,0.003366213762334619,udd1,38609,0.2123080111,0.002081215868645027,Uses total age-cell frequency,1.6174265308318008
48,hours_0,0.19753336029114435,N=10000,10000,3.043421745300293,0.20002774099227708,0.0024943807011327257,udd1,39731,0.2165311721,0.002066361617364992,Uses total age-cell frequency,1.2071365825665792
49,hours_0,0.19989868287740628,N=10000,10000,3.043421745300293,0.19707517500253627,0.0028235078748700126,udd1,40045,0.221126233,0.002073860420280879,Uses total age-cell frequency,1.3614744016801301
50,hours_0,0.1894993399004773,N=10000,10000,3.043421745300293,0.1957621224569481,0.006262782556470808,udd1,40332,0.2276852127,0.002088044301422947,Uses total age-cell frequency,2.999353295427155
51,hours_0,0.19301639010485594,N=10000,10000,3.043421745300293,0.1974042260342059,0.004387835929349965,udd1,40778,0.2333366031,0.002094502289083435,Uses total age-cell frequency,2.0949301188255585
52,hours_0,0.19332107843137256,N=10000,10000,3.043421745300293,0.20126756631562157,0.00794648788424901,udd1,41035,0.2350188863,0.0020931459883932807,Uses total age-cell frequency,3.7964327038406007
53,hours_0,0.20778289810547876,N=10000,10000,3.043421745300293,0.20651791384895093,0.0012649842565278235,udd1,41296,0.2390304146,0.0020987283947791133,Uses total age-cell frequency,0.6027384294578816
54,hours_0,0.21089974293059127,N=10000,10000,3.043421745300293,0.21532577623633503,0.0044260333057437595,udd1,42101,0.2423932923,0.0020885073047798696,Uses total age-cell frequency,2.119232858613471
55,hours_0,0.2260761845772685,N=10000,10000,3.043421745300293,0.22443524353345315,0.0016409410438153471,udd1,42583,0.2430077731,0.002078440831126764,Uses total age-cell frequency,0.7895057772348325
56,hours_0,0.23474470734744707,N=10000,10000,3.043421745300293,0.23674051974170815,0.0019958123942610817,udd1,42538,0.2469556632,0.002090890237522,Uses total age-cell frequency,0.9545275779882166
57,hours_0,0.2425979983319433,N=10000,10000,3.043421745300293,0.2510055214928914,0.008407523160948116,udd1,41686,0.2528186921,0.0021287392969114314,Uses total age-cell frequency,3.9495316186188303
58,hours_0,0.2672603457307491,N=10000,10000,3.043421745300293,0.26927556413915943,0.0020152184084103464,udd1,40096,0.2612729449,0.002194010481356121,Uses total age-cell frequency,0.9185090160393113
59,hours_0,0.28254001684919966,N=10000,10000,3.043421745300293,0.2902081159843096,0.0076680991351099625,udd1,38600,0.2727720207,0.0022669479460806653,Uses total age-cell frequency,3.3825651569844677
60,hours_0,0.3129973474801061,N=10000,10000,3.043421745300293,0.3144043068033142,0.0014069593232081123,udd1,36987,0.2872090194,0.002352640566524788,Uses total age-cell frequency,0.5980341167399011
61,hours_0,0.34014333083752274,N=10000,10000,3.043421745300293,0.3402643298469144,0.00012099900939166464,udd1,35482,0.3134828927,0.002462796677196493,Uses total age-cell frequency,0.04913073438502564
62,hours_0,0.372568093385214,N=10000,10000,3.043421745300293,0.37077506174389435,0.0017930316413196645,udd1,34081,0.3469088348,0.0025783295133971025,Uses total age-cell frequency,0.695423774192942
63,hours_0,0.40226876090750435,N=10000,10000,3.043421745300293,0.4011883858123605,0.0010803750951438595,udd1,32751,0.391560563,0.002697092662546113,Uses total age-cell frequency,0.40057025483283265
64,hours_0,0.43640375068946496,N=10000,10000,3.043421745300293,0.4376700800480642,0.0012663293585992164,udd1,31813,0.4625781913,0.002795425401590887,Uses total age-cell frequency,0.45300059085051725
65,hours_0,0.4799553322166388,N=10000,10000,3.043421745300293,0.48276856299269794,0.0028132307760591613,udd1,31074,0.5382635,0.0028281079857679146,Uses total age-cell frequency,0.9947395185107425
66,hours_0,0.5542618132489261,N=10000,10000,3.043421745300293,0.5544746134591065,0.0002128002101804416,udd1,30479,0.630270022,0.0027650647198966876,Uses total age-cell frequency,0.07696029993409795
67,hours_0,0.6329463156684676,N=10000,10000,3.043421745300293,0.6289257670015567,0.004020548666910928,udd1,30295,0.7056610002,0.0026184029670637456,Uses total age-cell frequency,1.535496528794243
68,hours_0,0.6779542269967305,N=10000,10000,3.043421745300293,0.6753114249259012,0.002642802070829231,udd1,29842,0.7714630387,0.002430646617745015,Uses total age-cell frequency,1.0872835448540188
69,hours_0,0.7096313912009512,N=10000,10000,3.043421745300293,0.7131882354479213,0.0035568442469701145,udd1,29091,0.8117287133,0.0022920187942329336,Uses total age-cell frequency,1.5518390407267486
70,hours_0,0.7539133600291227,N=10000,10000,3.043421745300293,0.7464687133641514,0.007444646664971244,udd1,28733,0.8390700588,0.0021678391339006327,Uses total age-cell frequency,3.4341324264111583
71,hours_0,0.774345614688004,N=10000,10000,3.043421745300293,0.7783241342219336,0.003978519533929581,udd1,28201,0.8636927769,0.0020431809215295735,Uses total age-cell frequency,1.9472184239813513
72,hours_0,0.8032786885245902,N=10000,10000,3.043421745300293,0.8068622819582864,0.003583593433696186,udd1,27755,0.8788686723,0.0019584821378455207,Uses total age-cell frequency,1.8297810148212081
73,hours_0,0.8301960784313726,N=10000,10000,3.043421745300293,0.8321995346556348,0.0020034562242622345,udd1,27615,0.8942241535,0.001850733683048359,Uses total age-cell frequency,1.0825199987511573
74,hours_0,0.8524104497710746,N=10000,10000,3.043421745300293,0.8543672622614688,0.001956812490394144,udd1,27541,0.9048327947,0.0017682268125482755,Uses total age-cell frequency,1.1066524251909113
75,hours_0,0.8740957150806901,N=10000,10000,3.043421745300293,0.8754282635172951,0.0013325484366050189,udd1,27329,0.914266896,0.0016935534234307523,Uses total age-cell frequency,0.7868357845515025
76,hours_0,0.8988585464528247,N=10000,10000,3.043421745300293,0.8924871100966346,0.0063714363561900855,udd1,25186,0.9237274676,0.0016725396125979082,Uses total age-cell frequency,3.8094382388310164
77,hours_0,0.905852417302799,N=10000,10000,3.043421745300293,0.9067834505774172,0.0009310332746181871,udd1,22442,0.9293289368,0.0017107035773687416,Uses total age-cell frequency,0.5442399764255027
78,hours_0,0.9149367878882473,N=10000,10000,3.043421745300293,0.919743425111498,0.004806637223250698,udd1,19392,0.9363655116,0.0017529021828404337,Uses total age-cell frequency,2.7421023661810597
79,hours_0,0.9265843621399177,N=10000,10000,3.043421745300293,0.9284831096195022,0.0018987474795845172,udd1,16359,0.9433339446,0.0018076562448152398,Uses total age-cell frequency,1.0503919011319476
80,hours_0,0.9329852045256745,N=10000,10000,3.043421745300293,0.9366642533778774,0.0036790488522029374,udd1,13610,0.9477590007,0.0019073290966787255,Uses total age-cell frequency,1.9289009215081692
81,hours_0,0.9385753931544866,N=10000,10000,3.043421745300293,0.9398269538160281,0.0012515606615415287,udd1,11239,0.9522199484,0.002012000615868298,Uses total age-cell frequency,0.6220478521083384
82,hours_0,0.9364515492401816,N=10000,10000,3.043421745300293,0.9360297954834523,0.0004217537567292595,udd1,7491,0.9607529035,0.002243570499407645,Uses total age-cell frequency,0.18798328683703605
83,hours_0,0.9339863713798978,N=10000,10000,3.043421745300293,0.9230820223205407,0.01090434905935711,udd1,4499,0.9615470104,0.0028667664920968786,Uses total age-cell frequency,3.8037102391904933
84,hours_0,0.20268705119295807,N=10000,10000,3.043421745300293,0.200807394375199,0.0018796568177590622,udd1,1982,0.9636730575,0.004202690968497574,Uses total age-cell frequency,0.4472507809516681
30,hours_1,0.0959,N=10000,10000,3.043421745300293,0.094294,0.0016059999999999963,udd1,2840,0.1183098592,0.006060511657851703,Uses total age-cell frequency,0.2649941276689636
31,hours_1,0.0859,N=10000,10000,3.043421745300293,0.085412,0.0004880000000000023,udd1,5097,0.1071218364,0.004331893678080904,Uses total age-cell frequency,0.11265281104872221
32,hours_1,0.08720872087208721,N=10000,10000,3.043421745300293,0.08316299182360753,0.0040457290484796765,udd1,7282,0.1038176325,0.0035744433669348003,Uses total age-cell frequency,1.1318486917164445
33,hours_1,0.08340834083408341,N=10000,10000,3.043421745300293,0.08218109444775044,0.001227246386332967,udd1,9171,0.1065314579,0.0032215896517352335,Uses total age-cell frequency,0.38094435325490306
34,hours_1,0.07870787078707871,N=10000,10000,3.043421745300293,0.08203337951316125,0.003325508726082546,udd1,11180,0.0989266547,0.002823682298947707,Uses total age-cell frequency,1.177720569811219
35,hours_1,0.08512553766129839,N=10000,10000,3.043421745300293,0.08153246171146836,0.003593075949830035,udd1,13112,0.0928920073,0.0025350364040468225,Uses total age-cell frequency,1.417366608264167
36,hours_1,0.07885519863904733,N=10000,10000,3.043421745300293,0.08040699379221379,0.0015517951531664603,udd1,17702,0.0856400407,0.0021032256234948215,Uses total age-cell frequency,0.7378167781105303
37,hours_1,0.0792713442097888,N=10000,10000,3.043421745300293,0.07965317606590495,0.00038183185611614934,udd1,22115,0.0814379381,0.0018391797011797866,Uses total age-cell frequency,0.2076098686121938
38,hours_1,0.08028028028028028,N=10000,10000,3.043421745300293,0.07878873462307698,0.0014915456572033026,udd1,26699,0.0749840818,0.0016118018295973031,Uses total age-cell frequency,0.9253902246630122
39,hours_1,0.07941117564590426,N=10000,10000,3.043421745300293,0.07868070912335512,0.0007304665225491419,udd1,31731,0.0734612839,0.0014646004502355855,Uses total age-cell frequency,0.4987479844292306
40,hours_1,0.08365895200881675,N=10000,10000,3.043421745300293,0.07756136590139345,0.0060975861074232945,udd1,32214,0.0723288011,0.001443212702723746,Uses total age-cell frequency,4.225008618560136
41,hours_1,0.07740900431164144,N=10000,10000,3.043421745300293,0.07751727985182821,0.00010827554018677521,udd1,32959,0.068630723,0.0013926219231663126,Uses total age-cell frequency,0.07774941524731727
42,hours_1,0.07645229256546604,N=10000,10000,3.043421745300293,0.0771269919368605,0.0006746993713944577,udd1,33929,0.0686138701,0.0013724145421682345,Uses total age-cell frequency,0.491614851536418
43,hours_1,0.07703897147448775,N=10000,10000,3.043421745300293,0.07660090699301261,0.00043806448147513943,udd1,34810,0.0652398736,0.0013235935225971284,Uses total age-cell frequency,0.33096602090918226
44,hours_1,0.0770854271356784,N=10000,10000,3.043421745300293,0.07561095620797113,0.0014744709277072637,udd1,35491,0.0657631512,0.001315711546537924,Uses total age-cell frequency,1.1206642759859398
45,hours_1,0.07323206920832914,N=10000,10000,3.043421745300293,0.07539174388367728,0.002159674675348139,udd1,36530,0.062168081,0.001263343353061447,Uses total age-cell frequency,1.7094914617745218
46,hours_1,0.0746449078271381,N=10000,10000,3.043421745300293,0.07457994426833525,6.496355880285243e-05,udd1,37648,0.0624734382,0.0012472931563161074,Uses total age-cell frequency,0.05208363284436109
47,hours_1,0.07302804115392375,N=10000,10000,3.043421745300293,0.07401063314829917,0.0009825919943754202,udd1,38609,0.0610738429,0.0012187063281124406,Uses total age-cell frequency,0.8062582196461394
48,hours_1,0.07147189648200566,N=10000,10000,3.043421745300293,0.07350755486439312,0.0020356583823874508,udd1,39731,0.0571845662,0.001164898293518894,Uses total age-cell frequency,1.7474988105941744
49,hours_1,0.07163120567375887,N=10000,10000,3.043421745300293,0.07369179263467586,0.002060586960916988,udd1,40045,0.0590585591,0.0011780089024832003,Uses total age-cell frequency,1.7492117050841849
50,hours_1,0.0719000710876409,N=10000,10000,3.043421745300293,0.07363055485508366,0.0017304837674427531,udd1,40332,0.0581176237,0.001165003903383576,Uses total age-cell frequency,1.4853888149360077
51,hours_1,0.07380637279853405,N=10000,10000,3.043421745300293,0.07375321795427318,5.315484426086925e-05,udd1,40778,0.0571386532,0.0011494126035636256,Uses total age-cell frequency,0.04624522481837121
52,hours_1,0.07659313725490197,N=10000,10000,3.043421745300293,0.07344031363983569,0.0031528236150662747,udd1,41035,0.057779944,0.0011518276815362333,Uses total age-cell frequency,2.7372354959044243
53,hours_1,0.07670250896057347,N=10000,10000,3.043421745300293,0.07430048315424101,0.002402025806332461,udd1,41296,0.0593762108,0.0011629478093617745,Uses total age-cell frequency,2.0654631162259056
54,hours_1,0.0797943444730077,N=10000,10000,3.043421745300293,0.07520368738003246,0.0045906570929752505,udd1,42101,0.0570057718,0.001129972115609378,Uses total age-cell frequency,4.062628652123486
55,hours_1,0.07504903478889233,N=10000,10000,3.043421745300293,0.07544873399003571,0.0003996992011433831,udd1,42583,0.0551393749,0.001106105794570444,Uses total age-cell frequency,0.36135711710886226
56,hours_1,0.08011623080116231,N=10000,10000,3.043421745300293,0.07668143174130924,0.003434799059853069,udd1,42538,0.0563496168,0.0011180533065796494,Uses total age-cell frequency,3.07212459337991
57,hours_1,0.0823603002502085,N=10000,10000,3.043421745300293,0.07732073942897238,0.005039560821236119,udd1,41686,0.0563258648,0.0011291973440931066,Uses total age-cell frequency,4.462958443533664
58,hours_1,0.07700366684127816,N=10000,10000,3.043421745300293,0.07865339638711494,0.001649729545836781,udd1,40096,0.0542946927,0.0011316342366709572,Uses total age-cell frequency,1.4578292988819048
59,hours_1,0.07940185341196293,N=10000,10000,3.043421745300293,0.07965782260937214,0.00025596919740920876,udd1,38600,0.0550518135,0.0011609036069908578,Uses total age-cell frequency,0.22049134473162554
60,hours_1,0.0826525198938992,N=10000,10000,3.043421745300293,0.08094524836828831,0.0017072715256108845,udd1,36987,0.0578581664,0.001213992275733719,Uses total age-cell frequency,1.4063281618320305
61,hours_1,0.08599850251363782,N=10000,10000,3.043421745300293,0.08129553596046746,0.00470296655317036,udd1,35482,0.0615523364,0.0012759194392775028,Uses total age-cell frequency,3.6859431782256125
62,hours_1,0.08117163856463468,N=10000,10000,3.043421745300293,0.08149436458443816,0.0003227260198034876,udd1,34081,0.0618233033,0.001304554595963407,Uses total age-cell frequency,0.2473840656436123
63,hours_1,0.0831151832460733,N=10000,10000,3.043421745300293,0.08124096500074848,0.001874218245324813,udd1,32751,0.0672651217,0.0013840819088407554,Uses total age-cell frequency,1.3541237937966935
64,hours_1,0.08284611141753999,N=10000,10000,3.043421745300293,0.07979846618720292,0.0030476452303370705,udd1,31813,0.0708515387,0.001438516628452891,Uses total age-cell frequency,2.1186027120275837
65,hours_1,0.08084868788386376,N=10000,10000,3.043421745300293,0.0818110498447729,0.0009623619609091388,udd1,31074,0.0767200875,0.0015098112513191968,Uses total age-cell frequency,0.6374054770543507
66,hours_1,0.12593262491521592,N=10000,10000,3.043421745300293,0.1268823242380981,0.0009496993228821637,udd1,30479,0.0778568851,0.0015347841985944811,Uses total age-cell frequency,0.6187836203629643
67,hours_1,0.11840441430049431,N=10000,10000,3.043421745300293,0.11935296719456363,0.0009485528940693239,udd1,30295,0.0827859383,0.0015831722227347964,Uses total age-cell frequency,0.5991470040011053
68,hours_1,0.11163007940214853,N=10000,10000,3.043421745300293,0.11034090683576399,0.0012891725663845416,udd1,29842,0.0816634274,0.0015852610123329443,Uses total age-cell frequency,0.8132241670962026
69,hours_1,0.10107015457788347,N=10000,10000,3.043421745300293,0.10092951228237397,0.00014064229550950214,udd1,29091,0.07679351,0.0015611058760430082,Uses total age-cell frequency,0.09009145226331046
70,hours_1,0.08724669336245601,N=10000,10000,3.043421745300293,0.09325191158053492,0.006005218218078909,udd1,28733,0.0722862214,0.0015277218102385834,Uses total age-cell frequency,3.9308322875491823
71,hours_1,0.08398461729313982,N=10000,10000,3.043421745300293,0.08468304579397791,0.0006984285008380942,udd1,28201,0.0690046452,0.0015093177043471182,Uses total age-cell frequency,0.46274452279098627
72,hours_1,0.07612148938874062,N=10000,10000,3.043421745300293,0.07614824296729755,2.6753578556928947e-05,udd1,27755,0.0658259773,0.001488476338116762,Uses total age-cell frequency,0.017973801713756427
73,hours_1,0.06823529411764706,N=10000,10000,3.043421745300293,0.0690647725968511,0.000829478479204046,udd1,27615,0.059967409,0.0014287510877519466,Uses total age-cell frequency,0.5805619231472854
74,hours_1,0.06544573121465122,N=10000,10000,3.043421745300293,0.06197446529489064,0.0034712659197605814,udd1,27541,0.0567880614,0.0013945796178282007,Uses total age-cell frequency,2.4891127587010304
75,hours_1,0.055926544240400666,N=10000,10000,3.043421745300293,0.05439970891274187,0.0015268353276587932,udd1,27329,0.0530206008,0.0013554413103115037,Uses total age-cell frequency,1.1264488665377184
76,hours_1,0.047247507585609014,N=10000,10000,3.043421745300293,0.04866172685797618,0.0014142192723671648,udd1,25186,0.0495116334,0.0013669336362937621,Uses total age-cell frequency,1.034592488485111
77,hours_1,0.04280796287980841,N=10000,10000,3.043421745300293,0.04358538810592783,0.00077742522611942,udd1,22442,0.0462971215,0.0014026611314735453,Uses total age-cell frequency,0.5542502096017355
78,hours_1,0.04042453566411737,N=10000,10000,3.043421745300293,0.0380011522636329,0.002423383400484473,udd1,19392,0.0436262376,0.001466818589881631,Uses total age-cell frequency,1.6521357291224643
79,hours_1,0.034238683127572014,N=10000,10000,3.043421745300293,0.034203371307731295,3.5311819840719294e-05,udd1,16359,0.03973348,0.0015271996622671755,Uses total age-cell frequency,0.023121940577368775
80,hours_1,0.028894691035683203,N=10000,10000,3.043421745300293,0.029938155840304247,0.0010434648046210443,udd1,13610,0.0368846436,0.0016155964375791274,Uses total age-cell frequency,0.6458697112408917
81,hours_1,0.027567067530064753,N=10000,10000,3.043421745300293,0.027679601244627077,0.00011253371456232397,udd1,11239,0.0344336685,0.0017199620651680767,Uses total age-cell frequency,0.06542802125774039
82,hours_1,0.027827116637063352,N=10000,10000,3.043421745300293,0.02794616335528574,0.00011904671822238894,udd1,7491,0.0288346015,0.0019334532639831167,Uses total age-cell frequency,0.06157206922971606
83,hours_1,0.03534923339011925,N=10000,10000,3.043421745300293,0.0398639127022652,0.004514679312145949,udd1,4499,0.0295621249,0.0025251878805889133,Uses total age-cell frequency,1.7878587755193307
84,hours_1,0.19898077368542968,N=10000,10000,3.043421745300293,0.19952216383551838,0.0005413901500886942,udd1,1982,0.0277497477,0.003689493305175329,Uses total age-cell frequency,0.14673834733058735
30,hours_2,0.0846,N=10000,10000,3.043421745300293,0.082324,0.0022760000000000002,udd1,2840,0.1080985915,0.005826520414997181,Uses total age-cell frequency,0.39062765388098303
31,hours_2,0.0801,N=10000,10000,3.043421745300293,0.07898,0.0011200000000000099,udd1,5097,0.0980969198,0.004166297746094687,Uses total age-cell frequency,0.26882380191138544
32,hours_2,0.08010801080108011,N=10000,10000,3.043421745300293,0.07759972478678977,0.002508286014290345,udd1,7282,0.0961274375,0.0034542355305845944,Uses total age-cell frequency,0.7261479398499046
33,hours_2,0.07950795079507951,N=10000,10000,3.043421745300293,0.07768948808089092,0.00181846271418859,udd1,9171,0.0858139788,0.0029247446870282142,Uses total age-cell frequency,0.6217509248768994
34,hours_2,0.07610761076107611,N=10000,10000,3.043421745300293,0.07759711517782568,0.001489504416749568,udd1,11180,0.081216458,0.002583495589090335,Uses total age-cell frequency,0.5765461427685393
35,hours_2,0.07832349704911473,N=10000,10000,3.043421745300293,0.0771153238167273,0.0012081732323874356,udd1,13112,0.0790115924,0.00235579783838509,Uses total age-cell frequency,0.5128509809719682
36,hours_2,0.07905533873711598,N=10000,10000,3.043421745300293,0.07655802623822967,0.002497312498886309,udd1,17702,0.07631906,0.001995567071818575,Uses total age-cell frequency,1.2514299990981959
37,hours_2,0.07396656991292162,N=10000,10000,3.043421745300293,0.07647065301288526,0.0025040830999636388,udd1,22115,0.0699525209,0.001715184222470771,Uses total age-cell frequency,1.4599499384132841
38,hours_2,0.07867867867867868,N=10000,10000,3.043421745300293,0.07581925962425375,0.0028594190544249387,udd1,26699,0.0680175287,0.0015408728347377878,Uses total age-cell frequency,1.8557138460498135
39,hours_2,0.07470458642098939,N=10000,10000,3.043421745300293,0.07593527591102793,0.0012306894900385446,udd1,31731,0.0629037849,0.001362977231911488,Uses total age-cell frequency,0.9029420750576893
40,hours_2,0.0739404869251578,N=10000,10000,3.043421745300293,0.07577267595635757,0.0018321890311997768,udd1,32214,0.0626435711,0.001350107369104211,Uses total age-cell frequency,1.357069128817084
41,hours_2,0.07379925799659079,N=10000,10000,3.043421745300293,0.07576446225020844,0.001965204253617653,udd1,32959,0.0602263418,0.0013104421779777853,Uses total age-cell frequency,1.4996497263620334
42,hours_2,0.07685361693588844,N=10000,10000,3.043421745300293,0.0759190272017994,0.0009345897340890391,udd1,33929,0.0575319049,0.0012641603819396497,Uses total age-cell frequency,0.7392968071464653
43,hours_2,0.0799517878666131,N=10000,10000,3.043421745300293,0.07525609687457284,0.004695690992040258,udd1,34810,0.0554151106,0.0012262600718364065,Uses total age-cell frequency,3.8292782256280646
44,hours_2,0.07758793969849247,N=10000,10000,3.043421745300293,0.075206452735983,0.002381486962509463,udd1,35491,0.0567467809,0.0012280771334046918,Uses total age-cell frequency,1.939199825264302
45,hours_2,0.07755758977970023,N=10000,10000,3.043421745300293,0.07475902952902073,0.0027985602506794965,udd1,36530,0.0545305229,0.0011880063212054033,Uses total age-cell frequency,2.355677912420495
46,hours_2,0.07383902488163595,N=10000,10000,3.043421745300293,0.07514291075871336,0.0013038858770774153,udd1,37648,0.0524065023,0.001148504413959016,Uses total age-cell frequency,1.1352902620398149
47,hours_2,0.07413758321565463,N=10000,10000,3.043421745300293,0.07490902402816642,0.0007714408125117922,udd1,38609,0.0495221321,0.0011041457238933944,Uses total age-cell frequency,0.6986766291967047
48,hours_2,0.07268499797816418,N=10000,10000,3.043421745300293,0.07411400940358892,0.001429011425424745,udd1,39731,0.0501623417,0.0010950875591040489,Uses total age-cell frequency,1.304928919650861
49,hours_2,0.07598784194528875,N=10000,10000,3.043421745300293,0.07404788475195292,0.0019399571933358256,udd1,40045,0.0498439256,0.0010875004494888488,Uses total age-cell frequency,1.7838679462134033
50,hours_2,0.07657154463288311,N=10000,10000,3.043421745300293,0.07357157964094263,0.002999964991940482,udd1,40332,0.0478528216,0.0010628719319140307,Uses total age-cell frequency,2.822508433860055
51,hours_2,0.07370457090501883,N=10000,10000,3.043421745300293,0.07296306680600514,0.0007415040990136901,udd1,40778,0.0466673206,0.0010445174812094254,Uses total age-cell frequency,0.7099010905543847
52,hours_2,0.07230392156862746,N=10000,10000,3.043421745300293,0.07207314990638457,0.00023077166224289014,udd1,41035,0.0463750457,0.0010381348248745675,Uses total age-cell frequency,0.22229450039957294
53,hours_2,0.06625704045058883,N=10000,10000,3.043421745300293,0.07124601261803112,0.0049889721674422904,udd1,41296,0.0447985277,0.0010179474729707025,Uses total age-cell frequency,4.901011397850268
54,hours_2,0.0689974293059126,N=10000,10000,3.043421745300293,0.06954925156730128,0.000551822261388682,udd1,42101,0.0450345597,0.0010106960822572613,Uses total age-cell frequency,0.5459823888465631
55,hours_2,0.06875193558377207,N=10000,10000,3.043421745300293,0.06847911285202274,0.0002728227317493337,udd1,42583,0.0444543597,0.0009987683465998794,Uses total age-cell frequency,0.2731591691688146
56,hours_2,0.0630967206309672,N=10000,10000,3.043421745300293,0.0668812173291559,0.0037844966981886996,udd1,42538,0.0444778786,0.0009995485006794248,Uses total age-cell frequency,3.786206167700974
57,hours_2,0.06390742285237698,N=10000,10000,3.043421745300293,0.0651354478172979,0.0012280249649209152,udd1,41686,0.0428201315,0.0009915752182179296,Uses total age-cell frequency,1.2384587092928117
58,hours_2,0.06558407543216344,N=10000,10000,3.043421745300293,0.06350116519271626,0.0020829102394471777,udd1,40096,0.0431464485,0.0010147165381913371,Uses total age-cell frequency,2.0527015782750744
59,hours_2,0.06687026116259477,N=10000,10000,3.043421745300293,0.06140526119406929,0.00546499996852548,udd1,38600,0.043238342,0.0010352440549919332,Uses total age-cell frequency,5.278948420107628
60,hours_2,0.06302387267904509,N=10000,10000,3.043421745300293,0.059211093616763064,0.003812779062282029,udd1,36987,0.0436369535,0.0010622189651592572,Uses total age-cell frequency,3.5894473619291705
61,hours_2,0.05594181195849823,N=10000,10000,3.043421745300293,0.05681085471084967,0.0008690427523514385,udd1,35482,0.0432331887,0.0010797112821044473,Uses total age-cell frequency,0.8048843859977102
62,hours_2,0.05490704712494596,N=10000,10000,3.043421745300293,0.05319174266053954,0.001715304464406417,udd1,34081,0.0443942373,0.0011156976413512737,Uses total age-cell frequency,1.5374277051701313
63,hours_2,0.053228621291448515,N=10000,10000,3.043421745300293,0.05031736544611999,0.002911255845328524,udd1,32751,0.0475710665,0.0011761844992375157,Uses total age-cell frequency,2.475169369444846
64,hours_2,0.04688361831218974,N=10000,10000,3.043421745300293,0.047126530720432575,0.00024291240824283328,udd1,31813,0.0463018263,0.0011781544377581718,Uses total age-cell frequency,0.20618044668664529
65,hours_2,0.0480178671133445,N=10000,10000,3.043421745300293,0.04649548846804601,0.001522378645298486,udd1,31074,0.0473064298,0.0012043095298290424,Uses total age-cell frequency,1.264109107825955
66,hours_2,0.04691385937146733,N=10000,10000,3.043421745300293,0.047592900576598894,0.0006790412051315628,udd1,30479,0.0360904229,0.0010683505457980311,Uses total age-cell frequency,0.6355977518823992
67,hours_2,0.04011955397172089,N=10000,10000,3.043421745300293,0.040374065840642896,0.00025451186892200967,udd1,30295,0.0384221819,0.0011043271554883596,Uses total age-cell frequency,0.2304678171292985
68,hours_2,0.0338626809901915,N=10000,10000,3.043421745300293,0.03438836272963612,0.0005256817394446237,udd1,29842,0.0315997587,0.0010126406675504552,Uses total age-cell frequency,0.519119719649647
69,hours_2,0.028180737217598097,N=10000,10000,3.043421745300293,0.029828537607750807,0.00164780039015271,udd1,29091,0.0279811626,0.0009669207788116671,Uses total age-cell frequency,1.7041731093811379
70,hours_2,0.023662176920276664,N=10000,10000,3.043421745300293,0.025701923158523887,0.0020397462382472226,udd1,28733,0.0253019177,0.0009264485133560915,Uses total age-cell frequency,2.2016833195167766
71,hours_2,0.023942438903361864,N=10000,10000,3.043421745300293,0.02203573402465048,0.0019067048787113836,udd1,28201,0.0194673948,0.0008227211912272667,Uses total age-cell frequency,2.317558972641899
72,hours_2,0.018935061634261025,N=10000,10000,3.043421745300293,0.018737364501742303,0.00019769713251872184,udd1,27755,0.0192037471,0.0008237810021588854,Uses total age-cell frequency,0.23998748696633737
73,hours_2,0.016601307189542485,N=10000,10000,3.043421745300293,0.015576254916895339,0.0010250522726471464,udd1,27615,0.0164403404,0.0007652145741357449,Uses total age-cell frequency,1.3395618788427672
74,hours_2,0.011715593859412874,N=10000,10000,3.043421745300293,0.013023989508788808,0.0013083956493759336,udd1,27541,0.0134708253,0.0006946438834035003,Uses total age-cell frequency,1.8835487947655636
75,hours_2,0.012520868113522538,N=10000,10000,3.043421745300293,0.011121310892579636,0.001399557220942902,udd1,27329,0.0135753229,0.0006999953870974111,Uses total age-cell frequency,1.9993806341300078
76,hours_2,0.00838029186533738,N=10000,10000,3.043421745300293,0.008883874147277773,0.0005035822819403936,udd1,25186,0.011355515,0.0006676423731352384,Uses total age-cell frequency,0.7542695044587702
77,hours_2,0.00598712767549768,N=10000,10000,3.043421745300293,0.007475810904900243,0.0014886832294025631,udd1,22442,0.0105159968,0.0006809242989268433,Uses total age-cell frequency,2.186268329311748
78,hours_2,0.0063992508194162636,N=10000,10000,3.043421745300293,0.006249538859070623,0.00014971196034564097,udd1,19392,0.0086633663,0.0006654916567716492,Uses total age-cell frequency,0.22496444368950488
79,hours_2,0.004773662551440329,N=10000,10000,3.043421745300293,0.005203389466768137,0.0004297269153278084,udd1,16359,0.0067241274,0.0006389612684507127,Uses total age-cell frequency,0.6725398495119522
80,hours_2,0.002959094865100087,N=10000,10000,3.043421745300293,0.004336941636209799,0.001377846771109712,udd1,13610,0.006098457,0.0006673483680921346,Uses total age-cell frequency,2.0646589352556646
81,hours_2,0.004070305272895467,N=10000,10000,3.043421745300293,0.0037197883095546266,0.00035051696334084063,udd1,11239,0.005516505,0.0006986617419108037,Uses total age-cell frequency,0.5016976632815114
82,hours_2,0.003947108742845865,N=10000,10000,3.043421745300293,0.0036212544819224993,0.0003258542609233658,udd1,7491,0.0044052863,0.0007651709291892821,Uses total age-cell frequency,0.42585812985422306
83,hours_2,0.004258943781942078,N=10000,10000,3.043421745300293,0.004593267057422253,0.0003343232754801752,udd1,4499,0.0031118026,0.0008303692348246553,Uses total age-cell frequency,0.4026200170467208
84,hours_2,0.20083391243919388,N=10000,10000,3.043421745300293,0.19972203693933852,0.0011118754998553637,udd1,1982,0.0015136226,0.00087322879595392,Uses total age-cell frequency,1.2732922975137857
30,hours_3,0.0905,N=10000,10000,3.043421745300293,0.088833,0.0016670000000000018,udd1,2840,0.1084507042,0.00583485003966647,Uses total age-cell frequency,0.2856971453709015
31,hours_3,0.0932,N=10000,10000,3.043421745300293,0.088053,0.005146999999999999,udd1,5097,0.1012360212,0.004225061611070564,Uses total age-cell frequency,1.218207087563826
32,hours_3,0.09150915091509151,N=10000,10000,3.043421745300293,0.08883626414067876,0.0026728867744127555,udd1,7282,0.0994232354,0.0035065414537082825,Uses total age-cell frequency,0.7622572867593196
33,hours_3,0.09530953095309531,N=10000,10000,3.043421745300293,0.0891830397103609,0.006126491242734414,udd1,9171,0.1036964344,0.003183472679039799,Uses total age-cell frequency,1.9244679821101183
34,hours_3,0.09160916091609161,N=10000,10000,3.043421745300293,0.08942448597850387,0.002184674937587741,udd1,11180,0.0994633274,0.0028304878291297345,Uses total age-cell frequency,0.7718368950766498
35,hours_3,0.09112733820146043,N=10000,10000,3.043421745300293,0.09017164307524841,0.0009556951262120195,udd1,13112,0.1045607077,0.002672193236843696,Uses total age-cell frequency,0.3576444671122864
36,hours_3,0.09166416491544081,N=10000,10000,3.043421745300293,0.09027159940313982,0.0013925655123009917,udd1,17702,0.0982939781,0.002237611950357781,Uses total age-cell frequency,0.6223445097700379
37,hours_3,0.09028125312781503,N=10000,10000,3.043421745300293,0.09046414380719456,0.00018289067937952985,udd1,22115,0.0951842641,0.001973418425832658,Uses total age-cell frequency,0.09267709117612072
38,hours_3,0.08518518518518518,N=10000,10000,3.043421745300293,0.0911163122826099,0.0059311270974247154,udd1,26699,0.0934866474,0.0017816172041403198,Uses total age-cell frequency,3.329069276857736
39,hours_3,0.0935309433206489,N=10000,10000,3.043421745300293,0.09114437471756606,0.0023865686030828392,udd1,31731,0.0898490435,0.0016053567721710758,Uses total age-cell frequency,1.486628171665079
40,hours_3,0.091573990582106,N=10000,10000,3.043421745300293,0.0912933712193371,0.0002806193627688941,udd1,32214,0.0900540138,0.001594913069640975,Uses total age-cell frequency,0.17594649395660372
41,hours_3,0.09275042615060664,N=10000,10000,3.043421745300293,0.0917876431877401,0.0009627829628665319,udd1,32959,0.0858035741,0.0015427140527699578,Uses total age-cell frequency,0.624083874220142
42,hours_3,0.09330791612320659,N=10000,10000,3.043421745300293,0.09141170209561297,0.0018962140275936151,udd1,33929,0.085325238,0.0015166542007455748,Uses total age-cell frequency,1.2502612834629356
43,hours_3,0.09089995982322217,N=10000,10000,3.043421745300293,0.09139884374472328,0.0004988839215011032,udd1,34810,0.0850617639,0.0014952405601530551,Uses total age-cell frequency,0.33364793251063
44,hours_3,0.08954773869346734,N=10000,10000,3.043421745300293,0.09152444478879787,0.00197670609533053,udd1,35491,0.0792313544,0.0014337211201329695,Uses total age-cell frequency,1.3787242634377888
45,hours_3,0.0919424605170506,N=10000,10000,3.043421745300293,0.09182115945912998,0.00012130105792061696,udd1,36530,0.0787571859,0.0014093125372991154,Uses total age-cell frequency,0.08607108409968808
46,hours_3,0.0918706557872469,N=10000,10000,3.043421745300293,0.09177261803631638,9.803775093052136e-05,udd1,37648,0.0762324692,0.001367667053932353,Uses total age-cell frequency,0.07168246880601575
47,hours_3,0.08856163001815615,N=10000,10000,3.043421745300293,0.09215833103430156,0.003596701016145412,udd1,38609,0.0751897226,0.0013420271080220347,Uses total age-cell frequency,2.6800509428207153
48,hours_3,0.09401536595228467,N=10000,10000,3.043421745300293,0.0923299193688823,0.0016854465834023752,udd1,39731,0.0714555385,0.0012922738380231288,Uses total age-cell frequency,1.3042487852115825
49,hours_3,0.08824721377912867,N=10000,10000,3.043421745300293,0.09234655574718474,0.004099341968056072,udd1,40045,0.070320889,0.0012777166780465119,Uses total age-cell frequency,3.2083340841441585
50,hours_3,0.08753935208693003,N=10000,10000,3.043421745300293,0.09212030130233542,0.004580949215405389,udd1,40332,0.0698204899,0.0012689658976204653,Uses total age-cell frequency,3.6099860713321577
51,hours_3,0.09253792120533443,N=10000,10000,3.043421745300293,0.09096016108887926,0.0015777601164551625,udd1,40778,0.066874295,0.0012370484918612407,Uses total age-cell frequency,1.2754230144052747
52,hours_3,0.08884803921568628,N=10000,10000,3.043421745300293,0.08901595910575016,0.0001679198900638862,udd1,41035,0.0671134397,0.0012352132688172822,Uses total age-cell frequency,0.1359440465083974
53,hours_3,0.08806963645673323,N=10000,10000,3.043421745300293,0.08673075206461482,0.0013388843921184057,udd1,41296,0.0668829911,0.001229339688759101,Uses total age-cell frequency,1.0891085713419693
54,hours_3,0.07958868894601542,N=10000,10000,3.043421745300293,0.08385782662064306,0.004269137674627638,udd1,42101,0.0644402746,0.0011966530286784312,Uses total age-cell frequency,3.5675651774703825
55,hours_3,0.07917828016929906,N=10000,10000,3.043421745300293,0.08079073143795486,0.001612451268655793,udd1,42583,0.0643684099,0.001189243267493641,Uses total age-cell frequency,1.3558632726625168
56,hours_3,0.07565379825653798,N=10000,10000,3.043421745300293,0.07807344862834396,0.002419650371805984,udd1,42538,0.0642954535,0.0011892439982196489,Uses total age-cell frequency,2.0346122203923738
57,hours_3,0.07464553794829024,N=10000,10000,3.043421745300293,0.07427807106938203,0.00036746687890820695,udd1,41686,0.0635465144,0.0011947962755573247,Uses total age-cell frequency,0.30755609673858275
58,hours_3,0.06348873755893138,N=10000,10000,3.043421745300293,0.07065510190579109,0.007166364346859716,udd1,40096,0.061277933,0.001197760654211734,Uses total age-cell frequency,5.983135546872692
59,hours_3,0.07192502106149957,N=10000,10000,3.043421745300293,0.06647471246507881,0.005450308596420761,udd1,38600,0.0641450777,0.001247074158234503,Uses total age-cell frequency,4.370476735831673
60,hours_3,0.0656763925729443,N=10000,10000,3.043421745300293,0.06208009572566591,0.003596296847278392,udd1,36987,0.0634276908,0.0012673178537371092,Uses total age-cell frequency,2.837722862242895
61,hours_3,0.05797411487859664,N=10000,10000,3.043421745300293,0.05800386871267137,2.975383407473331e-05,udd1,35482,0.0656389155,0.0013147222828494647,Uses total age-cell frequency,0.022631269328033526
62,hours_3,0.05317769130998703,N=10000,10000,3.043421745300293,0.05288545831177799,0.00029223299820903964,udd1,34081,0.0674569408,0.0013585999782640566,Uses total age-cell frequency,0.21509863306669466
63,hours_3,0.04602966841186736,N=10000,10000,3.043421745300293,0.048515555769232874,0.0024858873573655113,udd1,32751,0.0684864584,0.0013956761529034037,Uses total age-cell frequency,1.7811347941957438
64,hours_3,0.041478212906784336,N=10000,10000,3.043421745300293,0.04461840221943419,0.003140189312649852,udd1,31813,0.0596925785,0.0013282896504643858,Uses total age-cell frequency,2.3640847548213633
65,hours_3,0.04042434394193188,N=10000,10000,3.043421745300293,0.04162969453006086,0.001205350588128977,udd1,31074,0.0552873785,0.0012964753893933939,Uses total age-cell frequency,0.9297134353571854
66,hours_3,0.03120054261813249,N=10000,10000,3.043421745300293,0.03283432376712786,0.001633781148995369,udd1,30479,0.0468191214,0.0012100377895715012,Uses total age-cell frequency,1.3501901866832802
67,hours_3,0.02483044028049201,N=10000,10000,3.043421745300293,0.026696996329421498,0.0018665560489294873,udd1,30295,0.039973593,0.0011254927565131358,Uses total age-cell frequency,1.6584345284568718
68,hours_3,0.02125175151798225,N=10000,10000,3.043421745300293,0.022553573492313458,0.0013018219743312076,udd1,29842,0.0289859929,0.000971164670636326,Uses total age-cell frequency,1.3404750128299339
69,hours_3,0.018430439952437573,N=10000,10000,3.043421745300293,0.018666308537227436,0.00023586858478986256,udd1,29091,0.022721804,0.0008736775659181141,Uses total age-cell frequency,0.2699721201402228
70,hours_3,0.015046717631355419,N=10000,10000,3.043421745300293,0.016047941360819842,0.0010012237294644236,udd1,28733,0.0184108864,0.0007930703788629058,Uses total age-cell frequency,1.2624651684759245
71,hours_3,0.011661084232725468,N=10000,10000,3.043421745300293,0.01299689452539277,0.0013358102926673016,udd1,28201,0.0150349278,0.0007246508972931206,Uses total age-cell frequency,1.8433845837452507
72,hours_3,0.009531071292413268,N=10000,10000,3.043421745300293,0.010810652931435596,0.0012795816390223282,udd1,27755,0.011385336,0.0006368187385093998,Uses total age-cell frequency,2.0093341505896043
73,hours_3,0.006928104575163399,N=10000,10000,3.043421745300293,0.008727815281241197,0.0017997107060777982,udd1,27615,0.00854608,0.0005539202220604675,Uses total age-cell frequency,3.2490431553180175
74,hours_3,0.007675733907891193,N=10000,10000,3.043421745300293,0.007044751572741125,0.0006309823351500687,udd1,27541,0.0076249955,0.0005241647987015627,Uses total age-cell frequency,1.2037861693748027
75,hours_3,0.0052865887590428495,N=10000,10000,3.043421745300293,0.005250958602003447,3.563015703940235e-05,udd1,27329,0.0064034542,0.0004825033355883769,Uses total age-cell frequency,0.07384437455951269
76,hours_3,0.004334633723450368,N=10000,10000,3.043421745300293,0.004442657582491059,0.00010802385904069064,udd1,25186,0.0048042563,0.00043570018026375354,Uses total age-cell frequency,0.24793163724490036
77,hours_3,0.00374195479718605,N=10000,10000,3.043421745300293,0.003469304458476387,0.0002726503387096629,udd1,22442,0.0043222529,0.00043790883630197123,Uses total age-cell frequency,0.6226189473866882
78,hours_3,0.003745902918682691,N=10000,10000,3.043421745300293,0.00269070826537228,0.0010551946533104107,udd1,19392,0.0028877888,0.00038533941174575495,Uses total age-cell frequency,2.738351233085452
79,hours_3,0.0026337448559670784,N=10000,10000,3.043421745300293,0.002231910710365013,0.00040183414560206535,udd1,16359,0.00311755,0.0004358633101230322,Uses total age-cell frequency,0.921926980935006
80,hours_3,0.001566579634464752,N=10000,10000,3.043421745300293,0.0018614307022670378,0.00029485106780228576,udd1,13610,0.0031594416,0.0004810485981348847,Uses total age-cell frequency,0.6129340547825697
81,hours_3,0.0020351526364477336,N=10000,10000,3.043421745300293,0.0016392287465833949,0.00039592388986433875,udd1,11239,0.0020464454,0.0004262765184553196,Uses total age-cell frequency,0.9287959170236062
82,hours_3,0.0009867771857114663,N=10000,10000,3.043421745300293,0.0015437457462661394,0.0005569685605546731,udd1,7491,0.0017354158,0.00048089992231491055,Uses total age-cell frequency,1.1581797682012311
83,hours_3,0.0014906303236797275,N=10000,10000,3.043421745300293,0.0016700845306549254,0.00017945420697519795,udd1,4499,0.0017781729,0.0006281198639504679,Uses total age-cell frequency,0.28570057607563465
84,hours_3,0.19851748899698865,N=10000,10000,3.043421745300293,0.20001952248921034,0.0015020334922216938,udd1,1982,0.0005045409,0.0005044135870906817,Uses total age-cell frequency,2.977781587694749
30,hours_4,0.4218,N=10000,10000,3.043421745300293,0.418378,0.0034219999999999806,udd1,2840,0.4059859155,0.00921498610874567,Uses total age-cell frequency,0.37135161785564297
31,hours_4,0.4472,N=10000,10000,3.043421745300293,0.444428,0.0027719999999999967,udd1,5097,0.4190700412,0.006911111146729345,Uses total age-cell frequency,0.4010932455212841
32,hours_4,0.46494649464946497,N=10000,10000,3.043421745300293,0.46123413923868345,0.0037123554107815204,udd1,7282,0.4290030211,0.0057999165270096065,Uses total age-cell frequency,0.640070489548163
33,hours_4,0.47654765476547656,N=10000,10000,3.043421745300293,0.47222074980122314,0.00432690496425342,udd1,9171,0.4334314688,0.005174615648613852,Uses total age-cell frequency,0.8361790049880299
34,hours_4,0.48434843484348433,N=10000,10000,3.043421745300293,0.48042392081743296,0.003924514026051373,udd1,11180,0.4432915921,0.004698267450558872,Uses total age-cell frequency,0.8353109028700657
35,hours_4,0.47784335300590175,N=10000,10000,3.043421745300293,0.4880832322844257,0.010239879278523933,udd1,13112,0.442419158,0.0043374692990578384,Uses total age-cell frequency,2.3607957941623203
36,hours_4,0.4956469528670069,N=10000,10000,3.043421745300293,0.49642374270562606,0.0007767898386191741,udd1,17702,0.4876285166,0.003756867296173463,Uses total age-cell frequency,0.20676531199554724
37,hours_4,0.5133620258232409,N=10000,10000,3.043421745300293,0.5034252917980204,0.00993673402522044,udd1,22115,0.5167533348,0.0033603352287813176,Uses total age-cell frequency,2.957066289134541
38,hours_4,0.5134134134134134,N=10000,10000,3.043421745300293,0.5095068267879694,0.003906586625443964,udd1,26699,0.5410314993,0.003049686645988458,Uses total age-cell frequency,1.2809796805132974
39,hours_4,0.513018225515722,N=10000,10000,3.043421745300293,0.5142677358492457,0.0012495103335237179,udd1,31731,0.5606819829,0.0027861591994010637,Uses total age-cell frequency,0.44847054460934005
40,hours_4,0.5179841699228535,N=10000,10000,3.043421745300293,0.5209459202027716,0.002961750279918185,udd1,32214,0.5623641895,0.002764031114803372,Uses total age-cell frequency,1.0715329013685428
41,hours_4,0.5184999498646345,N=10000,10000,3.043421745300293,0.5265425948723814,0.008042645007746874,udd1,32959,0.5695257744,0.002727364950947533,Uses total age-cell frequency,2.948870119106254
42,hours_4,0.526738236179392,N=10000,10000,3.043421745300293,0.531910150719457,0.005171914540065048,udd1,33929,0.5774706004,0.0026816856978213095,Uses total age-cell frequency,1.9286057811573083
43,hours_4,0.5374648453194054,N=10000,10000,3.043421745300293,0.5374576857204886,7.1595989168393714e-06,udd1,34810,0.5814421143,0.00264410681206735,Uses total age-cell frequency,0.0027077570709942273
44,hours_4,0.5447236180904522,N=10000,10000,3.043421745300293,0.5425538658759059,0.0021697522145462944,udd1,35491,0.5851060832,0.00261533136470357,Uses total age-cell frequency,0.8296280325427218
45,hours_4,0.5350568353284377,N=10000,10000,3.043421745300293,0.5470007022323331,0.011943866903895373,udd1,36530,0.5940323022,0.0025693657707320863,Uses total age-cell frequency,4.648566210365689
46,hours_4,0.5500151103052282,N=10000,10000,3.043421745300293,0.5509605741854642,0.0009454638802359749,udd1,37648,0.597641309,0.0025272956073500163,Uses total age-cell frequency,0.3741010262061653
47,hours_4,0.5575953197498487,N=10000,10000,3.043421745300293,0.5556107996891507,0.0019845200606979363,udd1,38609,0.6019062913,0.0024912242449413777,Uses total age-cell frequency,0.7966043461272733
48,hours_4,0.5642943792964011,N=10000,10000,3.043421745300293,0.5600207753708586,0.004273603925542546,udd1,39731,0.6046663814,0.0024528728566577266,Uses total age-cell frequency,1.7422851388089229
49,hours_4,0.5642350557244175,N=10000,10000,3.043421745300293,0.5628385918636502,0.0013964638607673052,udd1,40045,0.5996503933,0.0024484690323141535,Uses total age-cell frequency,0.570341647101596
50,hours_4,0.5744896922920687,N=10000,10000,3.043421745300293,0.5649154417446902,0.009574250547378482,udd1,40332,0.596523852,0.0024428565249446994,Uses total age-cell frequency,3.919284841173888
51,hours_4,0.5669347449862567,N=10000,10000,3.043421745300293,0.5649193281166365,0.002015416869620257,udd1,40778,0.5959831282,0.0024299860072059254,Uses total age-cell frequency,0.8293944342246015
52,hours_4,0.5689338235294118,N=10000,10000,3.043421745300293,0.564203011032408,0.0047308124970038,udd1,41035,0.5937126843,0.00242453008113409,Uses total age-cell frequency,1.9512286252150481
53,hours_4,0.5611879160266257,N=10000,10000,3.043421745300293,0.5612048383141621,1.6922287536469405e-05,udd1,41296,0.5899118559,0.0024203500164373796,Uses total age-cell frequency,0.006991669560825781
54,hours_4,0.560719794344473,N=10000,10000,3.043421745300293,0.5560634581956881,0.004656336148784912,udd1,42101,0.5911261015,0.0023960096120189487,Uses total age-cell frequency,1.9433712308279703
55,hours_4,0.550944564880768,N=10000,10000,3.043421745300293,0.5508461781865336,9.838669423445356e-05,udd1,42583,0.5930300824,0.002380682003539841,Uses total age-cell frequency,0.04132710462302911
56,hours_4,0.5463885429638854,N=10000,10000,3.043421745300293,0.5416233825594827,0.0047651604044026685,udd1,42538,0.5879213879,0.0023864983224430717,Uses total age-cell frequency,1.9967164274075613
57,hours_4,0.536488740617181,N=10000,10000,3.043421745300293,0.5322602201914564,0.004228520425724636,udd1,41686,0.5844887972,0.0024137059022581874,Uses total age-cell frequency,1.7518788936831802
58,hours_4,0.5266631744368779,N=10000,10000,3.043421745300293,0.5179147723752183,0.00874840206165961,udd1,40096,0.5800079808,0.0024648300440511376,Uses total age-cell frequency,3.5492922048616946
59,hours_4,0.49926284751474304,N=10000,10000,3.043421745300293,0.5022540877471701,0.002991240232427028,udd1,38600,0.5647927461,0.002523474761481624,Uses total age-cell frequency,1.1853656228647051
60,hours_4,0.47564986737400533,N=10000,10000,3.043421745300293,0.48335925548596853,0.0077093881119632,udd1,36987,0.5478681699,0.002587891250822338,Uses total age-cell frequency,2.9790232141761894
61,hours_4,0.4599422398117446,N=10000,10000,3.043421745300293,0.4636254107690971,0.0036831709573524885,udd1,35482,0.5160926667,0.002653022297651055,Uses total age-cell frequency,1.3882924996949748
62,hours_4,0.43817552961521833,N=10000,10000,3.043421745300293,0.44165337269935,0.003477843084131682,udd1,34081,0.4794166838,0.002706110521891471,Uses total age-cell frequency,1.2851814646878499
63,hours_4,0.41535776614310643,N=10000,10000,3.043421745300293,0.4187377279715382,0.0033799618284317545,udd1,32751,0.4251167903,0.002731691547452209,Uses total age-cell frequency,1.237314597830115
64,hours_4,0.39238830667402097,N=10000,10000,3.043421745300293,0.39078652082486615,0.0016017858491548242,udd1,31813,0.3605758652,0.0026920959002591,Uses total age-cell frequency,0.5949958354012057
65,hours_4,0.3507537688442211,N=10000,10000,3.043421745300293,0.3472952041644223,0.0034585646797988256,udd1,31074,0.2824226041,0.0025537919916284466,Uses total age-cell frequency,1.354285975966838
66,hours_4,0.2416911598462582,N=10000,10000,3.043421745300293,0.23821583795906862,0.0034753218871895752,udd1,30479,0.2089635487,0.0023288051817227096,Uses total age-cell frequency,1.4923197159063095
67,hours_4,0.18369927577882514,N=10000,10000,3.043421745300293,0.18465020363381526,0.0009509278549901246,udd1,30295,0.1331572867,0.0019519430457098721,Uses total age-cell frequency,0.48716987776879334
68,hours_4,0.15530126109294723,N=10000,10000,3.043421745300293,0.1574057320163852,0.002104470923437962,udd1,29842,0.0862877823,0.0016254192792777352,Uses total age-cell frequency,1.2947249674392298
69,hours_4,0.1426872770511296,N=10000,10000,3.043421745300293,0.1373874061247265,0.005299870926403105,udd1,29091,0.0607748101,0.0014007716578385027,Uses total age-cell frequency,3.7835366647703377
70,hours_4,0.12013105205678923,N=10000,10000,3.043421745300293,0.11852951053596997,0.0016015415208192607,udd1,28733,0.0449309157,0.0012220797334726802,Uses total age-cell frequency,1.3105049342961415
71,hours_4,0.10606624488276889,N=10000,10000,3.043421745300293,0.10196019143404522,0.004106053448723668,udd1,28201,0.0328002553,0.0010606313122945468,Uses total age-cell frequency,3.87132965162109
72,hours_4,0.09213368915999491,N=10000,10000,3.043421745300293,0.0874414576412382,0.004692231518756709,udd1,27755,0.0247162673,0.0009319364882404979,Uses total age-cell frequency,5.034926283029944
73,hours_4,0.0780392156862745,N=10000,10000,3.043421745300293,0.07443162254937763,0.003607593136896875,udd1,27615,0.020822017,0.0008592503039551779,Uses total age-cell frequency,4.19853577041628
74,hours_4,0.0627524912469701,N=10000,10000,3.043421745300293,0.06358953136211071,0.0008370401151406026,udd1,27541,0.017283323,0.000785304224416068,Uses total age-cell frequency,1.0658800616576387
75,hours_4,0.052170283806343906,N=10000,10000,3.043421745300293,0.053799758075379935,0.0016294742690360284,udd1,27329,0.0127337261,0.0006782394270407979,Uses total age-cell frequency,2.4025059648117613
76,hours_4,0.0411790203727785,N=10000,10000,3.043421745300293,0.045524631315620345,0.004345610942841846,udd1,25186,0.0106011276,0.0006453304190122713,Uses total age-cell frequency,6.733931664794515
77,hours_4,0.041610537344708876,N=10000,10000,3.043421745300293,0.03868604595327843,0.002924491391430445,udd1,22442,0.009535692,0.0006487311375715493,Uses total age-cell frequency,4.508017608616635
78,hours_4,0.03449352270953644,N=10000,10000,3.043421745300293,0.03331517550042621,0.0011783472091102323,udd1,19392,0.0084570957,0.0006575898130504886,Uses total age-cell frequency,1.7919182835938503
79,hours_4,0.03176954732510288,N=10000,10000,3.043421745300293,0.029878218895633413,0.0018913284294694646,udd1,16359,0.007090898,0.0006560349681438074,Uses total age-cell frequency,2.882968928959397
80,hours_4,0.03359442993907746,N=10000,10000,3.043421745300293,0.027199218443341503,0.006395211495735954,udd1,13610,0.006098457,0.0006673483680921346,Uses total age-cell frequency,9.583018107947222
81,hours_4,0.027752081406105456,N=10000,10000,3.043421745300293,0.027134427883206805,0.0006176535228986507,udd1,11239,0.0057834327,0.000715269168667739,Uses total age-cell frequency,0.863525998260337
82,hours_4,0.03078744819419775,N=10000,10000,3.043421745300293,0.030859040933073265,7.159273887551512e-05,udd1,7491,0.0042717928,0.0007535387600949321,Uses total age-cell frequency,0.09500870116687261
83,hours_4,0.024914821124361157,N=10000,10000,3.043421745300293,0.030790713389116865,0.0058758922647557076,udd1,4499,0.0040008891,0.0009411302557820629,Uses total age-cell frequency,6.2434421044863155
84,hours_4,0.19898077368542968,N=10000,10000,3.043421745300293,0.19992888236073378,0.0009481086753040935,udd1,1982,0.0065590313,0.0018131722328885006,Uses total age-cell frequency,0.5229005044896894
30,work_work,0.5597,N=10000,10000,3.043421745300293,0.561155,0.001454999999999984,udd1,2840,,,Approximate: uses total age-cell frequency,
31,work_work,0.5601,N=10000,10000,3.043421745300293,0.545674,0.01442600000000005,udd1,5097,0.6723826715,0.0065740707206424585,Approximate: uses total age-cell frequency,2.1943785841400643
32,work_work,0.5741574157415742,N=10000,10000,3.043421745300293,0.5618879706225899,0.012269445118984312,udd1,7282,0.6603319702,0.0055498744802939615,Approximate: uses total age-cell frequency,2.2107608311772906
33,work_work,0.5958595859585959,N=10000,10000,3.043421745300293,0.576458821940962,0.01940076401763391,udd1,9171,0.6692446931,0.0049128955598924055,Approximate: uses total age-cell frequency,3.948946966431909
34,work_work,0.5985598559855986,N=10000,10000,3.043421745300293,0.5881586252081843,0.010401230777414283,udd1,11180,0.6661116803,0.00446018873057357,Approximate: uses total age-cell frequency,2.332015841867012
35,work_work,0.5920776232869861,N=10000,10000,3.043421745300293,0.5977232980762689,0.005645674789282795,udd1,13112,0.6699896158,0.004106420018226304,Approximate: uses total age-cell frequency,1.3748410450525093
36,work_work,0.6063244270989693,N=10000,10000,3.043421745300293,0.6065066166013997,0.00018218950243042986,udd1,17702,0.6784866234,0.0035104193512207438,Approximate: uses total age-cell frequency,0.051899640527868475
37,work_work,0.6172555299769793,N=10000,10000,3.043421745300293,0.6150939089572156,0.002161621019763693,udd1,22115,0.7102259215,0.0030505950015394375,Approximate: uses total age-cell frequency,0.7085899697183216
38,work_work,0.627927927927928,N=10000,10000,3.043421745300293,0.6223168314650178,0.005611096462910137,udd1,26699,0.7299515991,0.0027171920762399143,Approximate: uses total age-cell frequency,2.0650348983332987
39,work_work,0.6314840777087923,N=10000,10000,3.043421745300293,0.6286681342376563,0.0028159434711360065,udd1,31731,0.7458161438,0.0024442633303284507,Approximate: uses total age-cell frequency,1.15206223331003
40,work_work,0.6343051798416992,N=10000,10000,3.043421745300293,0.6353869846738147,0.0010818048321155072,udd1,32214,0.7468616044,0.002422572321862663,Approximate: uses total age-cell frequency,0.44655213070532035
41,work_work,0.6368194124135165,N=10000,10000,3.043421745300293,0.6430753671435494,0.006255954730032931,udd1,32959,0.746649244,0.0023956998403133114,Approximate: uses total age-cell frequency,2.61132660476146
42,work_work,0.6376040935085783,N=10000,10000,3.043421745300293,0.6498107220676982,0.012206628559119914,udd1,33929,0.7506724827,0.002348685272502447,Approximate: uses total age-cell frequency,5.197217652799497
43,work_work,0.6567898754519887,N=10000,10000,3.043421745300293,0.6554893983130573,0.001300477138931444,udd1,34810,0.7516776153,0.00231564367494827,Approximate: uses total age-cell frequency,0.5616050314651695
44,work_work,0.6690452261306533,N=10000,10000,3.043421745300293,0.6609969098752178,0.008048316255435561,udd1,35491,0.7511925337,0.0022948178405947112,Approximate: uses total age-cell frequency,3.507169986681735
45,work_work,0.6611004929081581,N=10000,10000,3.043421745300293,0.6666058804149719,0.005505387506813841,udd1,36530,0.7543883338,0.0022521491127892946,Approximate: uses total age-cell frequency,2.4445039964495954
46,work_work,0.6613276921527148,N=10000,10000,3.043421745300293,0.6713930293045245,0.010065337151809683,udd1,37648,0.7576997349,0.0022082821266600438,Approximate: uses total age-cell frequency,4.5579942120136545
47,work_work,0.6735928989308049,N=10000,10000,3.043421745300293,0.6768996318517463,0.003306732920941413,udd1,38609,0.7577128754,0.0021805860269879717,Approximate: uses total age-cell frequency,1.5164423141374432
48,work_work,0.6817630408410837,N=10000,10000,3.043421745300293,0.6812114511576296,0.0005515896834541456,udd1,39731,0.7561473508,0.0021542802923518794,Approximate: uses total age-cell frequency,0.25604360092435413
49,work_work,0.6862208713272543,N=10000,10000,3.043421745300293,0.6854377599675358,0.0007831113597185357,udd1,40045,0.7491597922,0.00216626537038045,Approximate: uses total age-cell frequency,0.3615029674693096
50,work_work,0.692698283741241,N=10000,10000,3.043421745300293,0.6886657772933223,0.004032506447918638,udd1,40332,0.7449686671,0.0021704055664326836,Approximate: uses total age-cell frequency,1.8579506569118027
51,work_work,0.6958159421765245,N=10000,10000,3.043421745300293,0.6879800168225728,0.007835925353951723,udd1,40778,0.73708627,0.0021799816266490682,Approximate: uses total age-cell frequency,3.594491466424246
52,work_work,0.6958741830065359,N=10000,10000,3.043421745300293,0.6844704720242715,0.011403710982264448,udd1,41035,0.7332190971,0.0021833181952265746,Approximate: uses total age-cell frequency,5.223109946684168
53,work_work,0.6826420890937019,N=10000,10000,3.043421745300293,0.6783787194617072,0.004263369631994696,udd1,41296,0.7302130898,0.002184143912406664,Approximate: uses total age-cell frequency,1.9519636997257084
54,work_work,0.6734190231362468,N=10000,10000,3.043421745300293,0.6687886676497483,0.004630355486498483,udd1,42101,0.7277731347,0.002169288406902525,Approximate: uses total age-cell frequency,2.1345043249044315
55,work_work,0.6617115722101786,N=10000,10000,3.043421745300293,0.6569064395576669,0.004805132652511701,udd1,42583,0.7300996078,0.002151169779622585,Approximate: uses total age-cell frequency,2.2337300839893466
56,work_work,0.6446658364466583,N=10000,10000,3.043421745300293,0.6428209326097616,0.0018449038368967274,udd1,42538,0.7255845362,0.002163514280890745,Approximate: uses total age-cell frequency,0.8527347626922795
57,work_work,0.6330275229357798,N=10000,10000,3.043421745300293,0.6255387841021101,0.007488738833669739,udd1,41686,0.7195160232,0.0022002860789693173,Approximate: uses total age-cell frequency,3.403529616102329
58,work_work,0.6095337873232058,N=10000,10000,3.043421745300293,0.6050842099846356,0.00444957733857021,udd1,40096,0.7155067517,0.0022531615190435656,Approximate: uses total age-cell frequency,1.974815076931986
59,work_work,0.586352148272957,N=10000,10000,3.043421745300293,0.5803898065554051,0.005962341717551944,udd1,38600,0.7042536736,0.002322900393663822,Approximate: uses total age-cell frequency,2.566765985237865
60,work_work,0.5525729442970823,N=10000,10000,3.043421745300293,0.5532756126304225,0.0007026683333402062,udd1,36987,0.692141219,0.002400206324669604,Approximate: uses total age-cell frequency,0.2927533046297304
61,work_work,0.524548080008557,N=10000,10000,3.043421745300293,0.523296495092228,0.0012515849163290405,udd1,35482,0.6680743243,0.002499935298813833,Approximate: uses total age-cell frequency,0.500646923511537
62,work_work,0.48811067877215736,N=10000,10000,3.043421745300293,0.4902313691451528,0.0021206903729954485,udd1,34081,0.6330191334,0.0026108021689551656,Approximate: uses total age-cell frequency,0.8122753988074638
63,work_work,0.45320680628272253,N=10000,10000,3.043421745300293,0.45643914767518473,0.0032323413924622013,udd1,32751,0.5905721693,0.002717145444577835,Approximate: uses total age-cell frequency,1.1896092639841784
64,work_work,0.41963596249310536,N=10000,10000,3.043421745300293,0.41944832217137,0.0001876403217353495,udd1,31813,0.5234845597,0.0028001939585507196,Approximate: uses total age-cell frequency,0.06700975879273215
65,work_work,0.3748743718592965,N=10000,10000,3.043421745300293,0.3722812907205711,0.002593081138725417,udd1,31074,0.451007183,0.002822776412639654,Approximate: uses total age-cell frequency,0.9186278895892279
66,work_work,0.3031878815283744,N=10000,10000,3.043421745300293,0.30435885214591474,0.0011709706175403456,udd1,30479,0.3638179712,0.002755703039724757,Approximate: uses total age-cell frequency,0.4249262713217835
67,work_work,0.23381997930796644,N=10000,10000,3.043421745300293,0.23377047108629592,4.950822167051894e-05,udd1,30295,0.2869565217,0.0025988461920787285,Approximate: uses total age-cell frequency,0.019050077615758783
68,work_work,0.1811069593647828,N=10000,10000,3.043421745300293,0.18382096291618172,0.002714003551398919,udd1,29842,0.2166905885,0.002384914059505271,Approximate: uses total age-cell frequency,1.137987987693743
69,work_work,0.15208085612366232,N=10000,10000,3.043421745300293,0.1505391551552218,0.0015417009684405292,udd1,29091,0.1757674887,0.0022315921199712293,Approximate: uses total age-cell frequency,0.6908524880704479
70,work_work,0.12425676495570925,N=10000,10000,3.043421745300293,0.12422757840602007,2.918654968918355e-05,udd1,28733,0.1487553905,0.0020992929975565833,Approximate: uses total age-cell frequency,0.013903037700385064
71,work_work,0.10135218955464582,N=10000,10000,3.043421745300293,0.10116833258567318,0.00018385696897264825,udd1,28201,0.1242171641,0.0019640691104851186,Approximate: uses total age-cell frequency,0.09361023397350625
72,work_work,0.08476299402719532,N=10000,10000,3.043421745300293,0.0812024422703768,0.0035605517568185197,udd1,27755,0.1086475482,0.001867944984217995,Approximate: uses total age-cell frequency,1.9061330964782806
73,work_work,0.06901960784313725,N=10000,10000,3.043421745300293,0.06500735577976482,0.004012252063372426,udd1,27615,0.0970778497,0.0017816102549106615,Approximate: uses total age-cell frequency,2.2520369156573024
74,work_work,0.055615405332615137,N=10000,10000,3.043421745300293,0.0519535312438696,0.0036618740887455342,udd1,27541,0.0861905835,0.0016910944814589534,Approximate: uses total age-cell frequency,2.1653870489757234
75,work_work,0.04521424596549805,N=10000,10000,3.043421745300293,0.04049945907210381,0.004714786893394239,udd1,27329,0.078566939,0.0016275709947572911,Approximate: uses total age-cell frequency,2.8968241069553615
76,work_work,0.033810143042912875,N=10000,10000,3.043421745300293,0.03153379042414915,0.002276352618763723,udd1,25186,0.0695135434,0.0016025446626705602,Approximate: uses total age-cell frequency,1.4204612650048054
77,work_work,0.024247867085765602,N=10000,10000,3.043421745300293,0.024478703992701255,0.0002308369069356532,udd1,22442,0.0632012352,0.0016242585397078944,Approximate: uses total age-cell frequency,0.14211832740443325
78,work_work,0.018417356016856564,N=10000,10000,3.043421745300293,0.019208580125493126,0.0007912241086365616,udd1,19392,0.056398872,0.0016566018173123271,Approximate: uses total age-cell frequency,0.4776187617132068
79,work_work,0.015637860082304528,N=10000,10000,3.043421745300293,0.014868949532734965,0.0007689105495695629,udd1,16359,0.0523964833,0.0017421519259807428,Approximate: uses total age-cell frequency,0.4413567715322562
80,work_work,0.014099216710182768,N=10000,10000,3.043421745300293,0.012009455439930917,0.002089761270251851,udd1,13610,0.0474093264,0.0018216124775568378,Approximate: uses total age-cell frequency,1.1472040820968996
81,work_work,0.012210915818686401,N=10000,10000,3.043421745300293,0.009942923686855388,0.002267992131831013,udd1,11239,0.0412920761,0.0018767770426771275,Approximate: uses total age-cell frequency,1.208450487328978
82,work_work,0.009078350108545491,N=10000,10000,3.043421745300293,0.00966726127995968,0.0005889111714141894,udd1,7491,0.0362027353,0.002158209692576769,Approximate: uses total age-cell frequency,0.27287022824509044
83,work_work,0.011286201022146508,N=10000,10000,3.043421745300293,0.012511734428760524,0.001225533406614016,udd1,4499,0.0355386679,0.0027601646284504144,Approximate: uses total age-cell frequency,0.4440073588299127
84,work_work,0.05096131572851517,N=10000,10000,3.043421745300293,0.06095432434756538,0.009993008619050212,udd1,1982,0.0344478217,0.004096537466321932,Approximate: uses total age-cell frequency,2.4393792809668633
30,nowork_nowork,0.1288,N=10000,10000,3.043421745300293,0.136219,0.007419000000000009,udd1,2840,,,Approximate: uses total age-cell frequency,
31,nowork_nowork,0.1609,N=10000,10000,3.043421745300293,0.164972,0.00407200000000002,udd1,5097,0.2378158845,0.0059633878968959365,Approximate: uses total age-cell frequency,0.6828333273640607
32,nowork_nowork,0.14391439143914392,N=10000,10000,3.043421745300293,0.15418140070723393,0.010267009268090016,udd1,7282,0.2383930719,0.004993291505791284,Approximate: uses total age-cell frequency,2.056160601916032
33,nowork_nowork,0.13731373137313732,N=10000,10000,3.043421745300293,0.1443534877208423,0.007039756347704984,udd1,9171,0.2363008063,0.004435937525928501,Approximate: uses total age-cell frequency,1.586982753151256
34,nowork_nowork,0.133013301330133,N=10000,10000,3.043421745300293,0.1374041601856529,0.004390858855519902,udd1,11180,0.2392418033,0.004034790150820682,Approximate: uses total age-cell frequency,1.0882496217620625
35,nowork_nowork,0.12883865159547864,N=10000,10000,3.043421745300293,0.13133856786684756,0.0024999162713689183,udd1,13112,0.2414330218,0.0037373247017370875,Approximate: uses total age-cell frequency,0.6689052921216535
36,nowork_nowork,0.1286900830581407,N=10000,10000,3.043421745300293,0.1259340951873895,0.0027559878707512087,udd1,17702,0.2296184898,0.00316115059146382,Approximate: uses total age-cell frequency,0.87183061705232
37,nowork_nowork,0.11520368331498348,N=10000,10000,3.043421745300293,0.12142441682943018,0.0062207335144467,udd1,22115,0.2094530321,0.0027362998878739083,Approximate: uses total age-cell frequency,2.2734107259274783
38,nowork_nowork,0.11351351351351352,N=10000,10000,3.043421745300293,0.11708444626051459,0.003570932747001071,udd1,26699,0.1965455063,0.0024320063456893955,Approximate: uses total age-cell frequency,1.4683073312412869
39,nowork_nowork,0.11335870218305628,N=10000,10000,3.043421745300293,0.11341244322514256,5.374104208627495e-05,udd1,31731,0.1839339924,0.002174962449571994,Approximate: uses total age-cell frequency,0.024708951686430506
40,nowork_nowork,0.10640216411181244,N=10000,10000,3.043421745300293,0.10977182171654078,0.003369657604728335,udd1,32214,0.1850505205,0.002163655792257215,Approximate: uses total age-cell frequency,1.5573907905254047
41,nowork_nowork,0.10718941141080919,N=10000,10000,3.043421745300293,0.10588142043442185,0.001307990976387341,udd1,32959,0.1879783461,0.0021520418080539284,Approximate: uses total age-cell frequency,0.6077906904467368
42,nowork_nowork,0.10173572790207686,N=10000,10000,3.043421745300293,0.1018465894827742,0.0001108615806973412,udd1,33929,0.188258815,0.002122271397809841,Approximate: uses total age-cell frequency,0.0522372307386082
43,nowork_nowork,0.09803133788670149,N=10000,10000,3.043421745300293,0.09839627875561845,0.0003649408689169603,udd1,34810,0.1874690966,0.0020918607704401918,Approximate: uses total age-cell frequency,0.1744575327736394
44,nowork_nowork,0.09467336683417085,N=10000,10000,3.043421745300293,0.09540445819174874,0.0007310913575778871,udd1,35491,0.1887659869,0.002077188114816216,Approximate: uses total age-cell frequency,0.3519620357747772
45,nowork_nowork,0.09415551755356603,N=10000,10000,3.043421745300293,0.09274101329002397,0.0014145042635420602,udd1,36530,0.1890359168,0.0020485574031201934,Approximate: uses total age-cell frequency,0.6904879801696571
46,nowork_nowork,0.09318021557368793,N=10000,10000,3.043421745300293,0.08997576620950021,0.0032044493641877198,udd1,37648,0.1884593984,0.0020155476580170323,Approximate: uses total age-cell frequency,1.5898653407880077
47,nowork_nowork,0.08967117207988703,N=10000,10000,3.043421745300293,0.08773913720116376,0.0019320348787232738,udd1,38609,0.1894440401,0.001994287185095793,Approximate: uses total age-cell frequency,0.9687846831500706
48,nowork_nowork,0.08582693085321472,N=10000,10000,3.043421745300293,0.08454927974664576,0.0012776511065689528,udd1,39731,0.1923850175,0.001977529902021881,Approximate: uses total age-cell frequency,0.6460843425237955
49,nowork_nowork,0.08358662613981763,N=10000,10000,3.043421745300293,0.08255351526833722,0.0010331108714804055,udd1,40045,0.1996333639,0.0019975005227955175,Approximate: uses total age-cell frequency,0.5172018027983085
50,nowork_nowork,0.08154767949629328,N=10000,10000,3.043421745300293,0.08148442647621063,6.325302008265699e-05,udd1,40332,0.2031513618,0.002003424161403428,Approximate: uses total age-cell frequency,0.03157245544964742
51,nowork_nowork,0.07818385421968849,N=10000,10000,3.043421745300293,0.08113373945403105,0.0029498852343425586,udd1,40778,0.2109614298,0.002020401516996144,Approximate: uses total age-cell frequency,1.460049009826688
52,nowork_nowork,0.0818014705882353,N=10000,10000,3.043421745300293,0.08312805426116407,0.0013265836729287744,udd1,41035,0.2166450012,0.002033651011381355,Approximate: uses total age-cell frequency,0.65231628509736
53,nowork_nowork,0.0840757808499744,N=10000,10000,3.043421745300293,0.08616746542558922,0.002091684575614816,udd1,41296,0.2208757757,0.0020413778776379094,Approximate: uses total age-cell frequency,1.024643501101872
54,nowork_nowork,0.09223650385604112,N=10000,10000,3.043421745300293,0.09063161623567598,0.0016048876203651474,udd1,42101,0.2236663881,0.00203085235708332,Approximate: uses total age-cell frequency,0.7902532228734063
55,nowork_nowork,0.09899865799525137,N=10000,10000,3.043421745300293,0.09667505640843221,0.0023236015868191573,udd1,42583,0.2249216964,0.0020233468516735018,Approximate: uses total age-cell frequency,1.1483950885125385
56,nowork_nowork,0.10554171855541719,N=10000,10000,3.043421745300293,0.10400651547008619,0.001535203085331005,udd1,42538,0.2267522017,0.0020302362081057045,Approximate: uses total age-cell frequency,0.7561696906013778
57,nowork_nowork,0.1104045037531276,N=10000,10000,3.043421745300293,0.11327413669245034,0.0028696329393227415,udd1,41686,0.233712867,0.00207272633816718,Approximate: uses total age-cell frequency,1.3844726563663154
58,nowork_nowork,0.11932949188056574,N=10000,10000,3.043421745300293,0.12539132936989275,0.00606183748932701,udd1,40096,0.2394717317,0.002131249445124024,Approximate: uses total age-cell frequency,2.8442646651219436
59,nowork_nowork,0.1357413647851727,N=10000,10000,3.043421745300293,0.13984117269641747,0.004099807911244757,udd1,38600,0.2504253674,0.0022052252053439635,Approximate: uses total age-cell frequency,1.859133435129263
60,nowork_nowork,0.1486472148541114,N=10000,10000,3.043421745300293,0.15790902442218085,0.009261809568069462,udd1,36987,0.2606027326,0.0022824635438857183,Approximate: uses total age-cell frequency,4.057812705434035
61,nowork_nowork,0.17798695047598673,N=10000,10000,3.043421745300293,0.17792859725370752,5.835322227920603e-05,udd1,35482,0.2778040541,0.0023778955105194003,Approximate: uses total age-cell frequency,0.024539859729353717
62,nowork_nowork,0.20028102031993084,N=10000,10000,3.043421745300293,0.20131107017699557,0.0010300498570647298,udd1,34081,0.3056767023,0.0024954902311029063,Approximate: uses total age-cell frequency,0.41276453188497925
63,nowork_nowork,0.2280759162303665,N=10000,10000,3.043421745300293,0.22842554177215466,0.0003496255417881622,udd1,32751,0.3404534998,0.0026184201177384928,Approximate: uses total age-cell frequency,0.13352538021672808
64,nowork_nowork,0.25890788747931603,N=10000,10000,3.043421745300293,0.25820801894294143,0.0006998685363746038,udd1,31813,0.3903164316,0.0027350064183156012,Approximate: uses total age-cell frequency,0.2558928314346075
65,nowork_nowork,0.2905639307649358,N=10000,10000,3.043421745300293,0.292677393615238,0.0021134628503021724,udd1,31074,0.467988757,0.0028306067261004274,Approximate: uses total age-cell frequency,0.7466465866891283
66,nowork_nowork,0.3375536965860276,N=10000,10000,3.043421745300293,0.34161984324389805,0.004066146657870473,udd1,30479,0.539813816,0.002854883751424113,Approximate: uses total age-cell frequency,1.4242774879510036
67,nowork_nowork,0.4214277503161283,N=10000,10000,3.043421745300293,0.417177618087508,0.004250132228620307,udd1,30295,0.6314256825,0.002771648662609021,Approximate: uses total age-cell frequency,1.5334310895737966
68,nowork_nowork,0.4919430172816441,N=10000,10000,3.043421745300293,0.4880513922629102,0.0038916250187338575,udd1,29842,0.7120360878,0.0026212356880075983,Approximate: uses total age-cell frequency,1.4846528439004592
69,nowork_nowork,0.5393579072532699,N=10000,10000,3.043421745300293,0.5390897886758996,0.0002681185773703021,udd1,29091,0.7710954538,0.002463212927763735,Approximate: uses total age-cell frequency,0.10884912723063596
70,nowork_nowork,0.5873073656109695,N=10000,10000,3.043421745300293,0.5839198099997454,0.003387555611224169,udd1,28733,0.8070961957,0.002327783363356363,Approximate: uses total age-cell frequency,1.4552709949519318
71,nowork_nowork,0.6305669271802505,N=10000,10000,3.043421745300293,0.6260740902297753,0.004492836950475199,udd1,28201,0.8336716624,0.0022174221883415916,Approximate: uses total age-cell frequency,2.0261531494078664
72,nowork_nowork,0.6628542381497013,N=10000,10000,3.043421745300293,0.666351731634716,0.0034974934850146022,udd1,27755,0.856346256,0.00210529306804352,Approximate: uses total age-cell frequency,1.6612858029618056
73,nowork_nowork,0.7033986928104575,N=10000,10000,3.043421745300293,0.7040263764698518,0.0006276836593942514,udd1,27615,0.8718269016,0.0020115973300965846,Approximate: uses total age-cell frequency,0.3120324579890519
74,nowork_nowork,0.738082413143011,N=10000,10000,3.043421745300293,0.7385715936483026,0.0004891805052915643,udd1,27541,0.8887136743,0.001895012070113755,Approximate: uses total age-cell frequency,0.2581411026380425
75,nowork_nowork,0.771841958820256,N=10000,10000,3.043421745300293,0.7703021557955667,0.001539803024689257,udd1,27329,0.8978180839,0.001832185008002886,Approximate: uses total age-cell frequency,0.8404189631306226
76,nowork_nowork,0.8062418725617685,N=10000,10000,3.043421745300293,0.7994939145822345,0.006747957979533981,udd1,25186,0.9088815183,0.0018133317839947713,Approximate: uses total age-cell frequency,3.7213035358969027
77,nowork_nowork,0.8286184702888789,N=10000,10000,3.043421745300293,0.8236762022520467,0.004942268036832176,udd1,22442,0.9167267113,0.0018443444032827103,Approximate: uses total age-cell frequency,2.6796882556400723
78,nowork_nowork,0.840955205244264,N=10000,10000,3.043421745300293,0.8457002827284472,0.00474507748418318,udd1,19392,0.9263214736,0.00187603108541212,Approximate: uses total age-cell frequency,2.5293170891892753
79,nowork_nowork,0.859917695473251,N=10000,10000,3.043421745300293,0.8631254343724154,0.0032077388991643696,udd1,16359,0.9325723199,0.00196056837544874,Approximate: uses total age-cell frequency,1.6361270228232534
80,nowork_nowork,0.8727589208006963,N=10000,10000,3.043421745300293,0.8769571626702023,0.004198241869506014,udd1,13610,0.9380829016,0.00206584077643286,Approximate: uses total age-cell frequency,2.0322194805135108
81,nowork_nowork,0.8839962997224792,N=10000,10000,3.043421745300293,0.8864407596823901,0.0024444599599109385,udd1,11239,0.9424001673,0.002197679983646345,Approximate: uses total age-cell frequency,1.1122911334229568
82,nowork_nowork,0.8829682257746201,N=10000,10000,3.043421745300293,0.8854969254061261,0.0025286996315060373,udd1,7491,0.9497184232,0.0025248290421263082,Approximate: uses total age-cell frequency,1.0015330104791844
83,nowork_nowork,0.8805366269165247,N=10000,10000,3.043421745300293,0.8716194687805389,0.008917158135985814,udd1,4499,0.9532856504,0.0031461446377548307,Approximate: uses total age-cell frequency,2.834312837679747
84,nowork_nowork,0.187167014130183,N=10000,10000,3.043421745300293,0.18495234420937404,0.0022146699208089593,udd1,1982,0.9549138804,0.004660705990802418,Approximate: uses total age-cell frequency,0.4751790662572275
30,prob_work,0.68316,N=25000,25000,4.371412992477417,0.683829,0.0006690000000000307,udd1,2840,0.7408450704,0.008222128593867357,Uses total age-cell frequency,0.08136579139604044
31,prob_work,0.7006,N=25000,25000,4.371412992477417,0.696873,0.003727000000000036,udd1,5097,0.7255248185,0.00625058060855109,Uses total age-cell frequency,0.5962646085871325
32,prob_work,0.7114284571382855,N=25000,25000,4.371412992477417,0.7108331199897595,0.0005953371485259984,udd1,7282,0.7283713266,0.005212413841895231,Uses total age-cell frequency,0.11421524970656091
33,prob_work,0.7221377710216818,N=25000,25000,4.371412992477417,0.7212743720402254,0.0008633989814563758,udd1,9171,0.7294733399,0.00463875463007704,Uses total age-cell frequency,0.18612732302291154
34,prob_work,0.7289274712965556,N=25000,25000,4.371412992477417,0.7294789014869237,0.0005514301903681851,udd1,11180,0.7228980322,0.004232894306220716,Uses total age-cell frequency,0.13027261029357529
35,prob_work,0.7402072580322491,N=25000,25000,4.371412992477417,0.7369026608878697,0.003304597144379362,udd1,13112,0.7188834655,0.003925888602819013,Uses total age-cell frequency,0.8417450107999681
36,prob_work,0.7435753742694741,N=25000,25000,4.371412992477417,0.7436603621392094,8.498786973532013e-05,udd1,17702,0.7478815953,0.0032636796977581362,Uses total age-cell frequency,0.026040505688624836
37,prob_work,0.7545545545545546,N=25000,25000,4.371412992477417,0.7500132646840052,0.004541289870549359,udd1,22115,0.7633280579,0.0028581533632124284,Uses total age-cell frequency,1.5888895008227149
38,prob_work,0.7551167541154323,N=25000,25000,4.371412992477417,0.7552311333179101,0.00011437920247781008,udd1,26699,0.7775197573,0.0025453877161882243,Uses total age-cell frequency,0.044935866449884315
39,prob_work,0.7600480865558005,N=25000,25000,4.371412992477417,0.7600280956011948,1.9990954605697553e-05,udd1,31731,0.7868960953,0.0022988599768867745,Uses total age-cell frequency,0.008696029687188802
40,prob_work,0.7689439499639162,N=25000,25000,4.371412992477417,0.7655733332798598,0.003370616684056471,udd1,32214,0.7873905755,0.0022796282744457015,Uses total age-cell frequency,1.478581715203566
41,prob_work,0.7694251674756308,N=25000,25000,4.371412992477417,0.7716119801621582,0.0021868126865273174,udd1,32959,0.7841864134,0.0022660111095178944,Uses total age-cell frequency,0.9650494109857092
42,prob_work,0.7751555287979129,N=25000,25000,4.371412992477417,0.7763678719537298,0.001212343155816864,udd1,33929,0.7889416134,0.002215328879254968,Uses total age-cell frequency,0.5472519981884515
43,prob_work,0.7800546448087432,N=25000,25000,4.371412992477417,0.7807135333327972,0.0006588885240540465,udd1,34810,0.7871588624,0.0021938501947408816,Uses total age-cell frequency,0.30033432803823173
44,prob_work,0.7769555600241304,N=25000,25000,4.371412992477417,0.784895719608658,0.00794015958452765,udd1,35491,0.7868473698,0.0021738595353921033,Uses total age-cell frequency,3.6525633120520222
45,prob_work,0.784219001610306,N=25000,25000,4.371412992477417,0.7889726351041612,0.004753633493855158,udd1,36530,0.789488092,0.002132977575295862,Uses total age-cell frequency,2.2286373513307045
46,prob_work,0.7878592446289653,N=25000,25000,4.371412992477417,0.7924560472488291,0.004596802619863838,udd1,37648,0.7887537187,0.002103750786040311,Uses total age-cell frequency,2.1850509339635042
47,prob_work,0.7904085257548845,N=25000,25000,4.371412992477417,0.7966887878999178,0.0062802621450333,udd1,38609,0.7876919889,0.002081215868645027,Uses total age-cell frequency,3.017592859851706
48,prob_work,0.7987945471461511,N=25000,25000,4.371412992477417,0.799972259007723,0.0011777118615718951,udd1,39731,0.7834688279,0.002066361617364992,Uses total age-cell frequency,0.5699447045835587
49,prob_work,0.8060421735604217,N=25000,25000,4.371412992477417,0.8029248249974638,0.003117348562957978,udd1,40045,0.778873767,0.002073860420280879,Uses total age-cell frequency,1.5031621860721809
50,prob_work,0.8094599536754846,N=25000,25000,4.371412992477417,0.8042378775430519,0.005222076132432751,udd1,40332,0.7723147873,0.002088044301422947,Uses total age-cell frequency,2.500941253437029
51,prob_work,0.8053122581170815,N=25000,25000,4.371412992477417,0.8025957739657941,0.002716484151287446,udd1,40778,0.7666633969,0.002094502289083435,Uses total age-cell frequency,1.2969592659056932
52,prob_work,0.7983742494179159,N=25000,25000,4.371412992477417,0.7987324336843784,0.00035818426646250234,udd1,41035,0.7649811137,0.0020931459883932807,Uses total age-cell frequency,0.17112244843344543
53,prob_work,0.7878328553871364,N=25000,25000,4.371412992477417,0.7934820861510491,0.0056492307639126604,udd1,41296,0.7609695854,0.0020987283947791133,Uses total age-cell frequency,2.6917398068115577
54,prob_work,0.7830270136918712,N=25000,25000,4.371412992477417,0.784674223763665,0.0016472100717938032,udd1,42101,0.7576067077,0.0020885073047798696,Uses total age-cell frequency,0.7887020878614646
55,prob_work,0.7715335700718474,N=25000,25000,4.371412992477417,0.7755647564665469,0.00403118639469946,udd1,42583,0.7569922269,0.002078440831126764,Uses total age-cell frequency,1.9395242502593029
56,prob_work,0.7624818427059555,N=25000,25000,4.371412992477417,0.7632594802582918,0.0007776375523362855,udd1,42538,0.7530443368,0.002090890237522,Uses total age-cell frequency,0.3719169655016878
57,prob_work,0.748759020564802,N=25000,25000,4.371412992477417,0.7489944785071087,0.0002354579423066161,udd1,41686,0.7471813079,0.002128739296911431,Uses total age-cell frequency,0.11060910213300423
58,prob_work,0.7315968289920725,N=25000,25000,4.371412992477417,0.7307244358608406,0.0008723931312318856,udd1,40096,0.7387270551,0.002194010481356121,Uses total age-cell frequency,0.3976248694548889
59,prob_work,0.7076494662672461,N=25000,25000,4.371412992477417,0.7097918840156904,0.0021424177484442586,udd1,38600,0.7272279793,0.002266947946080665,Uses total age-cell frequency,0.9450670237701281
60,prob_work,0.6799183638760151,N=25000,25000,4.371412992477417,0.6855956931966858,0.005677329320670665,udd1,36987,0.7127909806,0.002352640566524788,Uses total age-cell frequency,2.4131732664360857
61,prob_work,0.6530454895913647,N=25000,25000,4.371412992477417,0.6597356701530855,0.006690180561720882,udd1,35482,0.6865171073,0.0024627966771964926,Uses total age-cell frequency,2.71649731529466
62,prob_work,0.6268050151318634,N=25000,25000,4.371412992477417,0.6292249382561057,0.002419923124242329,udd1,34081,0.6530911652,0.0025783295133971025,Uses total age-cell frequency,0.9385623954069147
63,prob_work,0.5981487949703108,N=25000,25000,4.371412992477417,0.5988116141876395,0.0006628192173286918,udd1,32751,0.608439437,0.002697092662546113,Uses total age-cell frequency,0.24575322403012148
64,prob_work,0.5622546641379614,N=25000,25000,4.371412992477417,0.5623299199519358,7.525581397438419e-05,udd1,31813,0.5374218087,0.002795425401590887,Uses total age-cell frequency,0.02692105964679144
65,prob_work,0.5176412864088497,N=25000,25000,4.371412992477417,0.517231437007302,0.00040984940154764615,udd1,31074,0.4617365,0.0028281079857679146,Uses total age-cell frequency,0.14491999725970858
66,prob_work,0.4407781890403539,N=25000,25000,4.371412992477417,0.44552538654089346,0.0047471975005395906,udd1,30479,0.369729978,0.0027650647198966876,Uses total age-cell frequency,1.7168486026312477
67,prob_work,0.36963302752293575,N=25000,25000,4.371412992477417,0.37107423299844333,0.0014412054755075787,udd1,30295,0.2943389998,0.0026184029670637456,Uses total age-cell frequency,0.5504139330867525
68,prob_work,0.32336474759727535,N=25000,25000,4.371412992477417,0.32468857507409876,0.0013238274768234137,udd1,29842,0.2285369613,0.002430646617745015,Uses total age-cell frequency,0.5446400423487182
69,prob_work,0.2860335726853393,N=25000,25000,4.371412992477417,0.28681176455207874,0.0007781918667394416,udd1,29091,0.1882712867,0.0022920187942329336,Uses total age-cell frequency,0.33952246320906715
70,prob_work,0.2530693453680788,N=25000,25000,4.371412992477417,0.2535312866358486,0.0004619412677698276,udd1,28733,0.1609299412,0.0021678391339006327,Uses total age-cell frequency,0.21308835168901494
71,prob_work,0.22145688800792865,N=25000,25000,4.371412992477417,0.2216758657780664,0.00021897777013774045,udd1,28201,0.1363072231,0.0020431809215295735,Uses total age-cell frequency,0.10717492896997517
72,prob_work,0.1927160054858536,N=25000,25000,4.371412992477417,0.19313771804171365,0.0004217125558600432,udd1,27755,0.1211313277,0.0019584821378455207,Uses total age-cell frequency,0.21532622009203467
73,prob_work,0.16515483265561465,N=25000,25000,4.371412992477417,0.16780046534436527,0.002645632688750621,udd1,27615,0.1057758465,0.0018507336830483588,Uses total age-cell frequency,1.429504802869842
74,prob_work,0.14732311003497445,N=25000,25000,4.371412992477417,0.14563273773853128,0.001690372296443171,udd1,27541,0.0951672053,0.0017682268125482755,Uses total age-cell frequency,0.9559702886798189
75,prob_work,0.12678094390026715,N=25000,25000,4.371412992477417,0.12457173648270489,0.0022092074175622534,udd1,27329,0.085733104,0.0016935534234307523,Uses total age-cell frequency,1.3044805005837394
76,prob_work,0.10877961607194328,N=25000,25000,4.371412992477417,0.10751288990336536,0.0012667261685779252,udd1,25186,0.0762725324,0.0016725396125979084,Uses total age-cell frequency,0.7573669161774622
77,prob_work,0.09035350509286998,N=25000,25000,4.371412992477417,0.0932165494225829,0.0028630443297129188,udd1,22442,0.0706710632,0.001710703577368741,Uses total age-cell frequency,1.673606326419572
78,prob_work,0.08124178506603243,N=25000,25000,4.371412992477417,0.080256574888502,0.0009852101775304212,udd1,19392,0.0636344884,0.001752902182840434,Uses total age-cell frequency,0.5620451541306024
79,prob_work,0.07242174629324546,N=25000,25000,4.371412992477417,0.07151689038049786,0.0009048559127476097,udd1,16359,0.0566660554,0.0018076562448152392,Uses total age-cell frequency,0.5005685762118423
80,prob_work,0.06003060656649972,N=25000,25000,4.371412992477417,0.06333574662212259,0.0033051400556228655,udd1,13610,0.0522409993,0.001907329096678725,Uses total age-cell frequency,1.7328630184367133
81,prob_work,0.06226834692364715,N=25000,25000,4.371412992477417,0.0601730461839719,0.002095300739675246,udd1,11239,0.0477800516,0.0020120006158682985,Uses total age-cell frequency,1.0414016393185836
82,prob_work,0.0656986431801952,N=25000,25000,4.371412992477417,0.06397020451654764,0.0017284386636475524,udd1,7491,0.0392470965,0.0022435704994076444,Uses total age-cell frequency,0.77039641237211
83,prob_work,0.074580910023948,N=25000,25000,4.371412992477417,0.07691797767945924,0.0023370676555112407,udd1,4499,0.0384529896,0.002866766492096879,Uses total age-cell frequency,0.815227770365701
84,prob_work,0.7981251160200483,N=25000,25000,4.371412992477417,0.799192605624801,0.0010674896047526694,udd1,1982,0.0363269425,0.004202690968497573,Uses total age-cell frequency,0.25400145115458916
30,hours_0,0.31684,N=25000,25000,4.371412992477417,0.316171,0.0006690000000000307,udd1,2840,0.2591549296,0.008222128593867357,Uses total age-cell frequency,0.08136579139604044
31,hours_0,0.2994,N=25000,25000,4.371412992477417,0.303127,0.0037269999999999803,udd1,5097,0.2744751815,0.00625058060855109,Uses total age-cell frequency,0.5962646085871236
32,hours_0,0.2885715428617145,N=25000,25000,4.371412992477417,0.2891668800102405,0.0005953371485259984,udd1,7282,0.2716286734,0.005212413841895232,Uses total age-cell frequency,0.1142152497065609
33,hours_0,0.27786222897831825,N=25000,25000,4.371412992477417,0.27872562795977457,0.0008633989814563203,udd1,9171,0.2705266601,0.00463875463007704,Uses total age-cell frequency,0.18612732302289958
34,hours_0,0.2710725287034444,N=25000,25000,4.371412992477417,0.2705210985130762,0.0005514301903681851,udd1,11180,0.2771019678,0.004232894306220716,Uses total age-cell frequency,0.13027261029357529
35,hours_0,0.259792741967751,N=25000,25000,4.371412992477417,0.2630973391121303,0.0033045971443793065,udd1,13112,0.2811165345,0.003925888602819014,Uses total age-cell frequency,0.8417450107999538
36,hours_0,0.256424625730526,N=25000,25000,4.371412992477417,0.25633963786079067,8.498786973532013e-05,udd1,17702,0.2521184047,0.0032636796977581362,Uses total age-cell frequency,0.026040505688624836
37,hours_0,0.24544544544544544,N=25000,25000,4.371412992477417,0.2499867353159948,0.004541289870549359,udd1,22115,0.2366719421,0.0028581533632124284,Uses total age-cell frequency,1.5888895008227149
38,hours_0,0.24488324588456764,N=25000,25000,4.371412992477417,0.24476886668208991,0.00011437920247772682,udd1,26699,0.2224802427,0.0025453877161882243,Uses total age-cell frequency,0.0449358664498516
39,hours_0,0.23995191344419955,N=25000,25000,4.371412992477417,0.23997190439880522,1.9990954605669797e-05,udd1,31731,0.2131039047,0.0022988599768867745,Uses total age-cell frequency,0.008696029687176728
40,hours_0,0.2310560500360837,N=25000,25000,4.371412992477417,0.2344266667201402,0.003370616684056499,udd1,32214,0.2126094245,0.002279628274445702,Uses total age-cell frequency,1.478581715203578
41,hours_0,0.23057483252436922,N=25000,25000,4.371412992477417,0.2283880198378418,0.0021868126865274284,udd1,32959,0.2158135866,0.0022660111095178944,Uses total age-cell frequency,0.9650494109857582
42,hours_0,0.2248444712020871,N=25000,25000,4.371412992477417,0.22363212804627017,0.0012123431558169195,udd1,33929,0.2110583866,0.0022153288792549682,Uses total age-cell frequency,0.5472519981884765
43,hours_0,0.21994535519125682,N=25000,25000,4.371412992477417,0.21928646666720272,0.000658888524054102,udd1,34810,0.2128411376,0.0021938501947408816,Uses total age-cell frequency,0.30033432803825705
44,hours_0,0.2230444399758697,N=25000,25000,4.371412992477417,0.21510428039134202,0.007940159584527678,udd1,35491,0.2131526302,0.0021738595353921033,Uses total age-cell frequency,3.652563312052035
45,hours_0,0.21578099838969403,N=25000,25000,4.371412992477417,0.2110273648958389,0.0047536334938551306,udd1,36530,0.210511908,0.0021329775752958625,Uses total age-cell frequency,2.228637351330691
46,hours_0,0.21214075537103472,N=25000,25000,4.371412992477417,0.20754395275117082,0.004596802619863893,udd1,37648,0.2112462813,0.002103750786040311,Uses total age-cell frequency,2.1850509339635305
47,hours_0,0.20959147424511546,N=25000,25000,4.371412992477417,0.20331121210008216,0.0062802621450333,udd1,38609,0.2123080111,0.002081215868645027,Uses total age-cell frequency,3.017592859851706
48,hours_0,0.20120545285384894,N=25000,25000,4.371412992477417,0.20002774099227708,0.0011777118615718674,udd1,39731,0.2165311721,0.002066361617364992,Uses total age-cell frequency,0.5699447045835453
49,hours_0,0.19395782643957826,N=25000,25000,4.371412992477417,0.19707517500253627,0.0031173485629580056,udd1,40045,0.221126233,0.002073860420280879,Uses total age-cell frequency,1.5031621860721942
50,hours_0,0.19054004632451543,N=25000,25000,4.371412992477417,0.1957621224569481,0.005222076132432668,udd1,40332,0.2276852127,0.002088044301422947,Uses total age-cell frequency,2.5009412534369893
51,hours_0,0.19468774188291849,N=25000,25000,4.371412992477417,0.1974042260342059,0.0027164841512874183,udd1,40778,0.2333366031,0.002094502289083435,Uses total age-cell frequency,1.2969592659056801
52,hours_0,0.20162575058208407,N=25000,25000,4.371412992477417,0.20126756631562157,0.00035818426646250234,udd1,41035,0.2350188863,0.0020931459883932807,Uses total age-cell frequency,0.17112244843344543
53,hours_0,0.21216714461286357,N=25000,25000,4.371412992477417,0.20651791384895093,0.005649230763912633,udd1,41296,0.2390304146,0.0020987283947791133,Uses total age-cell frequency,2.6917398068115443
54,hours_0,0.21697298630812878,N=25000,25000,4.371412992477417,0.21532577623633503,0.0016472100717937477,udd1,42101,0.2423932923,0.0020885073047798696,Uses total age-cell frequency,0.7887020878614379
55,hours_0,0.2284664299281526,N=25000,25000,4.371412992477417,0.22443524353345315,0.00403118639469946,udd1,42583,0.2430077731,0.002078440831126764,Uses total age-cell frequency,1.9395242502593029
56,hours_0,0.2375181572940444,N=25000,25000,4.371412992477417,0.23674051974170815,0.0007776375523362578,udd1,42538,0.2469556632,0.002090890237522,Uses total age-cell frequency,0.3719169655016745
57,hours_0,0.2512409794351979,N=25000,25000,4.371412992477417,0.2510055214928914,0.00023545794230650507,udd1,41686,0.2528186921,0.0021287392969114314,Uses total age-cell frequency,0.11060910213295207
58,hours_0,0.26840317100792754,N=25000,25000,4.371412992477417,0.26927556413915943,0.0008723931312318856,udd1,40096,0.2612729449,0.002194010481356121,Uses total age-cell frequency,0.3976248694548889
59,hours_0,0.2923505337327539,N=25000,25000,4.371412992477417,0.2902081159843096,0.0021424177484442586,udd1,38600,0.2727720207,0.0022669479460806653,Uses total age-cell frequency,0.9450670237701279
60,hours_0,0.3200816361239849,N=25000,25000,4.371412992477417,0.3144043068033142,0.005677329320670665,udd1,36987,0.2872090194,0.002352640566524788,Uses total age-cell frequency,2.4131732664360857
61,hours_0,0.3469545104086353,N=25000,25000,4.371412992477417,0.3402643298469144,0.006690180561720882,udd1,35482,0.3134828927,0.002462796677196493,Uses total age-cell frequency,2.7164973152946597
62,hours_0,0.3731949848681366,N=25000,25000,4.371412992477417,0.37077506174389435,0.0024199231242422736,udd1,34081,0.3469088348,0.0025783295133971025,Uses total age-cell frequency,0.9385623954068931
63,hours_0,0.40185120502968913,N=25000,25000,4.371412992477417,0.4011883858123605,0.0006628192173286362,udd1,32751,0.391560563,0.002697092662546113,Uses total age-cell frequency,0.24575322403010091
64,hours_0,0.43774533586203856,N=25000,25000,4.371412992477417,0.4376700800480642,7.525581397438419e-05,udd1,31813,0.4625781913,0.002795425401590887,Uses total age-cell frequency,0.02692105964679144
65,hours_0,0.48235871359115035,N=25000,25000,4.371412992477417,0.48276856299269794,0.00040984940154759064,udd1,31074,0.5382635,0.0028281079857679146,Uses total age-cell frequency,0.14491999725968896
66,hours_0,0.5592218109596461,N=25000,25000,4.371412992477417,0.5544746134591065,0.004747197500539535,udd1,30479,0.630270022,0.0027650647198966876,Uses total age-cell frequency,1.7168486026312277
67,hours_0,0.6303669724770642,N=25000,25000,4.371412992477417,0.6289257670015567,0.0014412054755075232,udd1,30295,0.7056610002,0.0026184029670637456,Uses total age-cell frequency,0.5504139330867313
68,hours_0,0.6766352524027246,N=25000,25000,4.371412992477417,0.6753114249259012,0.0013238274768233582,udd1,29842,0.7714630387,0.002430646617745015,Uses total age-cell frequency,0.5446400423486953
69,hours_0,0.7139664273146608,N=25000,25000,4.371412992477417,0.7131882354479213,0.0007781918667394416,udd1,29091,0.8117287133,0.0022920187942329336,Uses total age-cell frequency,0.33952246320906715
70,hours_0,0.7469306546319212,N=25000,25000,4.371412992477417,0.7464687133641514,0.00046194126776977207,udd1,28733,0.8390700588,0.0021678391339006327,Uses total age-cell frequency,0.21308835168898935
71,hours_0,0.7785431119920714,N=25000,25000,4.371412992477417,0.7783241342219336,0.00021897777013779596,udd1,28201,0.8636927769,0.0020431809215295735,Uses total age-cell frequency,0.10717492897000233
72,hours_0,0.8072839945141463,N=25000,25000,4.371412992477417,0.8068622819582864,0.0004217125558599877,udd1,27755,0.8788686723,0.0019584821378455207,Uses total age-cell frequency,0.21532622009200633
73,hours_0,0.8348451673443854,N=25000,25000,4.371412992477417,0.8321995346556348,0.002645632688750621,udd1,27615,0.8942241535,0.001850733683048359,Uses total age-cell frequency,1.429504802869842
74,hours_0,0.8526768899650256,N=25000,25000,4.371412992477417,0.8543672622614688,0.0016903722964431989,udd1,27541,0.9048327947,0.0017682268125482755,Uses total age-cell frequency,0.9559702886798347
75,hours_0,0.8732190560997328,N=25000,25000,4.371412992477417,0.8754282635172951,0.0022092074175622534,udd1,27329,0.914266896,0.0016935534234307523,Uses total age-cell frequency,1.3044805005837394
76,hours_0,0.8912203839280567,N=25000,25000,4.371412992477417,0.8924871100966346,0.0012667261685779252,udd1,25186,0.9237274676,0.0016725396125979082,Uses total age-cell frequency,0.7573669161774623
77,hours_0,0.90964649490713,N=25000,25000,4.371412992477417,0.9067834505774172,0.0028630443297128494,udd1,22442,0.9293289368,0.0017107035773687416,Uses total age-cell frequency,1.6736063264195309
78,hours_0,0.9187582149339676,N=25000,25000,4.371412992477417,0.919743425111498,0.0009852101775303934,udd1,19392,0.9363655116,0.0017529021828404337,Uses total age-cell frequency,0.5620451541305866
79,hours_0,0.9275782537067545,N=25000,25000,4.371412992477417,0.9284831096195022,0.000904855912747693,udd1,16359,0.9433339446,0.0018076562448152398,Uses total age-cell frequency,0.5005685762118881
80,hours_0,0.9399693934335003,N=25000,25000,4.371412992477417,0.9366642533778774,0.0033051400556228794,udd1,13610,0.9477590007,0.0019073290966787255,Uses total age-cell frequency,1.7328630184367202
81,hours_0,0.9377316530763529,N=25000,25000,4.371412992477417,0.9398269538160281,0.002095300739675232,udd1,11239,0.9522199484,0.002012000615868298,Uses total age-cell frequency,1.041401639318577
82,hours_0,0.9343013568198049,N=25000,25000,4.371412992477417,0.9360297954834523,0.0017284386636474691,udd1,7491,0.9607529035,0.002243570499407645,Uses total age-cell frequency,0.7703964123720727
83,hours_0,0.925419089976052,N=25000,25000,4.371412992477417,0.9230820223205407,0.002337067655511338,udd1,4499,0.9615470104,0.0028667664920968786,Uses total age-cell frequency,0.815227770365735
84,hours_0,0.20187488397995174,N=25000,25000,4.371412992477417,0.200807394375199,0.001067489604752725,udd1,1982,0.9636730575,0.004202690968497574,Uses total age-cell frequency,0.2540014511546023
30,hours_1,0.09208,N=25000,25000,4.371412992477417,0.094294,0.0022140000000000076,udd1,2840,0.1183098592,0.006060511657851703,Uses total age-cell frequency,0.36531569032321837
31,hours_1,0.08508,N=25000,25000,4.371412992477417,0.085412,0.00033199999999999896,udd1,5097,0.1071218364,0.004331893678080904,Uses total age-cell frequency,0.07664084686101533
32,hours_1,0.08356334253370135,N=25000,25000,4.371412992477417,0.08316299182360753,0.00040035071009381085,udd1,7282,0.1038176325,0.0035744433669348003,Uses total age-cell frequency,0.11200365175658789
33,hours_1,0.0845667653412273,N=25000,25000,4.371412992477417,0.08218109444775044,0.0023856708934768545,udd1,9171,0.1065314579,0.0032215896517352335,Uses total age-cell frequency,0.7405259984591361
34,hours_1,0.08208985078209385,N=25000,25000,4.371412992477417,0.08203337951316125,5.647126893260079e-05,udd1,11180,0.0989266547,0.002823682298947707,Uses total age-cell frequency,0.01999915817499928
35,hours_1,0.0830632577121594,N=25000,25000,4.371412992477417,0.08153246171146836,0.0015307960006910454,udd1,13112,0.0928920073,0.0025350364040468225,Uses total age-cell frequency,0.6038556283638961
36,hours_1,0.08257945720919062,N=25000,25000,4.371412992477417,0.08040699379221379,0.0021724634169768275,udd1,17702,0.0856400407,0.0021032256234948215,Uses total age-cell frequency,1.0329198126480397
37,hours_1,0.082002002002002,N=25000,25000,4.371412992477417,0.07965317606590495,0.002348825936097046,udd1,22115,0.0814379381,0.0018391797011797866,Uses total age-cell frequency,1.2771051869430345
38,hours_1,0.07814314895662275,N=25000,25000,4.371412992477417,0.07878873462307698,0.0006455856664542292,udd1,26699,0.0749840818,0.0016118018295973031,Uses total age-cell frequency,0.4005366259048881
39,hours_1,0.07834101382488479,N=25000,25000,4.371412992477417,0.07868070912335512,0.00033969529847033275,udd1,31731,0.0734612839,0.0014646004502355855,Uses total age-cell frequency,0.23193718014745368
40,hours_1,0.07966482238794002,N=25000,25000,4.371412992477417,0.07756136590139345,0.0021034564865465705,udd1,32214,0.0723288011,0.001443212702723746,Uses total age-cell frequency,1.4574819654627205
41,hours_1,0.07292711300092262,N=25000,25000,4.371412992477417,0.07751727985182821,0.004590166850905589,udd1,32959,0.068630723,0.0013926219231663126,Uses total age-cell frequency,3.2960610303112485
42,hours_1,0.07983142685129441,N=25000,25000,4.371412992477417,0.0771269919368605,0.002704434914433909,udd1,33929,0.0686138701,0.0013724145421682345,Uses total age-cell frequency,1.970567078195818
43,hours_1,0.0783911925425908,N=25000,25000,4.371412992477417,0.07660090699301261,0.001790285549578191,udd1,34810,0.0652398736,0.0013235935225971284,Uses total age-cell frequency,1.3525946742813677
44,hours_1,0.07436155238286749,N=25000,25000,4.371412992477417,0.07561095620797113,0.0012494038251036482,udd1,35491,0.0657631512,0.001315711546537924,Uses total age-cell frequency,0.9496031469749174
45,hours_1,0.07202093397745572,N=25000,25000,4.371412992477417,0.07539174388367728,0.0033708099062215585,udd1,36530,0.062168081,0.001263343353061447,Uses total age-cell frequency,2.6681660991472427
46,hours_1,0.07392478536015155,N=25000,25000,4.371412992477417,0.07457994426833525,0.0006551589081836978,udd1,37648,0.0624734382,0.0012472931563161074,Uses total age-cell frequency,0.5252645738221767
47,hours_1,0.07367188761504925,N=25000,25000,4.371412992477417,0.07401063314829917,0.00033874553324991785,udd1,38609,0.0610738429,0.0012187063281124406,Uses total age-cell frequency,0.2779550129805057
48,hours_1,0.07596780065531329,N=25000,25000,4.371412992477417,0.07350755486439312,0.0024602457909201764,udd1,39731,0.0571845662,0.001164898293518894,Uses total age-cell frequency,2.11198334190046
49,hours_1,0.07222222222222222,N=25000,25000,4.371412992477417,0.07369179263467586,0.001469570412453644,udd1,40045,0.0590585591,0.0011780089024832003,Uses total age-cell frequency,1.2475036558347248
50,hours_1,0.07493193547076273,N=25000,25000,4.371412992477417,0.07363055485508366,0.001301380615679068,udd1,40332,0.0581176237,0.001165003903383576,Uses total age-cell frequency,1.117061163399888
51,hours_1,0.07316576363710434,N=25000,25000,4.371412992477417,0.07375321795427318,0.0005874543171688479,udd1,40778,0.0571386532,0.0011494126035636256,Uses total age-cell frequency,0.5110908957736424
52,hours_1,0.07605898451860627,N=25000,25000,4.371412992477417,0.07344031363983569,0.0026186708787705737,udd1,41035,0.057779944,0.0011518276815362333,Uses total age-cell frequency,2.273491877949972
53,hours_1,0.07623924621056943,N=25000,25000,4.371412992477417,0.07430048315424101,0.0019387630563284242,udd1,41296,0.0593762108,0.0011629478093617745,Uses total age-cell frequency,1.6671109749907151
54,hours_1,0.07569590066197936,N=25000,25000,4.371412992477417,0.07520368738003246,0.0004922132819469016,udd1,42101,0.0570057718,0.001129972115609378,Uses total age-cell frequency,0.4355977241805281
55,hours_1,0.07597654637046825,N=25000,25000,4.371412992477417,0.07544873399003571,0.0005278123804325352,udd1,42583,0.0551393749,0.001106105794570444,Uses total age-cell frequency,0.4771807389703722
56,hours_1,0.07603237186138202,N=25000,25000,4.371412992477417,0.07668143174130924,0.0006490598799272218,udd1,42538,0.0563496168,0.0011180533065796494,Uses total age-cell frequency,0.580526774624751
57,hours_1,0.07550160597338673,N=25000,25000,4.371412992477417,0.07732073942897238,0.001819133455585653,udd1,41686,0.0563258648,0.0011291973440931066,Uses total age-cell frequency,1.6109969307859606
58,hours_1,0.08116270290675727,N=25000,25000,4.371412992477417,0.07865339638711494,0.002509306519642332,udd1,40096,0.0542946927,0.0011316342366709572,Uses total age-cell frequency,2.217418348020481
59,hours_1,0.07771823973671997,N=25000,25000,4.371412992477417,0.07965782260937214,0.001939582872652168,udd1,38600,0.0550518135,0.0011609036069908578,Uses total age-cell frequency,1.6707527317274002
60,hours_1,0.07882988222288363,N=25000,25000,4.371412992477417,0.08094524836828831,0.002115366145404682,udd1,36987,0.0578581664,0.001213992275733719,Uses total age-cell frequency,1.742487318649689
61,hours_1,0.08121305576972501,N=25000,25000,4.371412992477417,0.08129553596046746,8.24801907424455e-05,udd1,35482,0.0615523364,0.0012759194392775028,Uses total age-cell frequency,0.06464372922255218
62,hours_1,0.08197146562905318,N=25000,25000,4.371412992477417,0.08149436458443816,0.0004771010446150137,udd1,34081,0.0618233033,0.001304554595963407,Uses total age-cell frequency,0.36571949237791535
63,hours_1,0.08347886831994411,N=25000,25000,4.371412992477417,0.08124096500074848,0.0022379033191956277,udd1,32751,0.0672651217,0.0013840819088407554,Uses total age-cell frequency,1.616886475360403
64,hours_1,0.08049221541040004,N=25000,25000,4.371412992477417,0.07979846618720292,0.000693749223197121,udd1,31813,0.0708515387,0.001438516628452891,Uses total age-cell frequency,0.48226708643836863
65,hours_1,0.08158258619920603,N=25000,25000,4.371412992477417,0.0818110498447729,0.00022846364556687593,udd1,31074,0.0767200875,0.0015098112513191968,Uses total age-cell frequency,0.1513193423133229
66,hours_1,0.12512413108242304,N=25000,25000,4.371412992477417,0.1268823242380981,0.0017581931556750474,udd1,30479,0.0778568851,0.0015347841985944811,Uses total age-cell frequency,1.1455637589213903
67,hours_1,0.11568807339449541,N=25000,25000,4.371412992477417,0.11935296719456363,0.0036648938000682224,udd1,30295,0.0827859383,0.0015831722227347964,Uses total age-cell frequency,2.3149053194840845
68,hours_1,0.11085191751422972,N=25000,25000,4.371412992477417,0.11034090683576399,0.0005110106784657342,udd1,29842,0.0816634274,0.0015852610123329443,Uses total age-cell frequency,0.32235112987085135
69,hours_1,0.10314327832992534,N=25000,25000,4.371412992477417,0.10092951228237397,0.0022137660475513715,udd1,29091,0.07679351,0.0015611058760430082,Uses total age-cell frequency,1.418075533200019
70,hours_1,0.09161935264715873,N=25000,25000,4.371412992477417,0.09325191158053492,0.001632558933376188,udd1,28733,0.0722862214,0.0015277218102385834,Uses total age-cell frequency,1.0686231763106349
71,hours_1,0.08389494549058474,N=25000,25000,4.371412992477417,0.08468304579397791,0.0007881003033931716,udd1,28201,0.0690046452,0.0015093177043471182,Uses total age-cell frequency,0.5221566679588365
72,hours_1,0.07400822878041347,N=25000,25000,4.371412992477417,0.07614824296729755,0.002140014186884087,udd1,27755,0.0658259773,0.001488476338116762,Uses total age-cell frequency,1.4377213342817787
73,hours_1,0.0654780523407361,N=25000,25000,4.371412992477417,0.0690647725968511,0.0035867202561150058,udd1,27615,0.059967409,0.0014287510877519466,Uses total age-cell frequency,2.5103884692458873
74,hours_1,0.06451439332795265,N=25000,25000,4.371412992477417,0.06197446529489064,0.0025399280330620153,udd1,27541,0.0567880614,0.0013945796178282007,Uses total age-cell frequency,1.8212857843265216
75,hours_1,0.054708370436331255,N=25000,25000,4.371412992477417,0.05439970891274187,0.0003086615235893819,udd1,27329,0.0530206008,0.0013554413103115037,Uses total age-cell frequency,0.2277203160632947
76,hours_1,0.048999827059433905,N=25000,25000,4.371412992477417,0.04866172685797618,0.0003381002014577264,udd1,25186,0.0495116334,0.0013669336362937621,Uses total age-cell frequency,0.24734207461192848
77,hours_1,0.04224086279209107,N=25000,25000,4.371412992477417,0.04358538810592783,0.0013445253138367613,udd1,22442,0.0462971215,0.0014026611314735453,Uses total age-cell frequency,0.9585531983938913
78,hours_1,0.03849283344808162,N=25000,25000,4.371412992477417,0.0380011522636329,0.0004916811844487209,udd1,19392,0.0436262376,0.001466818589881631,Uses total age-cell frequency,0.3352024496010775
79,hours_1,0.035189456342668866,N=25000,25000,4.371412992477417,0.034203371307731295,0.0009860850349375713,udd1,16359,0.03973348,0.0015271996622671755,Uses total age-cell frequency,0.6456818052681451
80,hours_1,0.02900667779632721,N=25000,25000,4.371412992477417,0.029938155840304247,0.0009314780439770368,udd1,13610,0.0368846436,0.0016155964375791274,Uses total age-cell frequency,0.5765536629758851
81,hours_1,0.027724240177909563,N=25000,25000,4.371412992477417,0.027679601244627077,4.463893328248564e-05,udd1,11239,0.0344336685,0.0017199620651680767,Uses total age-cell frequency,0.02595344059412349
82,hours_1,0.03023089740537967,N=25000,25000,4.371412992477417,0.02794616335528574,0.002284734050093929,udd1,7491,0.0288346015,0.0019334532639831167,Uses total age-cell frequency,1.1816856878076984
83,hours_1,0.04011289770783442,N=25000,25000,4.371412992477417,0.0398639127022652,0.0002489850055692189,udd1,4499,0.0295621249,0.0025251878805889133,Uses total age-cell frequency,0.09860058631009733
84,hours_1,0.20150361982550585,N=25000,25000,4.371412992477417,0.19952216383551838,0.001981455989987474,udd1,1982,0.0277497477,0.003689493305175329,Uses total age-cell frequency,0.5370536889735088
30,hours_2,0.08204,N=25000,25000,4.371412992477417,0.082324,0.0002839999999999926,udd1,2840,0.1080985915,0.005826520414997181,Uses total age-cell frequency,0.048742642224163565
31,hours_2,0.07944,N=25000,25000,4.371412992477417,0.07898,0.0004600000000000021,udd1,5097,0.0980969198,0.004166297746094687,Uses total age-cell frequency,0.11040977578503283
32,hours_2,0.07752310092403696,N=25000,25000,4.371412992477417,0.07759972478678977,7.662386275281152e-05,udd1,7282,0.0961274375,0.0034542355305845944,Uses total age-cell frequency,0.02218258195608442
33,hours_2,0.07748619889591167,N=25000,25000,4.371412992477417,0.07768948808089092,0.00020328918497924953,udd1,9171,0.0858139788,0.0029247446870282142,Uses total age-cell frequency,0.06950664305191315
34,hours_2,0.07776933231987838,N=25000,25000,4.371412992477417,0.07759711517782568,0.00017221714205270522,udd1,11180,0.081216458,0.002583495589090335,Uses total age-cell frequency,0.06666051329057773
35,hours_2,0.07618133077261634,N=25000,25000,4.371412992477417,0.0771153238167273,0.000933993044110959,udd1,13112,0.0790115924,0.00235579783838509,Uses total age-cell frequency,0.3964657021466729
36,hours_2,0.07657513409654952,N=25000,25000,4.371412992477417,0.07655802623822967,1.7107858319848068e-05,udd1,17702,0.07631906,0.001995567071818575,Uses total age-cell frequency,0.008572930753090423
37,hours_2,0.07703703703703704,N=25000,25000,4.371412992477417,0.07647065301288526,0.0005663840241517809,udd1,22115,0.0699525209,0.001715184222470771,Uses total age-cell frequency,0.3302176038769111
38,hours_2,0.07826330756598711,N=25000,25000,4.371412992477417,0.07581925962425375,0.0024440479417333627,udd1,26699,0.0680175287,0.0015408728347377878,Uses total age-cell frequency,1.5861451293281248
39,hours_2,0.07621719094369865,N=25000,25000,4.371412992477417,0.07593527591102793,0.00028191503267072093,udd1,31731,0.0629037849,0.001362977231911488,Uses total age-cell frequency,0.20683766835587797
40,hours_2,0.08022612460909309,N=25000,25000,4.371412992477417,0.07577267595635757,0.004453448652735517,udd1,32214,0.0626435711,0.001350107369104211,Uses total age-cell frequency,3.298588508327568
41,hours_2,0.07778089774960889,N=25000,25000,4.371412992477417,0.07576446225020844,0.0020164354994004485,udd1,32959,0.0602263418,0.0013104421779777853,Uses total age-cell frequency,1.5387443515532444
42,hours_2,0.0742123218944411,N=25000,25000,4.371412992477417,0.0759190272017994,0.0017067053073582944,udd1,33929,0.0575319049,0.0012641603819396497,Uses total age-cell frequency,1.350070237717489
43,hours_2,0.07730633236901317,N=25000,25000,4.371412992477417,0.07525609687457284,0.0020502354944403334,udd1,34810,0.0554151106,0.0012262600718364065,Uses total age-cell frequency,1.6719418184838788
44,hours_2,0.07693545143776392,N=25000,25000,4.371412992477417,0.075206452735983,0.0017289987017809205,udd1,35491,0.0567467809,0.0012280771334046918,Uses total age-cell frequency,1.4078909660889831
45,hours_2,0.07351046698872786,N=25000,25000,4.371412992477417,0.07475902952902073,0.0012485625402928746,udd1,36530,0.0545305229,0.0011880063212054033,Uses total age-cell frequency,1.0509729771690342
46,hours_2,0.07211092748599299,N=25000,25000,4.371412992477417,0.07514291075871336,0.003031983272720376,udd1,37648,0.0524065023,0.001148504413959016,Uses total age-cell frequency,2.639940461585872
47,hours_2,0.07258194735992249,N=25000,25000,4.371412992477417,0.07490902402816642,0.0023270766682439298,udd1,38609,0.0495221321,0.0011041457238933944,Uses total age-cell frequency,2.107581108079
48,hours_2,0.07192265685045103,N=25000,25000,4.371412992477417,0.07411400940358892,0.0021913525531378902,udd1,39731,0.0501623417,0.0010950875591040489,Uses total age-cell frequency,2.0010751970652976
49,hours_2,0.07368207623682076,N=25000,25000,4.371412992477417,0.07404788475195292,0.0003658085151321683,udd1,40045,0.0498439256,0.0010875004494888488,Uses total age-cell frequency,0.33637550706678515
50,hours_2,0.0708277459466049,N=25000,25000,4.371412992477417,0.07357157964094263,0.0027438336943377273,udd1,40332,0.0478528216,0.0010628719319140307,Uses total age-cell frequency,2.581528039221624
51,hours_2,0.07393978897624964,N=25000,25000,4.371412992477417,0.07296306680600514,0.0009767221702444984,udd1,40778,0.0466673206,0.0010445174812094254,Uses total age-cell frequency,0.9350941346750575
52,hours_2,0.07009517585065969,N=25000,25000,4.371412992477417,0.07207314990638457,0.0019779740557248765,udd1,41035,0.0463750457,0.0010381348248745675,Uses total age-cell frequency,1.9053151944535383
53,hours_2,0.0697255223269152,N=25000,25000,4.371412992477417,0.07124601261803112,0.0015204902911159224,udd1,41296,0.0447985277,0.0010179474729707025,Uses total age-cell frequency,1.4936824654406147
54,hours_2,0.06706138727848361,N=25000,25000,4.371412992477417,0.06954925156730128,0.0024878642888176705,udd1,42101,0.0450345597,0.0010106960822572613,Uses total age-cell frequency,2.4615355026026635
55,hours_2,0.06685110248575439,N=25000,25000,4.371412992477417,0.06847911285202274,0.0016280103662683482,udd1,42583,0.0444543597,0.0009987683465998794,Uses total age-cell frequency,1.6300179834599344
56,hours_2,0.06847893753890849,N=25000,25000,4.371412992477417,0.0668812173291559,0.0015977202097525872,udd1,42538,0.0444778786,0.0009995485006794248,Uses total age-cell frequency,1.598441905186758
57,hours_2,0.06494806657489675,N=25000,25000,4.371412992477417,0.0651354478172979,0.00018738124240114118,udd1,41686,0.0428201315,0.0009915752182179296,Uses total age-cell frequency,0.18897330122661285
58,hours_2,0.06379765949414873,N=25000,25000,4.371412992477417,0.06350116519271626,0.0002964943014324706,udd1,40096,0.0431464485,0.0010147165381913371,Uses total age-cell frequency,0.2921942141210701
59,hours_2,0.06063035314965613,N=25000,25000,4.371412992477417,0.06140526119406929,0.0007749080444131584,udd1,38600,0.043238342,0.0010352440549919332,Uses total age-cell frequency,0.7485269204653358
60,hours_2,0.059951528551383984,N=25000,25000,4.371412992477417,0.059211093616763064,0.0007404349346209205,udd1,36987,0.0436369535,0.0010622189651592572,Uses total age-cell frequency,0.6970643143336346
61,hours_2,0.05521288443416431,N=25000,25000,4.371412992477417,0.05681085471084967,0.0015979702766853593,udd1,35482,0.0432331887,0.0010797112821044473,Uses total age-cell frequency,1.4799977578920747
62,hours_2,0.05045395590142672,N=25000,25000,4.371412992477417,0.05319174266053954,0.00273778675911282,udd1,34081,0.0443942373,0.0011156976413512737,Uses total age-cell frequency,2.453878772923602
63,hours_2,0.05165036674816626,N=25000,25000,4.371412992477417,0.05031736544611999,0.0013330013020462703,udd1,32751,0.0475710665,0.0011761844992375157,Uses total age-cell frequency,1.1333267041951447
64,hours_2,0.04728090680545142,N=25000,25000,4.371412992477417,0.047126530720432575,0.00015437608501884387,udd1,31813,0.0463018263,0.0011781544377581718,Uses total age-cell frequency,0.13103212963539432
65,hours_2,0.04754895401222178,N=25000,25000,4.371412992477417,0.04649548846804601,0.0010534655441757634,udd1,31074,0.0473064298,0.0012043095298290424,Uses total age-cell frequency,0.8747464983734772
66,hours_2,0.04590593120881105,N=25000,25000,4.371412992477417,0.047592900576598894,0.0016869693677878453,udd1,30479,0.0360904229,0.0010683505457980311,Uses total age-cell frequency,1.579041050171151
67,hours_2,0.04220183486238532,N=25000,25000,4.371412992477417,0.040374065840642896,0.0018277690217424272,udd1,30295,0.0384221819,0.0011043271554883596,Uses total age-cell frequency,1.6550974162490322
68,hours_2,0.03317159652887935,N=25000,25000,4.371412992477417,0.03438836272963612,0.0012167662007567734,udd1,29842,0.0315997587,0.0010126406675504552,Uses total age-cell frequency,1.2015774595544253
69,hours_2,0.028960007608540585,N=25000,25000,4.371412992477417,0.029828537607750807,0.0008685299992102213,udd1,29091,0.0279811626,0.0009669207788116671,Uses total age-cell frequency,0.8982431841806454
70,hours_2,0.02581647013150871,N=25000,25000,4.371412992477417,0.025701923158523887,0.00011454697298482475,udd1,28733,0.0253019177,0.0009264485133560915,Uses total age-cell frequency,0.12364094856159293
71,hours_2,0.024132804757185333,N=25000,25000,4.371412992477417,0.02203573402465048,0.0020970707325348517,udd1,28201,0.0194673948,0.0008227211912272667,Uses total age-cell frequency,2.5489445937409454
72,hours_2,0.019911616802966426,N=25000,25000,4.371412992477417,0.018737364501742303,0.0011742523012241227,udd1,27755,0.0192037471,0.0008237810021588854,Uses total age-cell frequency,1.4254423179786329
73,hours_2,0.01563966218329684,N=25000,25000,4.371412992477417,0.015576254916895339,6.340726640150299e-05,udd1,27615,0.0164403404,0.0007652145741357449,Uses total age-cell frequency,0.08286207365184721
74,hours_2,0.012752219531880549,N=25000,25000,4.371412992477417,0.013023989508788808,0.000271769976908259,udd1,27541,0.0134708253,0.0006946438834035003,Uses total age-cell frequency,0.39123640674223714
75,hours_2,0.011130899376669634,N=25000,25000,4.371412992477417,0.011121310892579636,9.5884840899986e-06,udd1,27329,0.0135753229,0.0006999953870974111,Uses total age-cell frequency,0.013697924681701182
76,hours_2,0.009857612267250822,N=25000,25000,4.371412992477417,0.008883874147277773,0.0009737381199730489,udd1,25186,0.011355515,0.0006676423731352384,Uses total age-cell frequency,1.4584726182078431
77,hours_2,0.0073696824445775915,N=25000,25000,4.371412992477417,0.007475810904900243,0.00010612846032265113,udd1,22442,0.0105159968,0.0006809242989268433,Uses total age-cell frequency,0.15585941122957825
78,hours_2,0.0059460474431996,N=25000,25000,4.371412992477417,0.006249538859070623,0.00030349141587102287,udd1,19392,0.0086633663,0.0006654916567716492,Uses total age-cell frequency,0.4560409026662827
79,hours_2,0.0052059308072487645,N=25000,25000,4.371412992477417,0.005203389466768137,2.541340480627201e-06,udd1,16359,0.0067241274,0.0006389612684507127,Uses total age-cell frequency,0.0039772997302155435
80,hours_2,0.004173622704507512,N=25000,25000,4.371412992477417,0.004336941636209799,0.00016331893170228647,udd1,13610,0.006098457,0.0006673483680921346,Uses total age-cell frequency,0.24472815026010306
81,hours_2,0.0031875463306152707,N=25000,25000,4.371412992477417,0.0037197883095546266,0.0005322419789393559,udd1,11239,0.005516505,0.0006986617419108037,Uses total age-cell frequency,0.7618020953654936
82,hours_2,0.0038086169959533444,N=25000,25000,4.371412992477417,0.0036212544819224993,0.00018736251403084518,udd1,7491,0.0044052863,0.0007651709291892821,Uses total age-cell frequency,0.24486360744175226
83,hours_2,0.0048751282928498115,N=25000,25000,4.371412992477417,0.004593267057422253,0.0002818612354275581,udd1,4499,0.0031118026,0.0008303692348246553,Uses total age-cell frequency,0.33944084583899264
84,hours_2,0.19806942639688138,N=25000,25000,4.371412992477417,0.19972203693933852,0.0016526105424571336,udd1,1982,0.0015136226,0.00087322879595392,Uses total age-cell frequency,1.8925286821901155
30,hours_3,0.09012,N=25000,25000,4.371412992477417,0.088833,0.0012870000000000104,udd1,2840,0.1084507042,0.00583485003966647,Uses total age-cell frequency,0.22057122141112945
31,hours_3,0.09108,N=25000,25000,4.371412992477417,0.088053,0.003026999999999988,udd1,5097,0.1012360212,0.004225061611070564,Uses total age-cell frequency,0.7164392566651812
32,hours_3,0.08940357614304573,N=25000,25000,4.371412992477417,0.08883626414067876,0.0005673120023669681,udd1,7282,0.0994232354,0.0035065414537082825,Uses total age-cell frequency,0.16178676620720314
33,hours_3,0.08996719737579006,N=25000,25000,4.371412992477417,0.0891830397103609,0.0007841576654291638,udd1,9171,0.1036964344,0.003183472679039799,Uses total age-cell frequency,0.246321468562338
34,hours_3,0.08913069568348202,N=25000,25000,4.371412992477417,0.08942448597850387,0.0002937902950218563,udd1,11180,0.0994633274,0.0028304878291297345,Uses total age-cell frequency,0.10379493315545732
35,hours_3,0.091745688792862,N=25000,25000,4.371412992477417,0.09017164307524841,0.0015740457176135897,udd1,13112,0.1045607077,0.002672193236843696,Uses total age-cell frequency,0.5890463668236804
36,hours_3,0.08854375150108078,N=25000,25000,4.371412992477417,0.09027159940313982,0.0017278479020590432,udd1,17702,0.0982939781,0.002237611950357781,Uses total age-cell frequency,0.7721838908586318
37,hours_3,0.08768768768768768,N=25000,25000,4.371412992477417,0.09046414380719456,0.002776456119506873,udd1,22115,0.0951842641,0.001973418425832658,Uses total age-cell frequency,1.4069272300097146
38,hours_3,0.09011895702327072,N=25000,25000,4.371412992477417,0.0911163122826099,0.0009973552593391805,udd1,26699,0.0934866474,0.0017816172041403198,Uses total age-cell frequency,0.5598033387988259
39,hours_3,0.0901622921258265,N=25000,25000,4.371412992477417,0.09114437471756606,0.0009820825917395692,udd1,31731,0.0898490435,0.0016053567721710758,Uses total age-cell frequency,0.6117534798270455
40,hours_3,0.08876593697377917,N=25000,25000,4.371412992477417,0.0912933712193371,0.00252743424555793,udd1,32214,0.0900540138,0.001594913069640975,Uses total age-cell frequency,1.5846846412305542
41,hours_3,0.0874082393998957,N=25000,25000,4.371412992477417,0.0917876431877401,0.004379403787844405,udd1,32959,0.0858035741,0.0015427140527699578,Uses total age-cell frequency,2.8387657323670212
42,hours_3,0.09014649809351796,N=25000,25000,4.371412992477417,0.09141170209561297,0.0012652040020950106,udd1,33929,0.085325238,0.0015166542007455748,Uses total age-cell frequency,0.8342072975323226
43,hours_3,0.09582931533269046,N=25000,25000,4.371412992477417,0.09139884374472328,0.00443047158796718,udd1,34810,0.0850617639,0.0014952405601530551,Uses total age-cell frequency,2.963049362113124
44,hours_3,0.09241906293987533,N=25000,25000,4.371412992477417,0.09152444478879787,0.0008946181510774559,udd1,35491,0.0792313544,0.0014337211201329695,Uses total age-cell frequency,0.6239833803902429
45,hours_3,0.09500805152979067,N=25000,25000,4.371412992477417,0.09182115945912998,0.0031868920706606824,udd1,36530,0.0787571859,0.0014093125372991154,Uses total age-cell frequency,2.2613096714290353
46,hours_3,0.09258736748760531,N=25000,25000,4.371412992477417,0.09177261803631638,0.0008147494512889264,udd1,37648,0.0762324692,0.001367667053932353,Uses total age-cell frequency,0.5957220720835066
47,hours_3,0.08917326013240756,N=25000,25000,4.371412992477417,0.09215833103430156,0.0029850709018939964,udd1,38609,0.0751897226,0.0013420271080220347,Uses total age-cell frequency,2.2243000041136165
48,hours_3,0.09303830751183205,N=25000,25000,4.371412992477417,0.0923299193688823,0.0007083881429497535,udd1,39731,0.0714555385,0.0012922738380231288,Uses total age-cell frequency,0.5481718518989896
49,hours_3,0.09290348742903487,N=25000,25000,4.371412992477417,0.09234655574718474,0.0005569316818501285,udd1,40045,0.070320889,0.0012777166780465119,Uses total age-cell frequency,0.4358804196730184
50,hours_3,0.09045471169084482,N=25000,25000,4.371412992477417,0.09212030130233542,0.0016655896114906033,udd1,40332,0.0698204899,0.0012689658976204653,Uses total age-cell frequency,1.3125566373484718
51,hours_3,0.09157941907361389,N=25000,25000,4.371412992477417,0.09096016108887926,0.0006192579847346252,udd1,40778,0.066874295,0.0012370484918612407,Uses total age-cell frequency,0.5005931366545712
52,hours_3,0.08676116171725011,N=25000,25000,4.371412992477417,0.08901595910575016,0.0022547973885000544,udd1,41035,0.0671134397,0.0012352132688172822,Uses total age-cell frequency,1.8254316444147534
53,hours_3,0.08508807865628841,N=25000,25000,4.371412992477417,0.08673075206461482,0.0016426734083264116,udd1,41296,0.0668829911,0.001229339688759101,Uses total age-cell frequency,1.3362241724942037
54,hours_3,0.08416594712388471,N=25000,25000,4.371412992477417,0.08385782662064306,0.00030812050324165174,udd1,42101,0.0644402746,0.0011966530286784312,Uses total age-cell frequency,0.2574852491552512
55,hours_3,0.08196382855727145,N=25000,25000,4.371412992477417,0.08079073143795486,0.0011730971193165962,udd1,42583,0.0643684099,0.001189243267493641,Uses total age-cell frequency,0.986423174620048
56,hours_3,0.07615687902054367,N=25000,25000,4.371412992477417,0.07807344862834396,0.0019165696078002892,udd1,42538,0.0642954535,0.0011892439982196489,Uses total age-cell frequency,1.6115865294838394
57,hours_3,0.07145538731072457,N=25000,25000,4.371412992477417,0.07427807106938203,0.0028226837586574627,udd1,41686,0.0635465144,0.0011947962755573247,Uses total age-cell frequency,2.3624812165913336
58,hours_3,0.06803405897403632,N=25000,25000,4.371412992477417,0.07065510190579109,0.0026210429317547745,udd1,40096,0.061277933,0.001197760654211734,Uses total age-cell frequency,2.1882860507550452
59,hours_3,0.06590439221973757,N=25000,25000,4.371412992477417,0.06647471246507881,0.0005703202453412465,udd1,38600,0.0641450777,0.001247074158234503,Uses total age-cell frequency,0.4573266486001565
60,hours_3,0.06194991283643012,N=25000,25000,4.371412992477417,0.06208009572566591,0.0001301828892357887,udd1,36987,0.0634276908,0.0012673178537371092,Uses total age-cell frequency,0.10272315571969655
61,hours_3,0.05769725006425083,N=25000,25000,4.371412992477417,0.05800386871267137,0.00030661864842054104,udd1,35482,0.0656389155,0.0013147222828494647,Uses total age-cell frequency,0.23321932884258323
62,hours_3,0.056895806312148724,N=25000,25000,4.371412992477417,0.05288545831177799,0.004010348000370735,udd1,34081,0.0674569408,0.0013585999782640566,Uses total age-cell frequency,2.9518239839035876
63,hours_3,0.04684771219001048,N=25000,25000,4.371412992477417,0.048515555769232874,0.0016678435792223945,udd1,32751,0.0684864584,0.0013956761529034037,Uses total age-cell frequency,1.1950075780493956
64,hours_3,0.04803069730516473,N=25000,25000,4.371412992477417,0.04461840221943419,0.0034122950857305434,udd1,31813,0.0596925785,0.0013282896504643858,Uses total age-cell frequency,2.5689389995153276
65,hours_3,0.04277621660198938,N=25000,25000,4.371412992477417,0.04162969453006086,0.0011465220719285227,udd1,31074,0.0552873785,0.0012964753893933939,Uses total age-cell frequency,0.8843377061441693
66,hours_3,0.03308657578766814,N=25000,25000,4.371412992477417,0.03283432376712786,0.00025225202054027923,udd1,30479,0.0468191214,0.0012100377895715012,Uses total age-cell frequency,0.20846623362862637
67,hours_3,0.027660550458715596,N=25000,25000,4.371412992477417,0.026696996329421498,0.0009635541292940981,udd1,30295,0.039973593,0.0011254927565131358,Uses total age-cell frequency,0.8561175749182641
68,hours_3,0.023560697956517683,N=25000,25000,4.371412992477417,0.022553573492313458,0.0010071244642042253,udd1,29842,0.0289859929,0.000971164670636326,Uses total age-cell frequency,1.0370274935396258
69,hours_3,0.01826049740834086,N=25000,25000,4.371412992477417,0.018666308537227436,0.000405811128886574,udd1,29091,0.022721804,0.0008736775659181141,Uses total age-cell frequency,0.464486149944943
70,hours_3,0.017130101421846945,N=25000,25000,4.371412992477417,0.016047941360819842,0.0010821600610271022,udd1,28733,0.0184108864,0.0007930703788629058,Uses total age-cell frequency,1.36451958094651
71,hours_3,0.0122398414271556,N=25000,25000,4.371412992477417,0.01299689452539277,0.000757053098237169,udd1,28201,0.0150349278,0.0007246508972931206,Uses total age-cell frequency,1.0447142217929826
72,hours_3,0.01056534769136994,N=25000,25000,4.371412992477417,0.010810652931435596,0.00024530524006565607,udd1,27755,0.011385336,0.0006368187385093998,Uses total age-cell frequency,0.38520418014055535
73,hours_3,0.00823688874986967,N=25000,25000,4.371412992477417,0.008727815281241197,0.0004909265313715275,udd1,27615,0.00854608,0.0005539202220604675,Uses total age-cell frequency,0.8862766005281111
74,hours_3,0.007263922518159807,N=25000,25000,4.371412992477417,0.007044751572741125,0.000219170945418682,udd1,27541,0.0076249955,0.0005241647987015627,Uses total age-cell frequency,0.4181336594170428
75,hours_3,0.005398486197684773,N=25000,25000,4.371412992477417,0.005250958602003447,0.00014752759568132604,udd1,27329,0.0064034542,0.0004825033355883769,Uses total age-cell frequency,0.30575456126417677
76,hours_3,0.004208220441574912,N=25000,25000,4.371412992477417,0.004442657582491059,0.00023443714091614647,udd1,25186,0.0048042563,0.00043570018026375354,Uses total age-cell frequency,0.5380698735865306
77,hours_3,0.003115638106650689,N=25000,25000,4.371412992477417,0.003469304458476387,0.0003536663518256978,udd1,22442,0.0043222529,0.00043790883630197123,Uses total age-cell frequency,0.8076255204446665
78,hours_3,0.003066908681229267,N=25000,25000,4.371412992477417,0.00269070826537228,0.000376200415856987,udd1,19392,0.0028877888,0.00038533941174575495,Uses total age-cell frequency,0.9762832567596335
79,hours_3,0.0019110378912685338,N=25000,25000,4.371412992477417,0.002231910710365013,0.00032087281909647927,udd1,16359,0.00311755,0.0004358633101230322,Uses total age-cell frequency,0.7361776310236017
80,hours_3,0.0018781302170283807,N=25000,25000,4.371412992477417,0.0018614307022670378,1.6699514761342937e-05,udd1,13610,0.0031594416,0.0004810485981348847,Uses total age-cell frequency,0.03471481847383004
81,hours_3,0.002223869532987398,N=25000,25000,4.371412992477417,0.0016392287465833949,0.0005846407864040031,udd1,11239,0.0020464454,0.0004262765184553196,Uses total age-cell frequency,1.3715059617230183
82,hours_3,0.0017456161231452828,N=25000,25000,4.371412992477417,0.0015437457462661394,0.0002018703768791434,udd1,7491,0.0017354158,0.00048089992231491055,Uses total age-cell frequency,0.4197762725920164
83,hours_3,0.0020526855969893944,N=25000,25000,4.371412992477417,0.0016700845306549254,0.00038260106633446894,udd1,4499,0.0017781729,0.0006281198639504679,Uses total age-cell frequency,0.609121106166195
84,hours_3,0.1937070725821422,N=25000,25000,4.371412992477417,0.20001952248921034,0.006312449907068141,udd1,1982,0.0005045409,0.0005044135870906817,Uses total age-cell frequency,12.514432736589448
30,hours_4,0.41892,N=25000,25000,4.371412992477417,0.418378,0.0005419999999999869,udd1,2840,0.4059859155,0.00921498610874567,Uses total age-cell frequency,0.05881723462237136
31,hours_4,0.445,N=25000,25000,4.371412992477417,0.444428,0.0005720000000000169,udd1,5097,0.4190700412,0.006911111146729345,Uses total age-cell frequency,0.0827652728853469
32,hours_4,0.4609384375375015,N=25000,25000,4.371412992477417,0.46123413923868345,0.0002957017011819274,udd1,7282,0.4290030211,0.0057999165270096065,Uses total age-cell frequency,0.05098378568120341
33,hours_4,0.4701176094087527,N=25000,25000,4.371412992477417,0.47222074980122314,0.0021031403924704484,udd1,9171,0.4334314688,0.005174615648613852,Uses total age-cell frequency,0.40643412676143903
34,hours_4,0.47993759251110135,N=25000,25000,4.371412992477417,0.48042392081743296,0.00048632830633160706,udd1,11180,0.4432915921,0.004698267450558872,Uses total age-cell frequency,0.10351226520187924
35,hours_4,0.4892169807546113,N=25000,25000,4.371412992477417,0.4880832322844257,0.0011337484701856027,udd1,13112,0.442419158,0.0043374692990578384,Uses total age-cell frequency,0.261384782696184
36,hours_4,0.4958770314626531,N=25000,25000,4.371412992477417,0.49642374270562606,0.0005467112429729526,udd1,17702,0.4876285166,0.003756867296173463,Uses total age-cell frequency,0.1455231712682006
37,hours_4,0.5078278278278279,N=25000,25000,4.371412992477417,0.5034252917980204,0.004402536029807447,udd1,22115,0.5167533348,0.0033603352287813176,Uses total age-cell frequency,1.3101478662306263
38,hours_4,0.5085913405695518,N=25000,25000,4.371412992477417,0.5095068267879694,0.0009154862184176382,udd1,26699,0.5410314993,0.003049686645988458,Uses total age-cell frequency,0.3001902571275197
39,hours_4,0.5153275896613905,N=25000,25000,4.371412992477417,0.5142677358492457,0.0010598538121447953,udd1,31731,0.5606819829,0.0027861591994010637,Uses total age-cell frequency,0.38039958821184033
40,hours_4,0.520287065993104,N=25000,25000,4.371412992477417,0.5209459202027716,0.0006588542096676031,udd1,32214,0.5623641895,0.002764031114803372,Uses total age-cell frequency,0.23836714649808594
41,hours_4,0.5313089173252036,N=25000,25000,4.371412992477417,0.5265425948723814,0.004766322452822158,udd1,32959,0.5695257744,0.002727364950947533,Uses total age-cell frequency,1.7475924705882346
42,hours_4,0.5309652819586594,N=25000,25000,4.371412992477417,0.531910150719457,0.0009448687607975792,udd1,33929,0.5774706004,0.0026816856978213095,Uses total age-cell frequency,0.35234135065314404
43,hours_4,0.5285278045644487,N=25000,25000,4.371412992477417,0.5374576857204886,0.008929881156039876,udd1,34810,0.5814421143,0.00264410681206735,Uses total age-cell frequency,3.3772770128971694
44,hours_4,0.5332394932636235,N=25000,25000,4.371412992477417,0.5425538658759059,0.009314372612282407,udd1,35491,0.5851060832,0.00261533136470357,Uses total age-cell frequency,3.5614502766222618
45,hours_4,0.5436795491143317,N=25000,25000,4.371412992477417,0.5470007022323331,0.0033211531180014076,udd1,36530,0.5940323022,0.0025693657707320863,Uses total age-cell frequency,1.292596467125471
46,hours_4,0.5492361642952155,N=25000,25000,4.371412992477417,0.5509605741854642,0.0017244098902486904,udd1,37648,0.597641309,0.0025272956073500163,Uses total age-cell frequency,0.6823142829962864
47,hours_4,0.5549814306475053,N=25000,25000,4.371412992477417,0.5556107996891507,0.0006293690416454556,udd1,38609,0.6019062913,0.0024912242449413777,Uses total age-cell frequency,0.25263443984355793
48,hours_4,0.5578657821285546,N=25000,25000,4.371412992477417,0.5600207753708586,0.0021549932423039486,udd1,39731,0.6046663814,0.0024528728566577266,Uses total age-cell frequency,0.8785588851271862
49,hours_4,0.5672343876723439,N=25000,25000,4.371412992477417,0.5628385918636502,0.004395795808693759,udd1,40045,0.5996503933,0.0024484690323141535,Uses total age-cell frequency,1.7953242416707647
50,hours_4,0.5732455605672722,N=25000,25000,4.371412992477417,0.5649154417446902,0.008330118822581944,udd1,40332,0.596523852,0.0024428565249446994,Uses total age-cell frequency,3.4099910238365387
51,hours_4,0.5666272864301136,N=25000,25000,4.371412992477417,0.5649193281166365,0.0017079583134771426,udd1,40778,0.5959831282,0.0024299860072059254,Uses total age-cell frequency,0.7028675508469314
52,hours_4,0.5654589273313999,N=25000,25000,4.371412992477417,0.564203011032408,0.0012559162989919104,udd1,41035,0.5937126843,0.00242453008113409,Uses total age-cell frequency,0.5180040077722802
53,hours_4,0.5567800081933634,N=25000,25000,4.371412992477417,0.5612048383141621,0.004424830120798751,udd1,41296,0.5899118559,0.0024203500164373796,Uses total age-cell frequency,1.8281777803822994
54,hours_4,0.5561037786275236,N=25000,25000,4.371412992477417,0.5560634581956881,4.0320431835438875e-05,udd1,42101,0.5911261015,0.0023960096120189487,Uses total age-cell frequency,0.01682815946696628
55,hours_4,0.5467420926583533,N=25000,25000,4.371412992477417,0.5508461781865336,0.004104085528180312,udd1,42583,0.5930300824,0.002380682003539841,Uses total age-cell frequency,1.7239116866838742
56,hours_4,0.5418136542851214,N=25000,25000,4.371412992477417,0.5416233825594827,0.0001902717256386799,udd1,42538,0.5879213879,0.0023864983224430717,Uses total age-cell frequency,0.07972841373879436
57,hours_4,0.536853960705794,N=25000,25000,4.371412992477417,0.5322602201914564,0.004593740514337696,udd1,41686,0.5844887972,0.0024137059022581874,Uses total age-cell frequency,1.9031898252558181
58,hours_4,0.5186024076171302,N=25000,25000,4.371412992477417,0.5179147723752183,0.0006876352419118437,udd1,40096,0.5800079808,0.0024648300440511376,Uses total age-cell frequency,0.2789787651166659
59,hours_4,0.5033964811611324,N=25000,25000,4.371412992477417,0.5022540877471701,0.0011423934139623837,udd1,38600,0.5647927461,0.002523474761481624,Uses total age-cell frequency,0.4527064947903989
60,hours_4,0.4791870402653174,N=25000,25000,4.371412992477417,0.48335925548596853,0.004172215220651143,udd1,36987,0.5478681699,0.002587891250822338,Uses total age-cell frequency,1.6122065482177292
61,hours_4,0.45892229932322454,N=25000,25000,4.371412992477417,0.4636254107690971,0.004703111445872543,udd1,35482,0.5160926667,0.002653022297651055,Uses total age-cell frequency,1.7727372476426624
62,hours_4,0.43748378728923476,N=25000,25000,4.371412992477417,0.44165337269935,0.004169585410115251,udd1,34081,0.4794166838,0.002706110521891471,Uses total age-cell frequency,1.5408038128468107
63,hours_4,0.41617184771219,N=25000,25000,4.371412992477417,0.4187377279715382,0.0025658802593481744,udd1,32751,0.4251167903,0.002731691547452209,Uses total age-cell frequency,0.9393008744861098
64,hours_4,0.3864508446169453,N=25000,25000,4.371412992477417,0.39078652082486615,0.004335676207920858,udd1,31813,0.3605758652,0.0026920959002591,Uses total age-cell frequency,1.610520712692134
65,hours_4,0.34573352959543246,N=25000,25000,4.371412992477417,0.3472952041644223,0.0015616745689898126,udd1,31074,0.2824226041,0.0025537919916284466,Uses total age-cell frequency,0.6115120472258971
66,hours_4,0.23666155096145167,N=25000,25000,4.371412992477417,0.23821583795906862,0.0015542869976169493,udd1,30479,0.2089635487,0.0023288051817227096,Uses total age-cell frequency,0.6674182150639074
67,hours_4,0.18408256880733945,N=25000,25000,4.371412992477417,0.18465020363381526,0.0005676348264758158,udd1,30295,0.1331572867,0.0019519430457098721,Uses total age-cell frequency,0.2908050148919081
68,hours_4,0.1557805355976486,N=25000,25000,4.371412992477417,0.1574057320163852,0.0016251964187365964,udd1,29842,0.0862877823,0.0016254192792777352,Uses total age-cell frequency,0.9998628904283466
69,hours_4,0.1356697893385325,N=25000,25000,4.371412992477417,0.1373874061247265,0.001717616786194004,udd1,29091,0.0607748101,0.0014007716578385027,Uses total age-cell frequency,1.2261932746729165
70,hours_4,0.11850342116756442,N=25000,25000,4.371412992477417,0.11852951053596997,2.6089368405549096e-05,udd1,28733,0.0449309157,0.0012220797334726802,Uses total age-cell frequency,0.021348335702624864
71,hours_4,0.10118929633300297,N=25000,25000,4.371412992477417,0.10196019143404522,0.0007708951010422516,udd1,28201,0.0328002553,0.0010606313122945468,Uses total age-cell frequency,0.7268266475883253
72,hours_4,0.08823081221110378,N=25000,25000,4.371412992477417,0.0874414576412382,0.0007893545698655774,udd1,27755,0.0247162673,0.0009319364882404979,Uses total age-cell frequency,0.8470046830722165
73,hours_4,0.07580022938171202,N=25000,25000,4.371412992477417,0.07443162254937763,0.0013686068323343903,udd1,27615,0.020822017,0.0008592503039551779,Uses total age-cell frequency,1.5927917930719553
74,hours_4,0.06279257465698143,N=25000,25000,4.371412992477417,0.06358953136211071,0.0007969567051292759,udd1,27541,0.017283323,0.000785304224416068,Uses total age-cell frequency,1.0148381739852124
75,hours_4,0.05554318788958148,N=25000,25000,4.371412992477417,0.053799758075379935,0.0017434298142015442,udd1,27329,0.0127337261,0.0006782394270407979,Uses total age-cell frequency,2.5705226571805775
76,hours_4,0.045713956303683634,N=25000,25000,4.371412992477417,0.045524631315620345,0.00018932498806328857,udd1,25186,0.0106011276,0.0006453304190122713,Uses total age-cell frequency,0.2933768229197459
77,hours_4,0.03762732174955063,N=25000,25000,4.371412992477417,0.03868604595327843,0.0010587242037278025,udd1,22442,0.009535692,0.0006487311375715493,Uses total age-cell frequency,1.6319922729329985
78,hours_4,0.033735995493521936,N=25000,25000,4.371412992477417,0.03331517550042621,0.00042081999309572654,udd1,19392,0.0084570957,0.0006575898130504886,Uses total age-cell frequency,0.6399429929481233
79,hours_4,0.030115321252059308,N=25000,25000,4.371412992477417,0.029878218895633413,0.0002371023564258952,udd1,16359,0.007090898,0.0006560349681438074,Uses total age-cell frequency,0.36141725356005827
80,hours_4,0.024972175848636615,N=25000,25000,4.371412992477417,0.027199218443341503,0.002227042594704888,udd1,13610,0.006098457,0.0006673483680921346,Uses total age-cell frequency,3.337151480675264
81,hours_4,0.029132690882134916,N=25000,25000,4.371412992477417,0.027134427883206805,0.001998262998928111,udd1,11239,0.0057834327,0.000715269168667739,Uses total age-cell frequency,2.793721701510045
82,hours_4,0.029913512655716894,N=25000,25000,4.371412992477417,0.030859040933073265,0.0009455282773563715,udd1,7491,0.0042717928,0.0007535387600949321,Uses total age-cell frequency,1.254783864385758
83,hours_4,0.027540198426274375,N=25000,25000,4.371412992477417,0.030790713389116865,0.0032505149628424893,udd1,4499,0.0040008891,0.0009411302557820629,Uses total age-cell frequency,3.453841742811007
84,hours_4,0.20484499721551885,N=25000,25000,4.371412992477417,0.19992888236073378,0.004916114854785075,udd1,1982,0.0065590313,0.0018131722328885006,Uses total age-cell frequency,2.711333631528973
30,work_work,0.55884,N=25000,25000,4.371412992477417,0.561155,0.002314999999999956,udd1,2840,,,Approximate: uses total age-cell frequency,
31,work_work,0.5492,N=25000,25000,4.371412992477417,0.545674,0.003526000000000029,udd1,5097,0.6723826715,0.0065740707206424585,Approximate: uses total age-cell frequency,0.5363495693662764
32,work_work,0.5645825833033321,N=25000,25000,4.371412992477417,0.5618879706225899,0.0026946126807422255,udd1,7282,0.6603319702,0.0055498744802939615,Approximate: uses total age-cell frequency,0.48552677908483066
33,work_work,0.5758460676854148,N=25000,25000,4.371412992477417,0.576458821940962,0.0006127542555471877,udd1,9171,0.6692446931,0.0049128955598924055,Approximate: uses total age-cell frequency,0.12472364781159875
34,work_work,0.5868704244509341,N=25000,25000,4.371412992477417,0.5881586252081843,0.001288200757250224,udd1,11180,0.6661116803,0.00446018873057357,Approximate: uses total age-cell frequency,0.2888220286329822
35,work_work,0.5996479014123954,N=25000,25000,4.371412992477417,0.5977232980762689,0.0019246033361265402,udd1,13112,0.6699896158,0.004106420018226304,Approximate: uses total age-cell frequency,0.4686815590183683
36,work_work,0.6079177007445361,N=25000,25000,4.371412992477417,0.6065066166013997,0.0014110841431363985,udd1,17702,0.6784866234,0.0035104193512207438,Approximate: uses total age-cell frequency,0.4019702496927314
37,work_work,0.6161361361361362,N=25000,25000,4.371412992477417,0.6150939089572156,0.0010422271789205517,udd1,22115,0.7102259215,0.0030505950015394375,Approximate: uses total age-cell frequency,0.34164717977791453
38,work_work,0.6276685224496336,N=25000,25000,4.371412992477417,0.6223168314650178,0.005351690984615742,udd1,26699,0.7299515991,0.0027171920762399143,Approximate: uses total age-cell frequency,1.9695666829786584
39,work_work,0.6295331596874374,N=25000,25000,4.371412992477417,0.6286681342376563,0.000865025449781065,udd1,31731,0.7458161438,0.0024442633303284507,Approximate: uses total age-cell frequency,0.3539002688653952
40,work_work,0.63767941624569,N=25000,25000,4.371412992477417,0.6353869846738147,0.0022924315718753085,udd1,32214,0.7468616044,0.002422572321862663,Approximate: uses total age-cell frequency,0.946279931949651
41,work_work,0.6423843716153878,N=25000,25000,4.371412992477417,0.6430753671435494,0.0006909955281616531,udd1,32959,0.746649244,0.0023956998403133114,Approximate: uses total age-cell frequency,0.2884315958677378
42,work_work,0.6490066225165563,N=25000,25000,4.371412992477417,0.6498107220676982,0.0008040995511419124,udd1,33929,0.7506724827,0.002348685272502447,Approximate: uses total age-cell frequency,0.3423615588499735
43,work_work,0.6575056252009001,N=25000,25000,4.371412992477417,0.6554893983130573,0.0020162268878427536,udd1,34810,0.7516776153,0.00231564367494827,Approximate: uses total age-cell frequency,0.8706982467359944
44,work_work,0.6541725316710235,N=25000,25000,4.371412992477417,0.6609969098752178,0.006824378204194237,udd1,35491,0.7511925337,0.0022948178405947112,Approximate: uses total age-cell frequency,2.9738213131660474
45,work_work,0.6575684380032206,N=25000,25000,4.371412992477417,0.6666058804149719,0.009037442411751306,udd1,36530,0.7543883338,0.0022521491127892946,Approximate: uses total age-cell frequency,4.01280819304118
46,work_work,0.6654036841468822,N=25000,25000,4.371412992477417,0.6713930293045245,0.005989345157642267,udd1,37648,0.7576997349,0.0022082821266600438,Approximate: uses total age-cell frequency,2.7122191885422544
47,work_work,0.6684159534958825,N=25000,25000,4.371412992477417,0.6768996318517463,0.008483678355863833,udd1,38609,0.7577128754,0.0021805860269879717,Approximate: uses total age-cell frequency,3.8905497196009637
48,work_work,0.6752963067837061,N=25000,25000,4.371412992477417,0.6812114511576296,0.005915144373923487,udd1,39731,0.7561473508,0.0021542802923518794,Approximate: uses total age-cell frequency,2.7457635828185487
49,work_work,0.6851581508515815,N=25000,25000,4.371412992477417,0.6854377599675358,0.0002796091159542602,udd1,40045,0.7491597922,0.00216626537038045,Approximate: uses total age-cell frequency,0.12907426752852255
50,work_work,0.6959648908935755,N=25000,25000,4.371412992477417,0.6886657772933223,0.007299113600253149,udd1,40332,0.7449686671,0.0021704055664326836,Approximate: uses total age-cell frequency,3.363018282454048
51,work_work,0.6927119403593107,N=25000,25000,4.371412992477417,0.6879800168225728,0.004731923536737903,udd1,40778,0.73708627,0.0021799816266490682,Approximate: uses total age-cell frequency,2.1706254212846376
52,work_work,0.6864915648870553,N=25000,25000,4.371412992477417,0.6844704720242715,0.0020210928627838465,udd1,41035,0.7332190971,0.0021833181952265746,Approximate: uses total age-cell frequency,0.9256978058455226
53,work_work,0.674068004916018,N=25000,25000,4.371412992477417,0.6783787194617072,0.004310714545689209,udd1,41296,0.7302130898,0.002184143912406664,Approximate: uses total age-cell frequency,1.9736403454016545
54,work_work,0.6624727601661116,N=25000,25000,4.371412992477417,0.6687886676497483,0.006315907483636751,udd1,42101,0.7277731347,0.002169288406902525,Approximate: uses total age-cell frequency,2.9115111958096365
55,work_work,0.6524073003551077,N=25000,25000,4.371412992477417,0.6569064395576669,0.004499139202559177,udd1,42583,0.7300996078,0.002151169779622585,Approximate: uses total age-cell frequency,2.091484942368675
56,work_work,0.639551774227018,N=25000,25000,4.371412992477417,0.6428209326097616,0.0032691583827435533,udd1,42538,0.7255845362,0.002163514280890745,Approximate: uses total age-cell frequency,1.5110408152229071
57,work_work,0.6221999749718433,N=25000,25000,4.371412992477417,0.6255387841021101,0.00333880913026674,udd1,41686,0.7195160232,0.0022002860789693173,Approximate: uses total age-cell frequency,1.5174431916738493
58,work_work,0.604001510003775,N=25000,25000,4.371412992477417,0.6050842099846356,0.0010826999808606352,udd1,40096,0.7155067517,0.0022531615190435656,Approximate: uses total age-cell frequency,0.48052479669554526
59,work_work,0.5787941437070165,N=25000,25000,4.371412992477417,0.5803898065554051,0.0015956628483885238,udd1,38600,0.7042536736,0.002322900393663822,Approximate: uses total age-cell frequency,0.6869269352835856
60,work_work,0.5494281219439602,N=25000,25000,4.371412992477417,0.5532756126304225,0.003847490686462285,udd1,36987,0.692141219,0.002400206324669604,Approximate: uses total age-cell frequency,1.6029833131082614
61,work_work,0.5177332305319969,N=25000,25000,4.371412992477417,0.523296495092228,0.0055632645602310404,udd1,35482,0.6680743243,0.002499935298813833,Approximate: uses total age-cell frequency,2.2253634175535235
62,work_work,0.48728923476005187,N=25000,25000,4.371412992477417,0.4902313691451528,0.0029421343851009363,udd1,34081,0.6330191334,0.0026108021689551656,Approximate: uses total age-cell frequency,1.1269082047217576
63,work_work,0.45446210268948656,N=25000,25000,4.371412992477417,0.45643914767518473,0.001977044985698173,udd1,32751,0.5905721693,0.002717145444577835,Approximate: uses total age-cell frequency,0.7276183870257811
64,work_work,0.4210735235742954,N=25000,25000,4.371412992477417,0.41944832217137,0.0016252014029253803,udd1,31813,0.5234845597,0.0028001939585507196,Approximate: uses total age-cell frequency,0.5803888684077179
65,work_work,0.3700878718943753,N=25000,25000,4.371412992477417,0.3722812907205711,0.002193418826195781,udd1,31074,0.451007183,0.002822776412639654,Approximate: uses total age-cell frequency,0.7770430617084036
66,work_work,0.3033312268664801,N=25000,25000,4.371412992477417,0.30435885214591474,0.0010276252794346186,udd1,30479,0.3638179712,0.002755703039724757,Approximate: uses total age-cell frequency,0.3729085698353256
67,work_work,0.2303211009174312,N=25000,25000,4.371412992477417,0.23377047108629592,0.003449370168864735,udd1,30295,0.2869565217,0.0025988461920787285,Approximate: uses total age-cell frequency,1.3272698397382652
68,work_work,0.18097415321451898,N=25000,25000,4.371412992477417,0.18382096291618172,0.0028468097016627336,udd1,29842,0.2166905885,0.002384914059505271,Approximate: uses total age-cell frequency,1.1936739147125823
69,work_work,0.1486994150934424,N=25000,25000,4.371412992477417,0.1505391551552218,0.0018397400617793935,udd1,29091,0.1757674887,0.0022315921199712293,Approximate: uses total age-cell frequency,0.8244069538133664
70,work_work,0.12301645072062892,N=25000,25000,4.371412992477417,0.12422757840602007,0.001211127685391153,udd1,28733,0.1487553905,0.0020992929975565833,Approximate: uses total age-cell frequency,0.5769217002108867
71,work_work,0.10099108027750248,N=25000,25000,4.371412992477417,0.10116833258567318,0.00017725230817070003,udd1,28201,0.1242171641,0.0019640691104851186,Approximate: uses total age-cell frequency,0.09024749038842085
72,work_work,0.08157667496317367,N=25000,25000,4.371412992477417,0.0812024422703768,0.00037423269279686366,udd1,27755,0.1086475482,0.001867944984217995,Approximate: uses total age-cell frequency,0.20034460113049538
73,work_work,0.06339276404962986,N=25000,25000,4.371412992477417,0.06500735577976482,0.001614591730134965,udd1,27615,0.0970778497,0.0017816102549106615,Approximate: uses total age-cell frequency,0.9062541741015789
74,work_work,0.051439332795265,N=25000,25000,4.371412992477417,0.0519535312438696,0.0005141984486046053,udd1,27541,0.0861905835,0.0016910944814589534,Approximate: uses total age-cell frequency,0.30406251941700635
75,work_work,0.04240872662511131,N=25000,25000,4.371412992477417,0.04049945907210381,0.0019092675530075001,udd1,27329,0.078566939,0.0016275709947572911,Approximate: uses total age-cell frequency,1.1730778928585026
76,work_work,0.03147518302876578,N=25000,25000,4.371412992477417,0.03153379042414915,5.860739538337406e-05,udd1,25186,0.0695135434,0.0016025446626705602,Approximate: uses total age-cell frequency,0.03657145834906578
77,work_work,0.023127621330137807,N=25000,25000,4.371412992477417,0.024478703992701255,0.0013510826625634485,udd1,22442,0.0632012352,0.0016242585397078944,Approximate: uses total age-cell frequency,0.8318150279243268
78,work_work,0.019841021468360767,N=25000,25000,4.371412992477417,0.019208580125493126,0.0006324413428676415,udd1,19392,0.056398872,0.0016566018173123271,Approximate: uses total age-cell frequency,0.38177028194603524
79,work_work,0.015485996705107084,N=25000,25000,4.371412992477417,0.014868949532734965,0.0006170471723721191,udd1,16359,0.0523964833,0.0017421519259807428,Approximate: uses total age-cell frequency,0.35418677508550406
80,work_work,0.010225375626043406,N=25000,25000,4.371412992477417,0.012009455439930917,0.0017840798138875104,udd1,13610,0.0474093264,0.0018216124775568378,Approximate: uses total age-cell frequency,0.979395912065959
81,work_work,0.009636767976278725,N=25000,25000,4.371412992477417,0.009942923686855388,0.0003061557105766624,udd1,11239,0.0412920761,0.0018767770426771275,Approximate: uses total age-cell frequency,0.16312843966801022
82,work_work,0.009759581052130446,N=25000,25000,4.371412992477417,0.00966726127995968,9.231977217076526e-05,udd1,7491,0.0362027353,0.002158209692576769,Approximate: uses total age-cell frequency,0.04277609005663447
83,work_work,0.01342798494697229,N=25000,25000,4.371412992477417,0.012511734428760524,0.0009162505182117656,udd1,4499,0.0355386679,0.0027601646284504144,Approximate: uses total age-cell frequency,0.3319550249892733
84,work_work,0.05865973640245034,N=25000,25000,4.371412992477417,0.06095432434756538,0.0022945879451150425,udd1,1982,0.0344478217,0.004096537466321932,Approximate: uses total age-cell frequency,0.5601286364348166
30,nowork_nowork,0.13876,N=25000,25000,4.371412992477417,0.136219,0.0025409999999999877,udd1,2840,,,Approximate: uses total age-cell frequency,
31,nowork_nowork,0.16544,N=25000,25000,4.371412992477417,0.164972,0.0004679999999999962,udd1,5097,0.2378158845,0.0059633878968959365,Approximate: uses total age-cell frequency,0.078478879471114
32,nowork_nowork,0.15252610104404177,N=25000,25000,4.371412992477417,0.15418140070723393,0.0016552996631921668,udd1,7282,0.2383930719,0.004993291505791284,Approximate: uses total age-cell frequency,0.33150471212672616
33,nowork_nowork,0.14225138011040883,N=25000,25000,4.371412992477417,0.1443534877208423,0.0021021076104334735,udd1,9171,0.2363008063,0.004435937525928501,Approximate: uses total age-cell frequency,0.4738812479090255
34,nowork_nowork,0.1358162979557547,N=25000,25000,4.371412992477417,0.1374041601856529,0.001587862229898207,udd1,11180,0.2392418033,0.004034790150820682,Approximate: uses total age-cell frequency,0.39354270495957105
35,nowork_nowork,0.13055655583563397,N=25000,25000,4.371412992477417,0.13133856786684756,0.0007820120312135859,udd1,13112,0.2414330218,0.0037373247017370875,Approximate: uses total age-cell frequency,0.20924380235148182
36,nowork_nowork,0.12400928668641421,N=25000,25000,4.371412992477417,0.1259340951873895,0.0019248085009752752,udd1,17702,0.2296184898,0.00316115059146382,Approximate: uses total age-cell frequency,0.6088949087629396
37,nowork_nowork,0.11795795795795795,N=25000,25000,4.371412992477417,0.12142441682943018,0.0034664588714722333,udd1,22115,0.2094530321,0.0027362998878739083,Approximate: uses total age-cell frequency,1.266841725511912
38,nowork_nowork,0.11799575439580245,N=25000,25000,4.371412992477417,0.11708444626051459,0.0009113081352878638,udd1,26699,0.1965455063,0.0024320063456893955,Approximate: uses total age-cell frequency,0.3747145384316575
39,nowork_nowork,0.11432578641554798,N=25000,25000,4.371412992477417,0.11341244322514256,0.0009133431904054246,udd1,31731,0.1839339924,0.002174962449571994,Approximate: uses total age-cell frequency,0.4199351536322658
40,nowork_nowork,0.10873225884050998,N=25000,25000,4.371412992477417,0.10977182171654078,0.0010395628760307973,udd1,32214,0.1850505205,0.002163655792257215,Approximate: uses total age-cell frequency,0.4804659224221069
41,nowork_nowork,0.10405551767018333,N=25000,25000,4.371412992477417,0.10588142043442185,0.001825902764238524,udd1,32959,0.1879783461,0.0021520418080539284,Approximate: uses total age-cell frequency,0.8484513439307534
42,nowork_nowork,0.10435480634156132,N=25000,25000,4.371412992477417,0.1018465894827742,0.0025082168587871184,udd1,33929,0.188258815,0.002122271397809841,Approximate: uses total age-cell frequency,1.1818549038429151
43,nowork_nowork,0.10237865638058502,N=25000,25000,4.371412992477417,0.09839627875561845,0.003982377624966574,udd1,34810,0.1874690966,0.0020918607704401918,Approximate: uses total age-cell frequency,1.903748892488939
44,nowork_nowork,0.09712447214960788,N=25000,25000,4.371412992477417,0.09540445819174874,0.0017200139578591456,udd1,35491,0.1887659869,0.002077188114816216,Approximate: uses total age-cell frequency,0.8280492005469267
45,nowork_nowork,0.0965378421900161,N=25000,25000,4.371412992477417,0.09274101329002397,0.0037968288999921246,udd1,36530,0.1890359168,0.0020485574031201934,Approximate: uses total age-cell frequency,1.8534159180548753
46,nowork_nowork,0.09331291063726874,N=25000,25000,4.371412992477417,0.08997576620950021,0.003337144427768529,udd1,37648,0.1884593984,0.0020155476580170323,Approximate: uses total age-cell frequency,1.65570107682382
47,nowork_nowork,0.09014209591474245,N=25000,25000,4.371412992477417,0.08773913720116376,0.002402958713578693,udd1,38609,0.1894440401,0.001994287185095793,Approximate: uses total age-cell frequency,1.2049211024054542
48,nowork_nowork,0.08624246591966345,N=25000,25000,4.371412992477417,0.08454927974664576,0.0016931861730176828,udd1,39731,0.1923850175,0.001977529902021881,Approximate: uses total age-cell frequency,0.8562126778899893
49,nowork_nowork,0.08037307380373074,N=25000,25000,4.371412992477417,0.08255351526833722,0.0021804414646064835,udd1,40045,0.1996333639,0.0019975005227955175,Approximate: uses total age-cell frequency,1.091584928125545
50,nowork_nowork,0.08041773334958754,N=25000,25000,4.371412992477417,0.08148442647621063,0.0010666931266230806,udd1,40332,0.2031513618,0.002003424161403428,Approximate: uses total age-cell frequency,0.5324349916374406
51,nowork_nowork,0.07797286837495417,N=25000,25000,4.371412992477417,0.08113373945403105,0.0031608710790768796,udd1,40778,0.2109614298,0.002020401516996144,Approximate: uses total age-cell frequency,1.5644766906413445
52,nowork_nowork,0.08279890527347739,N=25000,25000,4.371412992477417,0.08312805426116407,0.00032914898768668377,udd1,41035,0.2166450012,0.002033651011381355,Approximate: uses total age-cell frequency,0.16185126447192613
53,nowork_nowork,0.08791478902089307,N=25000,25000,4.371412992477417,0.08616746542558922,0.0017473235953038568,udd1,41296,0.2208757757,0.0020413778776379094,Approximate: uses total age-cell frequency,0.8559530376246143
54,nowork_nowork,0.09185477570823568,N=25000,25000,4.371412992477417,0.09063161623567598,0.0012231594725597011,udd1,42101,0.2236663881,0.00203085235708332,Approximate: uses total age-cell frequency,0.602288722906664
55,nowork_nowork,0.09753076224295978,N=25000,25000,4.371412992477417,0.09667505640843221,0.0008557058345275703,udd1,42583,0.2249216964,0.0020233468516735018,Approximate: uses total age-cell frequency,0.42291603825603086
56,nowork_nowork,0.10541606142353185,N=25000,25000,4.371412992477417,0.10400651547008619,0.0014095459534456678,udd1,42538,0.2267522017,0.0020302362081057045,Approximate: uses total age-cell frequency,0.6942768274046464
57,nowork_nowork,0.11070787969799357,N=25000,25000,4.371412992477417,0.11327413669245034,0.00256625699445677,udd1,41686,0.233712867,0.00207272633816718,Approximate: uses total age-cell frequency,1.2381070029370096
58,nowork_nowork,0.12352669770563315,N=25000,25000,4.371412992477417,0.12539132936989275,0.0018646316642595973,udd1,40096,0.2394717317,0.002131249445124024,Approximate: uses total age-cell frequency,0.8749007154116062
59,nowork_nowork,0.13927682376271044,N=25000,25000,4.371412992477417,0.13984117269641747,0.0005643489337070207,udd1,38600,0.2504253674,0.0022052252053439635,Approximate: uses total age-cell frequency,0.25591442195537367
60,nowork_nowork,0.16191164590331222,N=25000,25000,4.371412992477417,0.15790902442218085,0.004002621481131369,udd1,36987,0.2606027326,0.0022824635438857183,Approximate: uses total age-cell frequency,1.7536409253298364
61,nowork_nowork,0.18495673777092436,N=25000,25000,4.371412992477417,0.17792859725370752,0.007028140517216841,udd1,35482,0.2778040541,0.0023778955105194003,Approximate: uses total age-cell frequency,2.9556136870293743
62,nowork_nowork,0.20747946389969738,N=25000,25000,4.371412992477417,0.20131107017699557,0.006168393722701809,udd1,34081,0.3056767023,0.0024954902311029063,Approximate: uses total age-cell frequency,2.4718164174001305
63,nowork_nowork,0.22913028292001397,N=25000,25000,4.371412992477417,0.22842554177215466,0.0007047411478593169,udd1,32751,0.3404534998,0.0026184201177384928,Approximate: uses total age-cell frequency,0.2691474691494487
64,nowork_nowork,0.2609270939002338,N=25000,25000,4.371412992477417,0.25820801894294143,0.0027190749572923445,udd1,31813,0.3903164316,0.0027350064183156012,Approximate: uses total age-cell frequency,0.9941749822170186
65,nowork_nowork,0.29028948659619075,N=25000,25000,4.371412992477417,0.292677393615238,0.0023879070190472307,udd1,31074,0.467988757,0.0028306067261004274,Approximate: uses total age-cell frequency,0.8436025382928839
66,nowork_nowork,0.3445878848063555,N=25000,25000,4.371412992477417,0.34161984324389805,0.0029680415624574463,udd1,30479,0.539813816,0.002854883751424113,Approximate: uses total age-cell frequency,1.0396365739855034
67,nowork_nowork,0.41995412844036695,N=25000,25000,4.371412992477417,0.417177618087508,0.002776510352858974,udd1,30295,0.6314256825,0.002771648662609021,Approximate: uses total age-cell frequency,1.0017540788324075
68,nowork_nowork,0.48772977512363536,N=25000,25000,4.371412992477417,0.4880513922629102,0.0003216171392748657,udd1,29842,0.7120360878,0.0026212356880075983,Approximate: uses total age-cell frequency,0.1226967650205186
69,nowork_nowork,0.5396357411194065,N=25000,25000,4.371412992477417,0.5390897886758996,0.0005459524435068586,udd1,29091,0.7710954538,0.002463212927763735,Approximate: uses total age-cell frequency,0.22164240750494507
70,nowork_nowork,0.5834425195321978,N=25000,25000,4.371412992477417,0.5839198099997454,0.0004772904675475198,udd1,28733,0.8070961957,0.002327783363356363,Approximate: uses total age-cell frequency,0.20504075897308954
71,nowork_nowork,0.6263131813676908,N=25000,25000,4.371412992477417,0.6260740902297753,0.0002390911379154259,udd1,28201,0.8336716624,0.0022174221883415916,Approximate: uses total age-cell frequency,0.10782391335871046
72,nowork_nowork,0.6667851881952558,N=25000,25000,4.371412992477417,0.666351731634716,0.0004334565605398355,udd1,27755,0.856346256,0.00210529306804352,Approximate: uses total age-cell frequency,0.20588894112621248
73,nowork_nowork,0.7058179543321864,N=25000,25000,4.371412992477417,0.7040263764698518,0.0017915778623346368,udd1,27615,0.8718269016,0.0020115973300965846,Approximate: uses total age-cell frequency,0.8906244980194998
74,nowork_nowork,0.7387140166801184,N=25000,25000,4.371412992477417,0.7385715936483026,0.00014242303181577487,udd1,27541,0.8887136743,0.001895012070113755,Approximate: uses total age-cell frequency,0.07515679401832275
75,nowork_nowork,0.7689225289403384,N=25000,25000,4.371412992477417,0.7703021557955667,0.0013796268552282998,udd1,27329,0.8978180839,0.001832185008002886,Approximate: uses total age-cell frequency,0.7529953848558762
76,nowork_nowork,0.7955842508791146,N=25000,25000,4.371412992477417,0.7994939145822345,0.003909663703119959,udd1,25186,0.9088815183,0.0018133317839947713,Approximate: uses total age-cell frequency,2.156066384336443
77,nowork_nowork,0.8241461953265429,N=25000,25000,4.371412992477417,0.8236762022520467,0.00046999307449613337,udd1,22442,0.9167267113,0.0018443444032827103,Approximate: uses total age-cell frequency,0.25482934405287994
78,nowork_nowork,0.848720035050385,N=25000,25000,4.371412992477417,0.8457002827284472,0.003019752321937741,udd1,19392,0.9263214736,0.00187603108541212,Approximate: uses total age-cell frequency,1.6096494058222772
79,nowork_nowork,0.8618780889621087,N=25000,25000,4.371412992477417,0.8631254343724154,0.0012473454103066883,udd1,16359,0.9325723199,0.00196056837544874,Approximate: uses total age-cell frequency,0.6362162248083761
80,nowork_nowork,0.8782693377851976,N=25000,25000,4.371412992477417,0.8769571626702023,0.001312175114995262,udd1,13610,0.9380829016,0.00206584077643286,Approximate: uses total age-cell frequency,0.6351772750177912
81,nowork_nowork,0.887991104521868,N=25000,25000,4.371412992477417,0.8864407596823901,0.001550344839477913,udd1,11239,0.9424001673,0.002197679983646345,Approximate: uses total age-cell frequency,0.7054461300164425
82,nowork_nowork,0.8832817583115131,N=25000,25000,4.371412992477417,0.8854969254061261,0.002215167094613002,udd1,7491,0.9497184232,0.0025248290421263082,Approximate: uses total age-cell frequency,0.8773533010169585
83,nowork_nowork,0.8727334929866576,N=25000,25000,4.371412992477417,0.8716194687805389,0.0011140242061187244,udd1,4499,0.9532856504,0.0031461446377548307,Approximate: uses total age-cell frequency,0.35409185984332897
84,nowork_nowork,0.1853536291071097,N=25000,25000,4.371412992477417,0.18495234420937404,0.00040128489773566534,udd1,1982,0.9549138804,0.004660705990802418,Approximate: uses total age-cell frequency,0.08609959489561742
30,prob_work,0.68114,N=50000,50000,5.633008241653442,0.683829,0.0026890000000000525,udd1,2840,0.7408450704,0.008222128593867357,Uses total age-cell frequency,0.327044264669577
31,prob_work,0.69532,N=50000,50000,5.633008241653442,0.696873,0.0015529999999999156,udd1,5097,0.7255248185,0.00625058060855109,Uses total age-cell frequency,0.2484569190061061
32,prob_work,0.7093141862837257,N=50000,50000,5.633008241653442,0.7108331199897595,0.0015189337060338426,udd1,7282,0.7283713266,0.005212413841895231,Uses total age-cell frequency,0.2914069665430784
33,prob_work,0.7214632877972679,N=50000,50000,5.633008241653442,0.7212743720402254,0.00018891575704249597,udd1,9171,0.7294733399,0.00463875463007704,Uses total age-cell frequency,0.04072553349073315
34,prob_work,0.7312555013203169,N=50000,50000,5.633008241653442,0.7294789014869237,0.0017765998333931776,udd1,11180,0.7228980322,0.004232894306220716,Uses total age-cell frequency,0.41971277921640127
35,prob_work,0.7361397330985775,N=50000,50000,5.633008241653442,0.7369026608878697,0.0007629277892922115,udd1,13112,0.7188834655,0.003925888602819013,Uses total age-cell frequency,0.19433251079625274
36,prob_work,0.7416584936250276,N=50000,50000,5.633008241653442,0.7436603621392094,0.002001868514181826,udd1,17702,0.7478815953,0.0032636796977581362,Uses total age-cell frequency,0.6133777513635714
37,prob_work,0.7488187715223833,N=50000,50000,5.633008241653442,0.7500132646840052,0.0011944931616219012,udd1,22115,0.7633280579,0.0028581533632124284,Uses total age-cell frequency,0.4179247961275765
38,prob_work,0.7501652478718077,N=50000,50000,5.633008241653442,0.7552311333179101,0.005065885446102425,udd1,26699,0.7775197573,0.0025453877161882243,Uses total age-cell frequency,1.9902215343793295
39,prob_work,0.7610486440983705,N=50000,50000,5.633008241653442,0.7600280956011948,0.0010205484971756995,udd1,31731,0.7868960953,0.0022988599768867745,Uses total age-cell frequency,0.4439367805940816
40,prob_work,0.7662181402530732,N=50000,50000,5.633008241653442,0.7655733332798598,0.000644806973213452,udd1,32214,0.7873905755,0.0022796282744457015,Uses total age-cell frequency,0.2828561921439752
41,prob_work,0.7689205457463885,N=50000,50000,5.633008241653442,0.7716119801621582,0.002691434415769689,udd1,32959,0.7841864134,0.0022660111095178944,Uses total age-cell frequency,1.1877410505468817
42,prob_work,0.776669009135629,N=50000,50000,5.633008241653442,0.7763678719537298,0.00030113718189916927,udd1,33929,0.7889416134,0.002215328879254968,Uses total age-cell frequency,0.13593339784404562
43,prob_work,0.7783181927807702,N=50000,50000,5.633008241653442,0.7807135333327972,0.0023953405520270588,udd1,34810,0.7871588624,0.0021938501947408816,Uses total age-cell frequency,1.0918432615723679
44,prob_work,0.784142121358442,N=50000,50000,5.633008241653442,0.784895719608658,0.0007535982502160365,udd1,35491,0.7868473698,0.0021738595353921033,Uses total age-cell frequency,0.3466637277831792
45,prob_work,0.7857934062393007,N=50000,50000,5.633008241653442,0.7889726351041612,0.0031792288648604394,udd1,36530,0.789488092,0.002132977575295862,Uses total age-cell frequency,1.4905120905546574
46,prob_work,0.7927808025811656,N=50000,50000,5.633008241653442,0.7924560472488291,0.00032475533233644605,udd1,37648,0.7887537187,0.002103750786040311,Uses total age-cell frequency,0.15436967842930766
47,prob_work,0.798053233167737,N=50000,50000,5.633008241653442,0.7966887878999178,0.0013644452678192032,udd1,38609,0.7876919889,0.002081215868645027,Uses total age-cell frequency,0.655600069351539
48,prob_work,0.8010199951428802,N=50000,50000,5.633008241653442,0.799972259007723,0.0010477361351572956,udd1,39731,0.7834688279,0.002066361617364992,Uses total age-cell frequency,0.507043939624353
49,prob_work,0.8038213459900206,N=50000,50000,5.633008241653442,0.8029248249974638,0.0008965209925568818,udd1,40045,0.778873767,0.002073860420280879,Uses total age-cell frequency,0.4322957243359025
50,prob_work,0.8078252032520326,N=50000,50000,5.633008241653442,0.8042378775430519,0.003587325708980682,udd1,40332,0.7723147873,0.002088044301422947,Uses total age-cell frequency,1.7180314165441863
51,prob_work,0.8048541908662957,N=50000,50000,5.633008241653442,0.8025957739657941,0.0022584169005016586,udd1,40778,0.7666633969,0.002094502289083435,Uses total age-cell frequency,1.0782594568039137
52,prob_work,0.7990191069786451,N=50000,50000,5.633008241653442,0.7987324336843784,0.00028667329426668164,udd1,41035,0.7649811137,0.0020931459883932807,Uses total age-cell frequency,0.13695809841086853
53,prob_work,0.7958384583845839,N=50000,50000,5.633008241653442,0.7934820861510491,0.002356372233534798,udd1,41296,0.7609695854,0.0020987283947791133,Uses total age-cell frequency,1.1227618778097304
54,prob_work,0.7854864926033372,N=50000,50000,5.633008241653442,0.784674223763665,0.0008122688396722255,udd1,42101,0.7576067077,0.0020885073047798696,Uses total age-cell frequency,0.38892314995174954
55,prob_work,0.7776813391196529,N=50000,50000,5.633008241653442,0.7755647564665469,0.0021165826531059917,udd1,42583,0.7569922269,0.002078440831126764,Uses total age-cell frequency,1.0183511704581698
56,prob_work,0.7640437771270742,N=50000,50000,5.633008241653442,0.7632594802582918,0.0007842968687823415,udd1,42538,0.7530443368,0.002090890237522,Uses total age-cell frequency,0.3751018846937867
57,prob_work,0.7495512419119181,N=50000,50000,5.633008241653442,0.7489944785071087,0.0005567634048094794,udd1,41686,0.7471813079,0.002128739296911431,Uses total age-cell frequency,0.2615460735926107
58,prob_work,0.7359021175680497,N=50000,50000,5.633008241653442,0.7307244358608406,0.005177681707209114,udd1,40096,0.7387270551,0.002194010481356121,Uses total age-cell frequency,2.3599165779776867
59,prob_work,0.7112794968128667,N=50000,50000,5.633008241653442,0.7097918840156904,0.001487612797176352,udd1,38600,0.7272279793,0.002266947946080665,Uses total age-cell frequency,0.6562183307950638
60,prob_work,0.6800910076761147,N=50000,50000,5.633008241653442,0.6855956931966858,0.00550468552057104,udd1,36987,0.7127909806,0.002352640566524788,Uses total age-cell frequency,2.339790276039619
61,prob_work,0.6583824317086234,N=50000,50000,5.633008241653442,0.6597356701530855,0.0013532384444621126,udd1,35482,0.6865171073,0.0024627966771964926,Uses total age-cell frequency,0.5494722552584252
62,prob_work,0.6322104990054485,N=50000,50000,5.633008241653442,0.6292249382561057,0.0029855607493427527,udd1,34081,0.6530911652,0.0025783295133971025,Uses total age-cell frequency,1.1579438290682633
63,prob_work,0.5969100510627154,N=50000,50000,5.633008241653442,0.5988116141876395,0.001901563124924066,udd1,32751,0.608439437,0.002697092662546113,Uses total age-cell frequency,0.7050418220073129
64,prob_work,0.563635161347205,N=50000,50000,5.633008241653442,0.5623299199519358,0.0013052413952692188,udd1,31813,0.5374218087,0.002795425401590887,Uses total age-cell frequency,0.466920488926802
65,prob_work,0.5160923639281416,N=50000,50000,5.633008241653442,0.517231437007302,0.001139073079160391,udd1,31074,0.4617365,0.0028281079857679146,Uses total age-cell frequency,0.4027685947257417
66,prob_work,0.45013312875129746,N=50000,50000,5.633008241653442,0.44552538654089346,0.004607742210403998,udd1,30479,0.369729978,0.0027650647198966876,Uses total age-cell frequency,1.6664138735154665
67,prob_work,0.374882505330246,N=50000,50000,5.633008241653442,0.37107423299844333,0.0038082723318026424,udd1,30295,0.2943389998,0.0026184029670637456,Uses total age-cell frequency,1.454425609696435
68,prob_work,0.32487936781743165,N=50000,50000,5.633008241653442,0.32468857507409876,0.00019079274333289042,udd1,29842,0.2285369613,0.002430646617745015,Uses total age-cell frequency,0.07849464498047629
69,prob_work,0.28401776595492007,N=50000,50000,5.633008241653442,0.28681176455207874,0.0027939985971586756,udd1,29091,0.1882712867,0.0022920187942329336,Uses total age-cell frequency,1.2190120797389616
70,prob_work,0.25142995637421234,N=50000,50000,5.633008241653442,0.2535312866358486,0.0021013302616362806,udd1,28733,0.1609299412,0.0021678391339006327,Uses total age-cell frequency,0.9693201994445586
71,prob_work,0.22202134773025584,N=50000,50000,5.633008241653442,0.2216758657780664,0.000345481952189447,udd1,28201,0.1363072231,0.0020431809215295735,Uses total age-cell frequency,0.16909023990436003
72,prob_work,0.19177456207159177,N=50000,50000,5.633008241653442,0.19313771804171365,0.0013631559701218765,udd1,27755,0.1211313277,0.0019584821378455207,Uses total age-cell frequency,0.6960267565276096
73,prob_work,0.16939876469208517,N=50000,50000,5.633008241653442,0.16780046534436527,0.001598299347719906,udd1,27615,0.1057758465,0.0018507336830483588,Uses total age-cell frequency,0.8636031009536358
74,prob_work,0.1468385018123238,N=50000,50000,5.633008241653442,0.14563273773853128,0.0012057640737925257,udd1,27541,0.0951672053,0.0017682268125482755,Uses total age-cell frequency,0.6819057743247553
75,prob_work,0.12366068950202631,N=50000,50000,5.633008241653442,0.12457173648270489,0.0009110469806785787,udd1,27329,0.085733104,0.0016935534234307523,Uses total age-cell frequency,0.5379499507213689
76,prob_work,0.10972417958526273,N=50000,50000,5.633008241653442,0.10751288990336536,0.002211289681897377,udd1,25186,0.0762725324,0.0016725396125979084,Uses total age-cell frequency,1.3221149832515138
77,prob_work,0.09225754358682975,N=50000,50000,5.633008241653442,0.0932165494225829,0.0009590058357531461,udd1,22442,0.0706710632,0.001710703577368741,Uses total age-cell frequency,0.5605914715091714
78,prob_work,0.0794275715535558,N=50000,50000,5.633008241653442,0.080256574888502,0.0008290033349462045,udd1,19392,0.0636344884,0.001752902182840434,Uses total age-cell frequency,0.47293188579574513
79,prob_work,0.07316511497845182,N=50000,50000,5.633008241653442,0.07151689038049786,0.0016482245979539678,udd1,16359,0.0566660554,0.0018076562448152392,Uses total age-cell frequency,0.9118020103000464
80,prob_work,0.06532384094460844,N=50000,50000,5.633008241653442,0.06333574662212259,0.0019880943224858533,udd1,13610,0.0522409993,0.001907329096678725,Uses total age-cell frequency,1.042344672425837
81,prob_work,0.06050401509824964,N=50000,50000,5.633008241653442,0.0601730461839719,0.0003309689142777378,udd1,11239,0.0477800516,0.0020120006158682985,Uses total age-cell frequency,0.16449742195277853
82,prob_work,0.06633380884450785,N=50000,50000,5.633008241653442,0.06397020451654764,0.002363604327960206,udd1,7491,0.0392470965,0.0022435704994076444,Uses total age-cell frequency,1.0535012510568549
83,prob_work,0.07668632982816107,N=50000,50000,5.633008241653442,0.07691797767945924,0.00023164785129817234,udd1,4499,0.0384529896,0.002866766492096879,Uses total age-cell frequency,0.08080457614416126
84,prob_work,0.8003996653964123,N=50000,50000,5.633008241653442,0.799192605624801,0.0012070597716112852,udd1,1982,0.0363269425,0.004202690968497573,Uses total age-cell frequency,0.28721116557442217
30,hours_0,0.31886,N=50000,50000,5.633008241653442,0.316171,0.002688999999999997,udd1,2840,0.2591549296,0.008222128593867357,Uses total age-cell frequency,0.3270442646695702
31,hours_0,0.30468,N=50000,50000,5.633008241653442,0.303127,0.0015530000000000266,udd1,5097,0.2744751815,0.00625058060855109,Uses total age-cell frequency,0.24845691900612385
32,hours_0,0.29068581371627433,N=50000,50000,5.633008241653442,0.2891668800102405,0.0015189337060338426,udd1,7282,0.2716286734,0.005212413841895232,Uses total age-cell frequency,0.2914069665430784
33,hours_0,0.2785367122027322,N=50000,50000,5.633008241653442,0.27872562795977457,0.00018891575704238495,udd1,9171,0.2705266601,0.00463875463007704,Uses total age-cell frequency,0.04072553349070922
34,hours_0,0.26874449867968314,N=50000,50000,5.633008241653442,0.2705210985130762,0.0017765998333930666,udd1,11180,0.2771019678,0.004232894306220716,Uses total age-cell frequency,0.41971277921637506
35,hours_0,0.26386026690142256,N=50000,50000,5.633008241653442,0.2630973391121303,0.000762927789292267,udd1,13112,0.2811165345,0.003925888602819014,Uses total age-cell frequency,0.19433251079626684
36,hours_0,0.2583415063749725,N=50000,50000,5.633008241653442,0.25633963786079067,0.002001868514181826,udd1,17702,0.2521184047,0.0032636796977581362,Uses total age-cell frequency,0.6133777513635714
37,hours_0,0.2511812284776167,N=50000,50000,5.633008241653442,0.2499867353159948,0.0011944931616219012,udd1,22115,0.2366719421,0.0028581533632124284,Uses total age-cell frequency,0.4179247961275765
38,hours_0,0.24983475212819228,N=50000,50000,5.633008241653442,0.24476886668208991,0.0050658854461023695,udd1,26699,0.2224802427,0.0025453877161882243,Uses total age-cell frequency,1.9902215343793077
39,hours_0,0.2389513559016295,N=50000,50000,5.633008241653442,0.23997190439880522,0.0010205484971757273,udd1,31731,0.2131039047,0.0022988599768867745,Uses total age-cell frequency,0.4439367805940937
40,hours_0,0.23378185974692683,N=50000,50000,5.633008241653442,0.2344266667201402,0.0006448069732133688,udd1,32214,0.2126094245,0.002279628274445702,Uses total age-cell frequency,0.28285619214393865
41,hours_0,0.23107945425361157,N=50000,50000,5.633008241653442,0.2283880198378418,0.0026914344157697723,udd1,32959,0.2158135866,0.0022660111095178944,Uses total age-cell frequency,1.1877410505469186
42,hours_0,0.22333099086437105,N=50000,50000,5.633008241653442,0.22363212804627017,0.00030113718189911376,udd1,33929,0.2110583866,0.0022153288792549682,Uses total age-cell frequency,0.13593339784402056
43,hours_0,0.22168180721922984,N=50000,50000,5.633008241653442,0.21928646666720272,0.0023953405520271143,udd1,34810,0.2128411376,0.0021938501947408816,Uses total age-cell frequency,1.0918432615723932
44,hours_0,0.21585787864155803,N=50000,50000,5.633008241653442,0.21510428039134202,0.0007535982502160088,udd1,35491,0.2131526302,0.0021738595353921033,Uses total age-cell frequency,0.34666372778316645
45,hours_0,0.21420659376069925,N=50000,50000,5.633008241653442,0.2110273648958389,0.003179228864860356,udd1,36530,0.210511908,0.0021329775752958625,Uses total age-cell frequency,1.490512090554618
46,hours_0,0.20721919741883443,N=50000,50000,5.633008241653442,0.20754395275117082,0.00032475533233639053,udd1,37648,0.2112462813,0.002103750786040311,Uses total age-cell frequency,0.15436967842928126
47,hours_0,0.201946766832263,N=50000,50000,5.633008241653442,0.20331121210008216,0.0013644452678191477,udd1,38609,0.2123080111,0.002081215868645027,Uses total age-cell frequency,0.6556000693515124
48,hours_0,0.19898000485711972,N=50000,50000,5.633008241653442,0.20002774099227708,0.001047736135157351,udd1,39731,0.2165311721,0.002066361617364992,Uses total age-cell frequency,0.5070439396243799
49,hours_0,0.1961786540099793,N=50000,50000,5.633008241653442,0.19707517500253627,0.000896520992556965,udd1,40045,0.221126233,0.002073860420280879,Uses total age-cell frequency,0.43229572433594265
50,hours_0,0.19217479674796747,N=50000,50000,5.633008241653442,0.1957621224569481,0.0035873257089806265,udd1,40332,0.2276852127,0.002088044301422947,Uses total age-cell frequency,1.7180314165441597
51,hours_0,0.19514580913370422,N=50000,50000,5.633008241653442,0.1974042260342059,0.0022584169005016863,udd1,40778,0.2333366031,0.002094502289083435,Uses total age-cell frequency,1.078259456803927
52,hours_0,0.20098089302135486,N=50000,50000,5.633008241653442,0.20126756631562157,0.0002866732942667094,udd1,41035,0.2350188863,0.0020931459883932807,Uses total age-cell frequency,0.1369580984108818
53,hours_0,0.20416154161541616,N=50000,50000,5.633008241653442,0.20651791384895093,0.0023563722335347703,udd1,41296,0.2390304146,0.0020987283947791133,Uses total age-cell frequency,1.122761877809717
54,hours_0,0.21451350739666275,N=50000,50000,5.633008241653442,0.21532577623633503,0.000812268839672281,udd1,42101,0.2423932923,0.0020885073047798696,Uses total age-cell frequency,0.3889231499517761
55,hours_0,0.22231866088034719,N=50000,50000,5.633008241653442,0.22443524353345315,0.002116582653105964,udd1,42583,0.2430077731,0.002078440831126764,Uses total age-cell frequency,1.0183511704581565
56,hours_0,0.2359562228729259,N=50000,50000,5.633008241653442,0.23674051974170815,0.0007842968687822582,udd1,42538,0.2469556632,0.002090890237522,Uses total age-cell frequency,0.37510188469374683
57,hours_0,0.2504487580880818,N=50000,50000,5.633008241653442,0.2510055214928914,0.0005567634048095904,udd1,41686,0.2528186921,0.0021287392969114314,Uses total age-cell frequency,0.26154607359266274
58,hours_0,0.2640978824319503,N=50000,50000,5.633008241653442,0.26927556413915943,0.005177681707209114,udd1,40096,0.2612729449,0.002194010481356121,Uses total age-cell frequency,2.3599165779776867
59,hours_0,0.28872050318713327,N=50000,50000,5.633008241653442,0.2902081159843096,0.001487612797176352,udd1,38600,0.2727720207,0.0022669479460806653,Uses total age-cell frequency,0.6562183307950636
60,hours_0,0.31990899232388526,N=50000,50000,5.633008241653442,0.3144043068033142,0.00550468552057104,udd1,36987,0.2872090194,0.002352640566524788,Uses total age-cell frequency,2.339790276039619
61,hours_0,0.3416175682913765,N=50000,50000,5.633008241653442,0.3402643298469144,0.0013532384444621126,udd1,35482,0.3134828927,0.002462796677196493,Uses total age-cell frequency,0.5494722552584251
62,hours_0,0.3677895009945516,N=50000,50000,5.633008241653442,0.37077506174389435,0.0029855607493427527,udd1,34081,0.3469088348,0.0025783295133971025,Uses total age-cell frequency,1.1579438290682633
63,hours_0,0.4030899489372845,N=50000,50000,5.633008241653442,0.4011883858123605,0.0019015631249240106,udd1,32751,0.391560563,0.002697092662546113,Uses total age-cell frequency,0.7050418220072923
64,hours_0,0.4363648386527949,N=50000,50000,5.633008241653442,0.4376700800480642,0.0013052413952692743,udd1,31813,0.4625781913,0.002795425401590887,Uses total age-cell frequency,0.46692048892682186
65,hours_0,0.48390763607185844,N=50000,50000,5.633008241653442,0.48276856299269794,0.001139073079160502,udd1,31074,0.5382635,0.0028281079857679146,Uses total age-cell frequency,0.40276859472578097
66,hours_0,0.5498668712487026,N=50000,50000,5.633008241653442,0.5544746134591065,0.004607742210403942,udd1,30479,0.630270022,0.0027650647198966876,Uses total age-cell frequency,1.6664138735154466
67,hours_0,0.625117494669754,N=50000,50000,5.633008241653442,0.6289257670015567,0.003808272331802698,udd1,30295,0.7056610002,0.0026184029670637456,Uses total age-cell frequency,1.454425609696456
68,hours_0,0.6751206321825683,N=50000,50000,5.633008241653442,0.6753114249259012,0.00019079274333289042,udd1,29842,0.7714630387,0.002430646617745015,Uses total age-cell frequency,0.07849464498047629
69,hours_0,0.7159822340450799,N=50000,50000,5.633008241653442,0.7131882354479213,0.0027939985971585646,udd1,29091,0.8117287133,0.0022920187942329336,Uses total age-cell frequency,1.2190120797389132
70,hours_0,0.7485700436257877,N=50000,50000,5.633008241653442,0.7464687133641514,0.0021013302616362806,udd1,28733,0.8390700588,0.0021678391339006327,Uses total age-cell frequency,0.9693201994445586
71,hours_0,0.7779786522697442,N=50000,50000,5.633008241653442,0.7783241342219336,0.00034548195218941924,udd1,28201,0.8636927769,0.0020431809215295735,Uses total age-cell frequency,0.16909023990434646
72,hours_0,0.8082254379284082,N=50000,50000,5.633008241653442,0.8068622819582864,0.001363155970121821,udd1,27755,0.8788686723,0.0019584821378455207,Uses total age-cell frequency,0.6960267565275812
73,hours_0,0.8306012353079149,N=50000,50000,5.633008241653442,0.8321995346556348,0.0015982993477199336,udd1,27615,0.8942241535,0.001850733683048359,Uses total age-cell frequency,0.8636031009536507
74,hours_0,0.8531614981876762,N=50000,50000,5.633008241653442,0.8543672622614688,0.0012057640737925812,udd1,27541,0.9048327947,0.0017682268125482755,Uses total age-cell frequency,0.6819057743247866
75,hours_0,0.8763393104979736,N=50000,50000,5.633008241653442,0.8754282635172951,0.0009110469806785648,udd1,27329,0.914266896,0.0016935534234307523,Uses total age-cell frequency,0.5379499507213606
76,hours_0,0.8902758204147373,N=50000,50000,5.633008241653442,0.8924871100966346,0.0022112896818973216,udd1,25186,0.9237274676,0.0016725396125979082,Uses total age-cell frequency,1.3221149832514807
77,hours_0,0.9077424564131702,N=50000,50000,5.633008241653442,0.9067834505774172,0.0009590058357530351,udd1,22442,0.9293289368,0.0017107035773687416,Uses total age-cell frequency,0.5605914715091063
78,hours_0,0.9205724284464442,N=50000,50000,5.633008241653442,0.919743425111498,0.0008290033349461767,udd1,19392,0.9363655116,0.0017529021828404337,Uses total age-cell frequency,0.47293188579572937
79,hours_0,0.9268348850215482,N=50000,50000,5.633008241653442,0.9284831096195022,0.0016482245979539956,udd1,16359,0.9433339446,0.0018076562448152398,Uses total age-cell frequency,0.9118020103000614
80,hours_0,0.9346761590553916,N=50000,50000,5.633008241653442,0.9366642533778774,0.0019880943224858116,udd1,13610,0.9477590007,0.0019073290966787255,Uses total age-cell frequency,1.042344672425815
81,hours_0,0.9394959849017503,N=50000,50000,5.633008241653442,0.9398269538160281,0.00033096891427775166,udd1,11239,0.9522199484,0.002012000615868298,Uses total age-cell frequency,0.16449742195278547
82,hours_0,0.9336661911554922,N=50000,50000,5.633008241653442,0.9360297954834523,0.0023636043279601227,udd1,7491,0.9607529035,0.002243570499407645,Uses total age-cell frequency,1.0535012510568176
83,hours_0,0.923313670171839,N=50000,50000,5.633008241653442,0.9230820223205407,0.0002316478512982556,udd1,4499,0.9615470104,0.0028667664920968786,Uses total age-cell frequency,0.08080457614419032
84,hours_0,0.1996003346035877,N=50000,50000,5.633008241653442,0.200807394375199,0.001207059771611313,udd1,1982,0.9636730575,0.004202690968497574,Uses total age-cell frequency,0.2872111655744287
30,hours_1,0.09488,N=50000,50000,5.633008241653442,0.094294,0.0005860000000000032,udd1,2840,0.1183098592,0.006060511657851703,Uses total age-cell frequency,0.096691506110843
31,hours_1,0.08494,N=50000,50000,5.633008241653442,0.085412,0.0004720000000000002,udd1,5097,0.1071218364,0.004331893678080904,Uses total age-cell frequency,0.10895927626023905
32,hours_1,0.08114162283245666,N=50000,50000,5.633008241653442,0.08316299182360753,0.002021368991150879,udd1,7282,0.1038176325,0.0035744433669348003,Uses total age-cell frequency,0.5655059497793269
33,hours_1,0.08126487589255356,N=50000,50000,5.633008241653442,0.08218109444775044,0.0009162185551968849,udd1,9171,0.1065314579,0.0032215896517352335,Uses total age-cell frequency,0.28439952142985847
34,hours_1,0.08043930543330399,N=50000,50000,5.633008241653442,0.08203337951316125,0.0015940740798572606,udd1,11180,0.0989266547,0.002823682298947707,Uses total age-cell frequency,0.5645373349726063
35,hours_1,0.08103079170084632,N=50000,50000,5.633008241653442,0.08153246171146836,0.0005016700106220406,udd1,13112,0.0928920073,0.0025350364040468225,Uses total age-cell frequency,0.19789459820821362
36,hours_1,0.08022257360741378,N=50000,50000,5.633008241653442,0.08040699379221379,0.0001844201848000132,udd1,17702,0.0856400407,0.0021032256234948215,Uses total age-cell frequency,0.0876844513208106
37,hours_1,0.07886201649715704,N=50000,50000,5.633008241653442,0.07965317606590495,0.0007911595687479095,udd1,22115,0.0814379381,0.0018391797011797866,Uses total age-cell frequency,0.4301698024616088
38,hours_1,0.08060090135202805,N=50000,50000,5.633008241653442,0.07878873462307698,0.0018121667289510701,udd1,26699,0.0749840818,0.0016118018295973031,Uses total age-cell frequency,1.124311125396741
39,hours_1,0.07886877918746117,N=50000,50000,5.633008241653442,0.07868070912335512,0.00018807006410605231,udd1,31731,0.0734612839,0.0014646004502355855,Uses total age-cell frequency,0.12841049180054578
40,hours_1,0.07842862012954459,N=50000,50000,5.633008241653442,0.07756136590139345,0.0008672542281511347,udd1,32214,0.0723288011,0.001443212702723746,Uses total age-cell frequency,0.6009192037420288
41,hours_1,0.07646468699839486,N=50000,50000,5.633008241653442,0.07751727985182821,0.0010525928534333567,udd1,32959,0.068630723,0.0013926219231663126,Uses total age-cell frequency,0.7558353318466693
42,hours_1,0.07916875815681157,N=50000,50000,5.633008241653442,0.0771269919368605,0.0020417662199510717,udd1,33929,0.0686138701,0.0013724145421682345,Uses total age-cell frequency,1.4877182929913797
43,hours_1,0.07719671999356861,N=50000,50000,5.633008241653442,0.07660090699301261,0.0005958130005560003,udd1,34810,0.0652398736,0.0013235935225971284,Uses total age-cell frequency,0.4501480177894102
44,hours_1,0.07552712055367777,N=50000,50000,5.633008241653442,0.07561095620797113,8.383565429335993e-05,udd1,35491,0.0657631512,0.001315711546537924,Uses total age-cell frequency,0.06371887098958696
45,hours_1,0.07626930900449116,N=50000,50000,5.633008241653442,0.07539174388367728,0.0008775651208138835,udd1,36530,0.062168081,0.001263343353061447,Uses total age-cell frequency,0.6946370665482895
46,hours_1,0.07670901391409558,N=50000,50000,5.633008241653442,0.07457994426833525,0.0021290696457603314,udd1,37648,0.0624734382,0.0012472931563161074,Uses total age-cell frequency,1.7069520785703334
47,hours_1,0.07467991437457086,N=50000,50000,5.633008241653442,0.07401063314829917,0.0006692812262716896,udd1,38609,0.0610738429,0.0012187063281124406,Uses total age-cell frequency,0.5491735054073997
48,hours_1,0.07514368979195338,N=50000,50000,5.633008241653442,0.07350755486439312,0.0016361349275602621,udd1,39731,0.0571845662,0.001164898293518894,Uses total age-cell frequency,1.4045302810238214
49,hours_1,0.07273538598839803,N=50000,50000,5.633008241653442,0.07369179263467586,0.0009564066462778298,udd1,40045,0.0590585591,0.0011780089024832003,Uses total age-cell frequency,0.8118840564462281
50,hours_1,0.07420731707317073,N=50000,50000,5.633008241653442,0.07363055485508366,0.0005767622180870707,udd1,40332,0.0581176237,0.001165003903383576,Uses total age-cell frequency,0.49507320654630677
51,hours_1,0.07395406655662204,N=50000,50000,5.633008241653442,0.07375321795427318,0.00020084860234885482,udd1,40778,0.0571386532,0.0011494126035636256,Uses total age-cell frequency,0.17474021228421033
52,hours_1,0.07499744559109023,N=50000,50000,5.633008241653442,0.07344031363983569,0.0015571319512545367,udd1,41035,0.057779944,0.0011518276815362333,Uses total age-cell frequency,1.351879257822433
53,hours_1,0.07513325133251332,N=50000,50000,5.633008241653442,0.07430048315424101,0.0008327681782723112,udd1,41296,0.0593762108,0.0011629478093617745,Uses total age-cell frequency,0.7160838788881972
54,hours_1,0.0739460527127955,N=50000,50000,5.633008241653442,0.07520368738003246,0.0012576346672369537,udd1,42101,0.0570057718,0.001129972115609378,Uses total age-cell frequency,1.1129784973133865
55,hours_1,0.07712337259764414,N=50000,50000,5.633008241653442,0.07544873399003571,0.001674638607608428,udd1,42583,0.0551393749,0.001106105794570444,Uses total age-cell frequency,1.5139949685000733
56,hours_1,0.07582082113263972,N=50000,50000,5.633008241653442,0.07668143174130924,0.0008606106086695292,udd1,42538,0.0563496168,0.0011180533065796494,Uses total age-cell frequency,0.7697402293834367
57,hours_1,0.07591317052807348,N=50000,50000,5.633008241653442,0.07732073942897238,0.001407568900898909,udd1,41686,0.0563258648,0.0011291973440931066,Uses total age-cell frequency,1.246521618441612
58,hours_1,0.07941404856345359,N=50000,50000,5.633008241653442,0.07865339638711494,0.0007606521763386526,udd1,40096,0.0542946927,0.0011316342366709572,Uses total age-cell frequency,0.6721714063515257
59,hours_1,0.0809236354426105,N=50000,50000,5.633008241653442,0.07965782260937214,0.0012658128332383584,udd1,38600,0.0550518135,0.0011609036069908578,Uses total age-cell frequency,1.09036859358154
60,hours_1,0.08156669289162007,N=50000,50000,5.633008241653442,0.08094524836828831,0.0006214445233317517,udd1,36987,0.0578581664,0.001213992275733719,Uses total age-cell frequency,0.5119015464543708
61,hours_1,0.08329941081949652,N=50000,50000,5.633008241653442,0.08129553596046746,0.002003874859029059,udd1,35482,0.0615523364,0.0012759194392775028,Uses total age-cell frequency,1.5705339987325262
62,hours_1,0.07941278214996109,N=50000,50000,5.633008241653442,0.08149436458443816,0.002081582434477078,udd1,34081,0.0618233033,0.001304554595963407,Uses total age-cell frequency,1.5956269219532662
63,hours_1,0.07984550255313577,N=50000,50000,5.633008241653442,0.08124096500074848,0.0013954624476127109,udd1,32751,0.0672651217,0.0013840819088407554,Uses total age-cell frequency,1.008222446012236
64,hours_1,0.08126873567272086,N=50000,50000,5.633008241653442,0.07979846618720292,0.0014702694855179416,udd1,31813,0.0708515387,0.001438516628452891,Uses total age-cell frequency,1.0220733333470051
65,hours_1,0.08240092720545625,N=50000,50000,5.633008241653442,0.0818110498447729,0.0005898773606833468,udd1,31074,0.0767200875,0.0015098112513191968,Uses total age-cell frequency,0.3906960954012906
66,hours_1,0.12848052709959837,N=50000,50000,5.633008241653442,0.1268823242380981,0.0015982028615002808,udd1,30479,0.0778568851,0.0015347841985944811,Uses total age-cell frequency,1.041320899031849
67,hours_1,0.11964969394071391,N=50000,50000,5.633008241653442,0.11935296719456363,0.0002967267461502776,udd1,30295,0.0827859383,0.0015831722227347964,Uses total age-cell frequency,0.18742543728925914
68,hours_1,0.10990932189561528,N=50000,50000,5.633008241653442,0.11034090683576399,0.00043158494014870763,udd1,29842,0.0816634274,0.0015852610123329443,Uses total age-cell frequency,0.2722485046885541
69,hours_1,0.10082416929909983,N=50000,50000,5.633008241653442,0.10092951228237397,0.00010534298327413705,udd1,29091,0.07679351,0.0015611058760430082,Uses total age-cell frequency,0.06747971735341471
70,hours_1,0.09212312166747455,N=50000,50000,5.633008241653442,0.09325191158053492,0.0011287899130603685,udd1,28733,0.0722862214,0.0015277218102385834,Uses total age-cell frequency,0.7388713740259335
71,hours_1,0.08417741895539761,N=50000,50000,5.633008241653442,0.08468304579397791,0.0005056268385802976,udd1,28201,0.0690046452,0.0015093177043471182,Uses total age-cell frequency,0.33500358282686105
72,hours_1,0.07461284589997462,N=50000,50000,5.633008241653442,0.07614824296729755,0.0015353970673229328,udd1,27755,0.0658259773,0.001488476338116762,Uses total age-cell frequency,1.0315226570988258
73,hours_1,0.07067837689922077,N=50000,50000,5.633008241653442,0.0690647725968511,0.0016136043023696617,udd1,27615,0.059967409,0.0014287510877519466,Uses total age-cell frequency,1.1293809790959253
74,hours_1,0.06161900926298832,N=50000,50000,5.633008241653442,0.06197446529489064,0.0003554560319023181,udd1,27541,0.0567880614,0.0013945796178282007,Uses total age-cell frequency,0.2548840004243537
75,hours_1,0.05509909509798479,N=50000,50000,5.633008241653442,0.05439970891274187,0.0006993861852429145,udd1,27329,0.0530206008,0.0013554413103115037,Uses total age-cell frequency,0.5159841152267843
76,hours_1,0.050993701285628,N=50000,50000,5.633008241653442,0.04866172685797618,0.0023319744276518242,udd1,25186,0.0495116334,0.0013669336362937621,Uses total age-cell frequency,1.705989497759838
77,hours_1,0.043063488740692005,N=50000,50000,5.633008241653442,0.04358538810592783,0.000521899365235827,udd1,22442,0.0462971215,0.0014026611314735453,Uses total age-cell frequency,0.372078011948298
78,hours_1,0.03549556305461817,N=50000,50000,5.633008241653442,0.0380011522636329,0.0025055892090147247,udd1,19392,0.0436262376,0.001466818589881631,Uses total age-cell frequency,1.7081793388076165
79,hours_1,0.03536533210514196,N=50000,50000,5.633008241653442,0.034203371307731295,0.0011619607974106619,udd1,16359,0.03973348,0.0015271996622671755,Uses total age-cell frequency,0.760844063889914
80,hours_1,0.031185969786421255,N=50000,50000,5.633008241653442,0.029938155840304247,0.001247813946117008,udd1,13610,0.0368846436,0.0016155964375791274,Uses total age-cell frequency,0.772354974975546
81,hours_1,0.026310920327128742,N=50000,50000,5.633008241653442,0.027679601244627077,0.0013686809174983348,udd1,11239,0.0344336685,0.0017199620651680767,Uses total age-cell frequency,0.7957622701199435
82,hours_1,0.0303534633063877,N=50000,50000,5.633008241653442,0.02794616335528574,0.0024072999511019592,udd1,7491,0.0288346015,0.0019334532639831167,Uses total age-cell frequency,1.2450779110857164
83,hours_1,0.04039497307001795,N=50000,50000,5.633008241653442,0.0398639127022652,0.0005310603677527517,udd1,4499,0.0295621249,0.0025251878805889133,Uses total age-cell frequency,0.21030528929550388
84,hours_1,0.2001580072497444,N=50000,50000,5.633008241653442,0.19952216383551838,0.0006358434142260116,udd1,1982,0.0277497477,0.003689493305175329,Uses total age-cell frequency,0.1723389532470762
30,hours_2,0.08382,N=50000,50000,5.633008241653442,0.082324,0.0014960000000000112,udd1,2840,0.1080985915,0.005826520414997181,Uses total age-cell frequency,0.2567570167864477
31,hours_2,0.07634,N=50000,50000,5.633008241653442,0.07898,0.0026399999999999896,udd1,5097,0.0980969198,0.004166297746094687,Uses total age-cell frequency,0.6336561045054004
32,hours_2,0.0754615092301846,N=50000,50000,5.633008241653442,0.07759972478678977,0.0021382155566051636,udd1,7282,0.0961274375,0.0034542355305845944,Uses total age-cell frequency,0.619012669423643
33,hours_2,0.07854471268276096,N=50000,50000,5.633008241653442,0.07768948808089092,0.0008552246018700416,udd1,9171,0.0858139788,0.0029247446870282142,Uses total age-cell frequency,0.29241000271344075
34,hours_2,0.07503800912218933,N=50000,50000,5.633008241653442,0.07759711517782568,0.002559106055636348,udd1,11180,0.081216458,0.002583495589090335,Uses total age-cell frequency,0.9905594832222746
35,hours_2,0.0764890658450211,N=50000,50000,5.633008241653442,0.0771153238167273,0.0006262579717061928,udd1,13112,0.0790115924,0.00235579783838509,Uses total age-cell frequency,0.2658368903740465
36,hours_2,0.0760593262744941,N=50000,50000,5.633008241653442,0.07655802623822967,0.0004986999637355688,udd1,17702,0.07631906,0.001995567071818575,Uses total age-cell frequency,0.24990388485469436
37,hours_2,0.07940257868182911,N=50000,50000,5.633008241653442,0.07647065301288526,0.0029319256689438467,udd1,22115,0.0699525209,0.001715184222470771,Uses total age-cell frequency,1.7093940292432992
38,hours_2,0.07635453179769655,N=50000,50000,5.633008241653442,0.07581925962425375,0.0005352721734428051,udd1,26699,0.0680175287,0.0015408728347377878,Uses total age-cell frequency,0.34738244543969327
39,hours_2,0.07570200228488966,N=50000,50000,5.633008241653442,0.07593527591102793,0.0002332736261382723,udd1,31731,0.0629037849,0.001362977231911488,Uses total age-cell frequency,0.17115005348337403
40,hours_2,0.07453827180299596,N=50000,50000,5.633008241653442,0.07577267595635757,0.0012344041533616096,udd1,32214,0.0626435711,0.001350107369104211,Uses total age-cell frequency,0.914300730156469
41,hours_2,0.07305377207062601,N=50000,50000,5.633008241653442,0.07576446225020844,0.002710690179582434,udd1,32959,0.0602263418,0.0013104421779777853,Uses total age-cell frequency,2.0685309318763285
42,hours_2,0.07459090452765786,N=50000,50000,5.633008241653442,0.0759190272017994,0.0013281226741415353,udd1,33929,0.0575319049,0.0012641603819396497,Uses total age-cell frequency,1.050596659344557
43,hours_2,0.0741418120427687,N=50000,50000,5.633008241653442,0.07525609687457284,0.0011142848318041326,udd1,34810,0.0554151106,0.0012262600718364065,Uses total age-cell frequency,0.908685569559006
44,hours_2,0.07516497666183808,N=50000,50000,5.633008241653442,0.075206452735983,4.1476074144924935e-05,udd1,35491,0.0567467809,0.0012280771334046918,Uses total age-cell frequency,0.03377318330969786
45,hours_2,0.07671238394457536,N=50000,50000,5.633008241653442,0.07475902952902073,0.001953354415554623,udd1,36530,0.0545305229,0.0011880063212054033,Uses total age-cell frequency,1.6442289747858108
46,hours_2,0.07503528937285743,N=50000,50000,5.633008241653442,0.07514291075871336,0.00010762138585593273,udd1,37648,0.0524065023,0.001148504413959016,Uses total age-cell frequency,0.09370567892286147
47,hours_2,0.07373076457045923,N=50000,50000,5.633008241653442,0.07490902402816642,0.0011782594577071925,udd1,38609,0.0495221321,0.0011041457238933944,Uses total age-cell frequency,1.0671231452606285
48,hours_2,0.07536630777948676,N=50000,50000,5.633008241653442,0.07411400940358892,0.0012522983758978395,udd1,39731,0.0501623417,0.0010950875591040489,Uses total age-cell frequency,1.1435600427443569
49,hours_2,0.07569672629913594,N=50000,50000,5.633008241653442,0.07404788475195292,0.0016488415471830192,udd1,40045,0.0498439256,0.0010875004494888488,Uses total age-cell frequency,1.5161755086703772
50,hours_2,0.0721951219512195,N=50000,50000,5.633008241653442,0.07357157964094263,0.0013764576897231234,udd1,40332,0.0478528216,0.0010628719319140307,Uses total age-cell frequency,1.2950362582671502
51,hours_2,0.07336308614049031,N=50000,50000,5.633008241653442,0.07296306680600514,0.00040001933448516325,udd1,40778,0.0466673206,0.0010445174812094254,Uses total age-cell frequency,0.38297045447433686
52,hours_2,0.0724839072238684,N=50000,50000,5.633008241653442,0.07207314990638457,0.0004107573174838286,udd1,41035,0.0463750457,0.0010381348248745675,Uses total age-cell frequency,0.39566856601064154
53,hours_2,0.07084870848708487,N=50000,50000,5.633008241653442,0.07124601261803112,0.00039730413094625494,udd1,41296,0.0447985277,0.0010179474729707025,Uses total age-cell frequency,0.39029924578209524
54,hours_2,0.07059235026644446,N=50000,50000,5.633008241653442,0.06954925156730128,0.00104309869914318,udd1,42101,0.0450345597,0.0010106960822572613,Uses total age-cell frequency,1.0320597036584447
55,hours_2,0.06869187848729076,N=50000,50000,5.633008241653442,0.06847911285202274,0.0002127656352680224,udd1,42583,0.0444543597,0.0009987683465998794,Uses total age-cell frequency,0.21302801194325324
56,hours_2,0.06520881357340146,N=50000,50000,5.633008241653442,0.0668812173291559,0.001672403755754448,udd1,42538,0.0444778786,0.0009995485006794248,Uses total age-cell frequency,1.6731591859901367
57,hours_2,0.06437069505322479,N=50000,50000,5.633008241653442,0.0651354478172979,0.0007647527640731039,udd1,41686,0.0428201315,0.0009915752182179296,Uses total age-cell frequency,0.7712503802258455
58,hours_2,0.06440848706163822,N=50000,50000,5.633008241653442,0.06350116519271626,0.0009073218689219648,udd1,40096,0.0431464485,0.0010147165381913371,Uses total age-cell frequency,0.8941628866512848
59,hours_2,0.062117438473553124,N=50000,50000,5.633008241653442,0.06140526119406929,0.0007121772794838332,udd1,38600,0.043238342,0.0010352440549919332,Uses total age-cell frequency,0.6879317742031203
60,hours_2,0.05936762423185694,N=50000,50000,5.633008241653442,0.059211093616763064,0.00015653061509387362,udd1,36987,0.0436369535,0.0010622189651592572,Uses total age-cell frequency,0.14736190957615333
61,hours_2,0.056068559185859665,N=50000,50000,5.633008241653442,0.05681085471084967,0.0007422955249900068,udd1,35482,0.0432331887,0.0010797112821044473,Uses total age-cell frequency,0.6874944601330931
62,hours_2,0.05418144080255989,N=50000,50000,5.633008241653442,0.05319174266053954,0.000989698142020351,udd1,34081,0.0443942373,0.0011156976413512737,Uses total age-cell frequency,0.887066625704865
63,hours_2,0.05101907214245188,N=50000,50000,5.633008241653442,0.05031736544611999,0.0007017066963318913,udd1,32751,0.0475710665,0.0011761844992375157,Uses total age-cell frequency,0.596595769445003
64,hours_2,0.04864662317051666,N=50000,50000,5.633008241653442,0.047126530720432575,0.0015200924500840887,udd1,31813,0.0463018263,0.0011781544377581718,Uses total age-cell frequency,1.2902319096438384
65,hours_2,0.045245843177461775,N=50000,50000,5.633008241653442,0.04649548846804601,0.0012496452905842378,udd1,31074,0.0473064298,0.0012043095298290424,Uses total age-cell frequency,1.0376446084933257
66,hours_2,0.047994043052484316,N=50000,50000,5.633008241653442,0.047592900576598894,0.0004011424758854215,udd1,30479,0.0360904229,0.0010683505457980311,Uses total age-cell frequency,0.37547832728046965
67,hours_2,0.03968454114032875,N=50000,50000,5.633008241653442,0.040374065840642896,0.0006895247003141439,udd1,30295,0.0384221819,0.0011043271554883596,Uses total age-cell frequency,0.6243844470248672
68,hours_2,0.03466281265297559,N=50000,50000,5.633008241653442,0.03438836272963612,0.0002744499233394704,udd1,29842,0.0315997587,0.0010126406675504552,Uses total age-cell frequency,0.27102399906904373
69,hours_2,0.029879106001947604,N=50000,50000,5.633008241653442,0.029828537607750807,5.056839419679757e-05,udd1,29091,0.0279811626,0.0009669207788116671,Uses total age-cell frequency,0.0522983840092313
70,hours_2,0.02535142995637421,N=50000,50000,5.633008241653442,0.025701923158523887,0.0003504932021496758,udd1,28733,0.0253019177,0.0009264485133560915,Uses total age-cell frequency,0.3783191371099535
71,hours_2,0.021793506525669283,N=50000,50000,5.633008241653442,0.02203573402465048,0.00024222749898119775,udd1,28201,0.0194673948,0.0008227211912272667,Uses total age-cell frequency,0.2944223408416927
72,hours_2,0.017948717948717947,N=50000,50000,5.633008241653442,0.018737364501742303,0.000788646553024356,udd1,27755,0.0192037471,0.0008237810021588854,Uses total age-cell frequency,0.9573497700936869
73,hours_2,0.01581923848739934,N=50000,50000,5.633008241653442,0.015576254916895339,0.00024298357050400038,udd1,27615,0.0164403404,0.0007652145741357449,Uses total age-cell frequency,0.3175365168370361
74,hours_2,0.012833937441267285,N=50000,50000,5.633008241653442,0.013023989508788808,0.00019005206752152268,udd1,27541,0.0134708253,0.0006946438834035003,Uses total age-cell frequency,0.27359640250532
75,hours_2,0.010270360295342253,N=50000,50000,5.633008241653442,0.011121310892579636,0.0008509505972373824,udd1,27329,0.0135753229,0.0006999953870974111,Uses total age-cell frequency,1.2156517213147926
76,hours_2,0.008340763323650378,N=50000,50000,5.633008241653442,0.008883874147277773,0.0005431108236273949,udd1,25186,0.011355515,0.0006676423731352384,Uses total age-cell frequency,0.8134756652381945
77,hours_2,0.006938006519333712,N=50000,50000,5.633008241653442,0.007475810904900243,0.0005378043855665303,udd1,22442,0.0105159968,0.0006809242989268433,Uses total age-cell frequency,0.7898152355762981
78,hours_2,0.006624171978502687,N=50000,50000,5.633008241653442,0.006249538859070623,0.00037463311943206415,udd1,19392,0.0086633663,0.0006654916567716492,Uses total age-cell frequency,0.5629418725539521
79,hours_2,0.005296575319932888,N=50000,50000,5.633008241653442,0.005203389466768137,9.318585316475062e-05,udd1,16359,0.0067241274,0.0006389612684507127,Uses total age-cell frequency,0.1458395958657996
80,hours_2,0.004757770446258031,N=50000,50000,5.633008241653442,0.004336941636209799,0.0004208288100482323,udd1,13610,0.006098457,0.0006673483680921346,Uses total age-cell frequency,0.6305983953348522
81,hours_2,0.004181623061836214,N=50000,50000,5.633008241653442,0.0037197883095546266,0.0004618347522815872,udd1,11239,0.005516505,0.0006986617419108037,Uses total age-cell frequency,0.6610276827503008
82,hours_2,0.003605959740053891,N=50000,50000,5.633008241653442,0.0036212544819224993,1.529474186860811e-05,udd1,7491,0.0044052863,0.0007651709291892821,Uses total age-cell frequency,0.01998866042233632
83,hours_2,0.004402838334615714,N=50000,50000,5.633008241653442,0.004593267057422253,0.00019042872280653975,udd1,4499,0.0031118026,0.0008303692348246553,Uses total age-cell frequency,0.22933017604722744
84,hours_2,0.1972302258574217,N=50000,50000,5.633008241653442,0.19972203693933852,0.002491811081916817,udd1,1982,0.0015136226,0.00087322879595392,Uses total age-cell frequency,2.8535603652359502
30,hours_3,0.08646,N=50000,50000,5.633008241653442,0.088833,0.002373,udd1,2840,0.1084507042,0.00583485003966647,Uses total age-cell frequency,0.4066942567277436
31,hours_3,0.08912,N=50000,50000,5.633008241653442,0.088053,0.0010669999999999985,udd1,5097,0.1012360212,0.004225061611070564,Uses total age-cell frequency,0.2525406960230427
32,hours_3,0.0878017560351207,N=50000,50000,5.633008241653442,0.08883626414067876,0.0010345081055580518,udd1,7282,0.0994232354,0.0035065414537082825,Uses total age-cell frequency,0.2950223515720955
33,hours_3,0.08992539552373142,N=50000,50000,5.633008241653442,0.0891830397103609,0.0007423558133705238,udd1,9171,0.1036964344,0.003183472679039799,Uses total age-cell frequency,0.2331905714970463
34,hours_3,0.09142194126590382,N=50000,50000,5.633008241653442,0.08942448597850387,0.0019974552873999463,udd1,11180,0.0994633274,0.0028304878291297345,Uses total age-cell frequency,0.7056929434012392
35,hours_3,0.09255517096496668,N=50000,50000,5.633008241653442,0.09017164307524841,0.0023835278897182677,udd1,13112,0.1045607077,0.002672193236843696,Uses total age-cell frequency,0.8919743740290317
36,hours_3,0.09111106663197294,N=50000,50000,5.633008241653442,0.09027159940313982,0.0008394672288331156,udd1,17702,0.0982939781,0.002237611950357781,Uses total age-cell frequency,0.37516211365375024
37,hours_3,0.09047409305677905,N=50000,50000,5.633008241653442,0.09046414380719456,9.949249584487174e-06,udd1,22115,0.0951842641,0.001973418425832658,Uses total age-cell frequency,0.0050416320503793915
38,hours_3,0.09041562343515273,N=50000,50000,5.633008241653442,0.0911163122826099,0.0007006888474571649,udd1,26699,0.0934866474,0.0017816172041403198,Uses total age-cell frequency,0.3932881012985429
39,hours_3,0.08887018218988636,N=50000,50000,5.633008241653442,0.09114437471756606,0.0022741925276797,udd1,31731,0.0898490435,0.0016053567721710758,Uses total age-cell frequency,1.4166274856174768
40,hours_3,0.09429081356408045,N=50000,50000,5.633008241653442,0.0912933712193371,0.002997442344743348,udd1,32214,0.0900540138,0.001594913069640975,Uses total age-cell frequency,1.8793766267261771
41,hours_3,0.09123194221508828,N=50000,50000,5.633008241653442,0.0917876431877401,0.0005557009726518264,udd1,32959,0.0858035741,0.0015427140527699578,Uses total age-cell frequency,0.3602099635081822
42,hours_3,0.09304286718200984,N=50000,50000,5.633008241653442,0.09141170209561297,0.0016311650863968657,udd1,33929,0.085325238,0.0015166542007455748,Uses total age-cell frequency,1.0755023034222293
43,hours_3,0.09052174612107082,N=50000,50000,5.633008241653442,0.09139884374472328,0.0008770976236524564,udd1,34810,0.0850617639,0.0014952405601530551,Uses total age-cell frequency,0.5865929851198494
44,hours_3,0.0915218091099308,N=50000,50000,5.633008241653442,0.09152444478879787,2.635678867074498e-06,udd1,35491,0.0792313544,0.0014337211201329695,Uses total age-cell frequency,0.0018383483580335718
45,hours_3,0.09332769419773226,N=50000,50000,5.633008241653442,0.09182115945912998,0.0015065347386022804,udd1,36530,0.0787571859,0.0014093125372991154,Uses total age-cell frequency,1.0689855505645944
46,hours_3,0.08961484170195604,N=50000,50000,5.633008241653442,0.09177261803631638,0.002157776334360345,udd1,37648,0.0762324692,0.001367667053932353,Uses total age-cell frequency,1.5777058664652692
47,hours_3,0.09372349448685327,N=50000,50000,5.633008241653442,0.09215833103430156,0.0015651634525517127,udd1,38609,0.0751897226,0.0013420271080220347,Uses total age-cell frequency,1.1662681351187836
48,hours_3,0.09455193070509188,N=50000,50000,5.633008241653442,0.0923299193688823,0.002222011336209584,udd1,39731,0.0714555385,0.0012922738380231288,Uses total age-cell frequency,1.7194585782288467
49,hours_3,0.09419496166484119,N=50000,50000,5.633008241653442,0.09234655574718474,0.0018484059176564482,udd1,40045,0.070320889,0.0012777166780465119,Uses total age-cell frequency,1.4466477188686755
50,hours_3,0.09382113821138212,N=50000,50000,5.633008241653442,0.09212030130233542,0.0017008369090466963,udd1,40332,0.0698204899,0.0012689658976204653,Uses total age-cell frequency,1.340333031987751
51,hours_3,0.08982902325202258,N=50000,50000,5.633008241653442,0.09096016108887926,0.0011311378368566855,udd1,40778,0.066874295,0.0012370484918612407,Uses total age-cell frequency,0.9143843950327251
52,hours_3,0.0892408296720139,N=50000,50000,5.633008241653442,0.08901595910575016,0.00022487056626373236,udd1,41035,0.0671134397,0.0012352132688172822,Uses total age-cell frequency,0.1820499924511385
53,hours_3,0.08692086920869209,N=50000,50000,5.633008241653442,0.08673075206461482,0.00019011714407726754,udd1,41296,0.0668829911,0.001229339688759101,Uses total age-cell frequency,0.1546498057580589
54,hours_3,0.08334876447955887,N=50000,50000,5.633008241653442,0.08385782662064306,0.0005090621410841906,udd1,42101,0.0644402746,0.0011966530286784312,Uses total age-cell frequency,0.42540496608811706
55,hours_3,0.08055383343666046,N=50000,50000,5.633008241653442,0.08079073143795486,0.00023689800129439442,udd1,42583,0.0643684099,0.001189243267493641,Uses total age-cell frequency,0.19920062427064458
56,hours_3,0.08057649575312026,N=50000,50000,5.633008241653442,0.07807344862834396,0.0025030471247762948,udd1,42538,0.0642954535,0.0011892439982196489,Uses total age-cell frequency,2.1047380760579557
57,hours_3,0.0757253183051555,N=50000,50000,5.633008241653442,0.07427807106938203,0.001447247235773469,udd1,41686,0.0635465144,0.0011947962755573247,Uses total age-cell frequency,1.2112920548721882
58,hours_3,0.06942433209511217,N=50000,50000,5.633008241653442,0.07065510190579109,0.0012307698106789194,udd1,40096,0.061277933,0.001197760654211734,Uses total age-cell frequency,1.027559058941462
59,hours_3,0.06811178183967243,N=50000,50000,5.633008241653442,0.06647471246507881,0.001637069374593611,udd1,38600,0.0641450777,0.001247074158234503,Uses total age-cell frequency,1.3127281675944829
60,hours_3,0.06321631333857833,N=50000,50000,5.633008241653442,0.06208009572566591,0.0011362176129124171,udd1,36987,0.0634276908,0.0012673178537371092,Uses total age-cell frequency,0.8965529914708458
61,hours_3,0.056925549009105514,N=50000,50000,5.633008241653442,0.05800386871267137,0.0010783197035658595,udd1,35482,0.0656389155,0.0013147222828494647,Uses total age-cell frequency,0.8201882006812589
62,hours_3,0.055305716509556346,N=50000,50000,5.633008241653442,0.05288545831177799,0.0024202581977783577,udd1,34081,0.0674569408,0.0013585999782640566,Uses total age-cell frequency,1.7814354751211088
63,hours_3,0.04826954130842753,N=50000,50000,5.633008241653442,0.048515555769232874,0.00024601446080534106,udd1,32751,0.0684864584,0.0013956761529034037,Uses total age-cell frequency,0.17626901505307013
64,hours_3,0.044679068947275614,N=50000,50000,5.633008241653442,0.04461840221943419,6.0666727841426904e-05,udd1,31813,0.0596925785,0.0013282896504643858,Uses total age-cell frequency,0.04567281527806612
65,hours_3,0.04167966834574065,N=50000,50000,5.633008241653442,0.04162969453006086,4.997381567978937e-05,udd1,31074,0.0552873785,0.0012964753893933939,Uses total age-cell frequency,0.03854590383175075
66,hours_3,0.03332731621463062,N=50000,50000,5.633008241653442,0.03283432376712786,0.0004929924475027617,udd1,30479,0.0468191214,0.0012100377895715012,Uses total age-cell frequency,0.4074190506705912
67,hours_3,0.027419243907471514,N=50000,50000,5.633008241653442,0.026696996329421498,0.0007222475780500164,udd1,30295,0.039973593,0.0011254927565131358,Uses total age-cell frequency,0.6417167714944657
68,hours_3,0.02324063497983636,N=50000,50000,5.633008241653442,0.022553573492313458,0.0006870614875229032,udd1,29842,0.0289859929,0.000971164670636326,Uses total age-cell frequency,0.7074613691133628
69,hours_3,0.017528442153765766,N=50000,50000,5.633008241653442,0.018666308537227436,0.00113786638346167,udd1,29091,0.022721804,0.0008736775659181141,Uses total age-cell frequency,1.3023870909011266
70,hours_3,0.01577799321376636,N=50000,50000,5.633008241653442,0.016047941360819842,0.000269948147053483,udd1,28733,0.0184108864,0.0007930703788629058,Uses total age-cell frequency,0.3403835955146014
71,hours_3,0.012853215780479953,N=50000,50000,5.633008241653442,0.01299689452539277,0.0001436787449128167,udd1,28201,0.0150349278,0.0007246508972931206,Uses total age-cell frequency,0.1982730518233234
72,hours_3,0.010916476263010916,N=50000,50000,5.633008241653442,0.010810652931435596,0.0001058233315753207,udd1,27755,0.011385336,0.0006368187385093998,Uses total age-cell frequency,0.16617496498771556
73,hours_3,0.008678429021917594,N=50000,50000,5.633008241653442,0.008727815281241197,4.9386259323602744e-05,udd1,27615,0.00854608,0.0005539202220604675,Uses total age-cell frequency,0.08915771144786189
74,hours_3,0.006873405826285407,N=50000,50000,5.633008241653442,0.007044751572741125,0.00017134574645571738,udd1,27541,0.0076249955,0.0005241647987015627,Uses total age-cell frequency,0.3268928910910601
75,hours_3,0.0051074224171431745,N=50000,50000,5.633008241653442,0.005250958602003447,0.0001435361848602726,udd1,27329,0.0064034542,0.0004825033355883769,Uses total age-cell frequency,0.2974822644184229
76,hours_3,0.004544277948747447,N=50000,50000,5.633008241653442,0.004442657582491059,0.00010162036625638825,udd1,25186,0.0048042563,0.00043570018026375354,Uses total age-cell frequency,0.23323462063952277
77,hours_3,0.0037082448637818116,N=50000,50000,5.633008241653442,0.003469304458476387,0.00023894040530542462,udd1,22442,0.0043222529,0.00043790883630197123,Uses total age-cell frequency,0.5456396069173108
78,hours_3,0.0029996250468691415,N=50000,50000,5.633008241653442,0.00269070826537228,0.00030891678149686137,udd1,19392,0.0028877888,0.00038533941174575495,Uses total age-cell frequency,0.8016745032576194
79,hours_3,0.00233575681810705,N=50000,50000,5.633008241653442,0.002231910710365013,0.00010384610774203697,udd1,16359,0.00311755,0.0004358633101230322,Uses total age-cell frequency,0.23825384089503673
80,hours_3,0.0020489668345198817,N=50000,50000,5.633008241653442,0.0018614307022670378,0.00018753613225284396,udd1,13610,0.0031594416,0.0004810485981348847,Uses total age-cell frequency,0.3898486202432698
81,hours_3,0.002257336343115124,N=50000,50000,5.633008241653442,0.0016392287465833949,0.0006181075965317291,udd1,11239,0.0020464454,0.0004262765184553196,Uses total age-cell frequency,1.4500155879370034
82,hours_3,0.001981296560469171,N=50000,50000,5.633008241653442,0.0015437457462661394,0.0004375508142030317,udd1,7491,0.0017354158,0.00048089992231491055,Uses total age-cell frequency,0.9098583590880842
83,hours_3,0.001923570146191331,N=50000,50000,5.633008241653442,0.0016700845306549254,0.0002534856155364056,udd1,4499,0.0017781729,0.0006281198639504679,Uses total age-cell frequency,0.40356248876153183
84,hours_3,0.19625429872664746,N=50000,50000,5.633008241653442,0.20001952248921034,0.003765223762562886,udd1,1982,0.0005045409,0.0005044135870906817,Uses total age-cell frequency,7.464556583972404
30,hours_4,0.41598,N=50000,50000,5.633008241653442,0.418378,0.0023980000000000112,udd1,2840,0.4059859155,0.00921498610874567,Uses total age-cell frequency,0.2602282815949273
31,hours_4,0.44492,N=50000,50000,5.633008241653442,0.444428,0.0004919999999999924,udd1,5097,0.4190700412,0.006911111146729345,Uses total age-cell frequency,0.07118971024403643
32,hours_4,0.4649092981859637,N=50000,50000,5.633008241653442,0.46123413923868345,0.003675158947280266,udd1,7282,0.4290030211,0.0057999165270096065,Uses total age-cell frequency,0.6336572138866885
33,hours_4,0.4717283036982219,N=50000,50000,5.633008241653442,0.47222074980122314,0.0004924461030012539,udd1,9171,0.4334314688,0.005174615648613852,Uses total age-cell frequency,0.09516573528184025
34,hours_4,0.48435624549891976,N=50000,50000,5.633008241653442,0.48042392081743296,0.0039323246814867985,udd1,11180,0.4432915921,0.004698267450558872,Uses total age-cell frequency,0.8369733572785512
35,hours_4,0.48606470458774337,N=50000,50000,5.633008241653442,0.4880832322844257,0.002018527696682315,udd1,13112,0.442419158,0.0043374692990578384,Uses total age-cell frequency,0.46536990985060545
36,hours_4,0.4942655271111467,N=50000,50000,5.633008241653442,0.49642374270562606,0.0021582155944793735,udd1,17702,0.4876285166,0.003756867296173463,Uses total age-cell frequency,0.5744721397739048
37,hours_4,0.5000800832866181,N=50000,50000,5.633008241653442,0.5034252917980204,0.003345208511402298,udd1,22115,0.5167533348,0.0033603352287813176,Uses total age-cell frequency,0.9954984499018255
38,hours_4,0.5027941912869304,N=50000,50000,5.633008241653442,0.5095068267879694,0.006712635501039066,udd1,26699,0.5410314993,0.003049686645988458,Uses total age-cell frequency,2.20109023655556
39,hours_4,0.5176076804361334,N=50000,50000,5.633008241653442,0.5142677358492457,0.0033399445868876887,udd1,31731,0.5606819829,0.0027861591994010637,Uses total age-cell frequency,1.198763009524248
40,hours_4,0.5189604347564521,N=50000,50000,5.633008241653442,0.5209459202027716,0.0019854854463194904,udd1,32214,0.5623641895,0.002764031114803372,Uses total age-cell frequency,0.7183296293901287
41,hours_4,0.5281701444622793,N=50000,50000,5.633008241653442,0.5265425948723814,0.0016275495898978587,udd1,32959,0.5695257744,0.002727364950947533,Uses total age-cell frequency,0.596748003721475
42,hours_4,0.5298664792691496,N=50000,50000,5.633008241653442,0.531910150719457,0.0020436714503073716,udd1,33929,0.5774706004,0.0026816856978213095,Uses total age-cell frequency,0.7620846290703337
43,hours_4,0.536457914623362,N=50000,50000,5.633008241653442,0.5374576857204886,0.0009997710971265672,udd1,34810,0.5814421143,0.00264410681206735,Uses total age-cell frequency,0.3781129765876876
44,hours_4,0.5419282150329954,N=50000,50000,5.633008241653442,0.5425538658759059,0.0006256508429105523,udd1,35491,0.5851060832,0.00261533136470357,Uses total age-cell frequency,0.23922431067600702
45,hours_4,0.539484019092502,N=50000,50000,5.633008241653442,0.5470007022323331,0.007516683139831115,udd1,36530,0.5940323022,0.0025693657707320863,Uses total age-cell frequency,2.9255013923881283
46,hours_4,0.5514216575922565,N=50000,50000,5.633008241653442,0.5509605741854642,0.0004610834067922953,udd1,37648,0.597641309,0.0025272956073500163,Uses total age-cell frequency,0.1824414229389502
47,hours_4,0.5559190597358536,N=50000,50000,5.633008241653442,0.5556107996891507,0.00030826004670292395,udd1,38609,0.6019062913,0.0024912242449413777,Uses total age-cell frequency,0.12373837775899527
48,hours_4,0.5559580668663483,N=50000,50000,5.633008241653442,0.5600207753708586,0.004062708504510293,udd1,39731,0.6046663814,0.0024528728566577266,Uses total age-cell frequency,1.6563061935652552
49,hours_4,0.5611942720376455,N=50000,50000,5.633008241653442,0.5628385918636502,0.0016443198260046588,udd1,40045,0.5996503933,0.0024484690323141535,Uses total age-cell frequency,0.6715706036316667
50,hours_4,0.5676016260162602,N=50000,50000,5.633008241653442,0.5649154417446902,0.002686184271569969,udd1,40332,0.596523852,0.0024428565249446994,Uses total age-cell frequency,1.099607874691199
51,hours_4,0.5677080149171608,N=50000,50000,5.633008241653442,0.5649193281166365,0.0027886868005243537,udd1,40778,0.5959831282,0.0024299860072059254,Uses total age-cell frequency,1.1476143452080507
52,hours_4,0.5622969244916727,N=50000,50000,5.633008241653442,0.564203011032408,0.001906086540735319,udd1,41035,0.5937126843,0.00242453008113409,Uses total age-cell frequency,0.7861674126326922
53,hours_4,0.5629356293562936,N=50000,50000,5.633008241653442,0.5612048383141621,0.0017307910421314743,udd1,41296,0.5899118559,0.0024203500164373796,Uses total age-cell frequency,0.7150994816357604
54,hours_4,0.5575993251445384,N=50000,50000,5.633008241653442,0.5560634581956881,0.0015358669488502175,udd1,42101,0.5911261015,0.0023960096120189487,Uses total age-cell frequency,0.6410103453450049
55,hours_4,0.5513122545980574,N=50000,50000,5.633008241653442,0.5508461781865336,0.0004660764115238525,udd1,42583,0.5930300824,0.002380682003539841,Uses total age-cell frequency,0.19577432468126466
56,hours_4,0.5424376466679127,N=50000,50000,5.633008241653442,0.5416233825594827,0.0008142641084299962,udd1,42538,0.5879213879,0.0023864983224430717,Uses total age-cell frequency,0.34119617884182274
57,hours_4,0.5335420580254644,N=50000,50000,5.633008241653442,0.5322602201914564,0.0012818378340080372,udd1,41686,0.5844887972,0.0024137059022581874,Uses total age-cell frequency,0.5310662880712973
58,hours_4,0.5226552498478457,N=50000,50000,5.633008241653442,0.5179147723752183,0.004740477472627402,udd1,40096,0.5800079808,0.0024648300440511376,Uses total age-cell frequency,1.9232471967260116
59,hours_4,0.5001266410570306,N=50000,50000,5.633008241653442,0.5022540877471701,0.002127446690139423,udd1,38600,0.5647927461,0.002523474761481624,Uses total age-cell frequency,0.8430624005489643
60,hours_4,0.4759403772140594,N=50000,50000,5.633008241653442,0.48335925548596853,0.007418878271909124,udd1,36987,0.5478681699,0.002587891250822338,Uses total age-cell frequency,2.866765854071988
61,hours_4,0.46208891269416175,N=50000,50000,5.633008241653442,0.4636254107690971,0.001536498074935333,udd1,35482,0.5160926667,0.002653022297651055,Uses total age-cell frequency,0.5791500796264414
62,hours_4,0.4433105595433711,N=50000,50000,5.633008241653442,0.44165337269935,0.001657186844021108,udd1,34081,0.4794166838,0.002706110521891471,Uses total age-cell frequency,0.6123869777731014
63,hours_4,0.4177759350587003,N=50000,50000,5.633008241653442,0.4187377279715382,0.0009617929128378777,udd1,32751,0.4251167903,0.002731691547452209,Uses total age-cell frequency,0.3520869381226155
64,hours_4,0.38904073355669194,N=50000,50000,5.633008241653442,0.39078652082486615,0.0017457872681742037,udd1,31813,0.3605758652,0.0026920959002591,Uses total age-cell frequency,0.6484862846105077
65,hours_4,0.3467659251994829,N=50000,50000,5.633008241653442,0.3472952041644223,0.0005292789649393725,udd1,31074,0.2824226041,0.0025537919916284466,Uses total age-cell frequency,0.2072521829007199
66,hours_4,0.24033124238458414,N=50000,50000,5.633008241653442,0.23821583795906862,0.002115404425515527,udd1,30479,0.2089635487,0.0023288051817227096,Uses total age-cell frequency,0.908364702259327
67,hours_4,0.18812902634173181,N=50000,50000,5.633008241653442,0.18465020363381526,0.0034788227079165512,udd1,30295,0.1331572867,0.0019519430457098721,Uses total age-cell frequency,1.7822357653121952
68,hours_4,0.1570665982890044,N=50000,50000,5.633008241653442,0.1574057320163852,0.00033913372738078595,udd1,29842,0.0862877823,0.0016254192792777352,Uses total age-cell frequency,0.20864384451714027
69,hours_4,0.1357860485001069,N=50000,50000,5.633008241653442,0.1373874061247265,0.0016013576246196037,udd1,29091,0.0607748101,0.0014007716578385027,Uses total age-cell frequency,1.1431967627690443
70,hours_4,0.1181774115365972,N=50000,50000,5.633008241653442,0.11852951053596997,0.0003520989993727741,udd1,28733,0.0449309157,0.0012220797334726802,Uses total age-cell frequency,0.2881145883765246
71,hours_4,0.10319720646870899,N=50000,50000,5.633008241653442,0.10196019143404522,0.001237015034663766,udd1,28201,0.0328002553,0.0010606313122945468,Uses total age-cell frequency,1.1663006931104405
72,hours_4,0.0882965219598883,N=50000,50000,5.633008241653442,0.0874414576412382,0.000855064318650095,udd1,27755,0.0247162673,0.0009319364882404979,Uses total age-cell frequency,0.9175135102440961
73,hours_4,0.07422272028354747,N=50000,50000,5.633008241653442,0.07443162254937763,0.00020890226583016036,udd1,27615,0.020822017,0.0008592503039551779,Uses total age-cell frequency,0.24312155011010342
74,hours_4,0.06551214928178278,N=50000,50000,5.633008241653442,0.06358953136211071,0.001922617919672076,udd1,27541,0.017283323,0.000785304224416068,Uses total age-cell frequency,2.448245991674991
75,hours_4,0.0531838116915561,N=50000,50000,5.633008241653442,0.053799758075379935,0.000615946383823833,udd1,27329,0.0127337261,0.0006782394270407979,Uses total age-cell frequency,0.908154789100431
76,hours_4,0.0458454370272369,N=50000,50000,5.633008241653442,0.045524631315620345,0.00032080571161655774,udd1,25186,0.0106011276,0.0006453304190122713,Uses total age-cell frequency,0.4971185336460289
77,hours_4,0.038547803463022216,N=50000,50000,5.633008241653442,0.03868604595327843,0.00013824249025621432,udd1,22442,0.009535692,0.0006487311375715493,Uses total age-cell frequency,0.21309673954253108
78,hours_4,0.0343082114735658,N=50000,50000,5.633008241653442,0.03331517550042621,0.000993035973139593,udd1,19392,0.0084570957,0.0006575898130504886,Uses total age-cell frequency,1.5101145933709126
79,hours_4,0.030167450735269927,N=50000,50000,5.633008241653442,0.029878218895633413,0.000289231839636514,udd1,16359,0.007090898,0.0006560349681438074,Uses total age-cell frequency,0.4408786934862173
80,hours_4,0.02733113387740927,N=50000,50000,5.633008241653442,0.027199218443341503,0.00013191543406776765,udd1,13610,0.006098457,0.0006673483680921346,Uses total age-cell frequency,0.1976710221752656
81,hours_4,0.02775413536616956,N=50000,50000,5.633008241653442,0.027134427883206805,0.0006197074829627537,udd1,11239,0.0057834327,0.000715269168667739,Uses total age-cell frequency,0.8663975886406812
82,hours_4,0.030393089237597083,N=50000,50000,5.633008241653442,0.030859040933073265,0.00046595169547618276,udd1,7491,0.0042717928,0.0007535387600949321,Uses total age-cell frequency,0.6183513312805321
83,hours_4,0.02996494827733607,N=50000,50000,5.633008241653442,0.030790713389116865,0.0008257651117807956,udd1,4499,0.0040008891,0.0009411302557820629,Uses total age-cell frequency,0.877418515351628
84,hours_4,0.20675713356259875,N=50000,50000,5.633008241653442,0.19992888236073378,0.006828251201864977,udd1,1982,0.0065590313,0.0018131722328885006,Uses total age-cell frequency,3.765914278858733
30,work_work,0.55672,N=50000,50000,5.633008241653442,0.561155,0.004434999999999967,udd1,2840,,,Approximate: uses total age-cell frequency,
31,work_work,0.544,N=50000,50000,5.633008241653442,0.545674,0.0016739999999999533,udd1,5097,0.6723826715,0.0065740707206424585,Approximate: uses total age-cell frequency,0.25463674960837046
32,work_work,0.5617912358247165,N=50000,50000,5.633008241653442,0.5618879706225899,9.673479787342121e-05,udd1,7282,0.6603319702,0.0055498744802939615,Approximate: uses total age-cell frequency,0.017430087512230984
33,work_work,0.5764345860751645,N=50000,50000,5.633008241653442,0.576458821940962,2.4235865797472833e-05,udd1,9171,0.6692446931,0.0049128955598924055,Approximate: uses total age-cell frequency,0.004933112357471651
34,work_work,0.5899215811794831,N=50000,50000,5.633008241653442,0.5881586252081843,0.0017629559712988296,udd1,11180,0.6661116803,0.00446018873057357,Approximate: uses total age-cell frequency,0.39526488177824654
35,work_work,0.5974670374742402,N=50000,50000,5.633008241653442,0.5977232980762689,0.0002562606020286573,udd1,13112,0.6699896158,0.004106420018226304,Approximate: uses total age-cell frequency,0.06240486869128029
36,work_work,0.6041512379656132,N=50000,50000,5.633008241653442,0.6065066166013997,0.002355378635786498,udd1,17702,0.6784866234,0.0035104193512207438,Approximate: uses total age-cell frequency,0.670967881648504
37,work_work,0.6117161848322256,N=50000,50000,5.633008241653442,0.6150939089572156,0.0033777241249900447,udd1,22115,0.7102259215,0.0030505950015394375,Approximate: uses total age-cell frequency,1.1072345307343407
38,work_work,0.6179268903355033,N=50000,50000,5.633008241653442,0.6223168314650178,0.0043899411295145185,udd1,26699,0.7299515991,0.0027171920762399143,Approximate: uses total age-cell frequency,1.6156167861306943
39,work_work,0.625678952959333,N=50000,50000,5.633008241653442,0.6286681342376563,0.0029891812783233718,udd1,31731,0.7458161438,0.0024442633303284507,Approximate: uses total age-cell frequency,1.222937496641042
40,work_work,0.6370746184851706,N=50000,50000,5.633008241653442,0.6353869846738147,0.0016876338113558376,udd1,32214,0.7468616044,0.002422572321862663,Approximate: uses total age-cell frequency,0.6966288668146976
41,work_work,0.6414927768860353,N=50000,50000,5.633008241653442,0.6430753671435494,0.0015825902575140605,udd1,32959,0.746649244,0.0023956998403133114,Approximate: uses total age-cell frequency,0.6605962194775987
42,work_work,0.6487702037947998,N=50000,50000,5.633008241653442,0.6498107220676982,0.0010405182728984164,udd1,33929,0.7506724827,0.002348685272502447,Approximate: uses total age-cell frequency,0.44302158534411823
43,work_work,0.6532679475842109,N=50000,50000,5.633008241653442,0.6554893983130573,0.002221450728846386,udd1,34810,0.7516776153,0.00231564367494827,Approximate: uses total age-cell frequency,0.9593232123228163
44,work_work,0.6594036697247706,N=50000,50000,5.633008241653442,0.6609969098752178,0.0015932401504471505,udd1,35491,0.7511925337,0.0022948178405947112,Approximate: uses total age-cell frequency,0.6942773941631271
45,work_work,0.663021368295974,N=50000,50000,5.633008241653442,0.6666058804149719,0.0035845121189979068,udd1,36530,0.7543883338,0.0022521491127892946,Approximate: uses total age-cell frequency,1.5915962662696326
46,work_work,0.6699334543254688,N=50000,50000,5.633008241653442,0.6713930293045245,0.001459574979055689,udd1,37648,0.7576997349,0.0022082821266600438,Approximate: uses total age-cell frequency,0.6609549393325251
47,work_work,0.6764812795347146,N=50000,50000,5.633008241653442,0.6768996318517463,0.0004183523170316894,udd1,38609,0.7577128754,0.0021805860269879717,Approximate: uses total age-cell frequency,0.19185315867109198
48,work_work,0.6835181737229823,N=50000,50000,5.633008241653442,0.6812114511576296,0.0023067225653526924,udd1,39731,0.7561473508,0.0021542802923518794,Approximate: uses total age-cell frequency,1.0707625064120083
49,work_work,0.6858950955336498,N=50000,50000,5.633008241653442,0.6854377599675358,0.0004573355661140477,udd1,40045,0.7491597922,0.00216626537038045,Approximate: uses total age-cell frequency,0.21111705535583952
50,work_work,0.6916666666666667,N=50000,50000,5.633008241653442,0.6886657772933223,0.0030008893733443065,udd1,40332,0.7449686671,0.0021704055664326836,Approximate: uses total age-cell frequency,1.3826399175139514
51,work_work,0.6915082227792383,N=50000,50000,5.633008241653442,0.6879800168225728,0.0035282059566654755,udd1,40778,0.73708627,0.0021799816266490682,Approximate: uses total age-cell frequency,1.6184567399720766
52,work_work,0.6860733626238888,N=50000,50000,5.633008241653442,0.6844704720242715,0.0016028905996173792,udd1,41035,0.7332190971,0.0021833181952265746,Approximate: uses total age-cell frequency,0.7341534564782202
53,work_work,0.6787207872078721,N=50000,50000,5.633008241653442,0.6783787194617072,0.0003420677461648536,udd1,41296,0.7302130898,0.002184143912406664,Approximate: uses total age-cell frequency,0.1566141059761653
54,work_work,0.6699380696664815,N=50000,50000,5.633008241653442,0.6687886676497483,0.001149402016733192,udd1,42101,0.7277731347,0.002169288406902525,Approximate: uses total age-cell frequency,0.5298520994607608
55,work_work,0.6575738789005993,N=50000,50000,5.633008241653442,0.6569064395576669,0.0006674393429323411,udd1,42583,0.7300996078,0.002151169779622585,Approximate: uses total age-cell frequency,0.31026809192598503
56,work_work,0.6456295557909164,N=50000,50000,5.633008241653442,0.6428209326097616,0.0028086231811548235,udd1,42538,0.7255845362,0.002163514280890745,Approximate: uses total age-cell frequency,1.298176400295578
57,work_work,0.6271759549154665,N=50000,50000,5.633008241653442,0.6255387841021101,0.0016371708133564589,udd1,41686,0.7195160232,0.0022002860789693173,Approximate: uses total age-cell frequency,0.7440717954836858
58,work_work,0.6083443514029675,N=50000,50000,5.633008241653442,0.6050842099846356,0.0032601414183318633,udd1,40096,0.7155067517,0.0022531615190435656,Approximate: uses total age-cell frequency,1.446918647765539
59,work_work,0.5867913377516991,N=50000,50000,5.633008241653442,0.5803898065554051,0.006401531196294052,udd1,38600,0.7042536736,0.002322900393663822,Approximate: uses total age-cell frequency,2.755835426157538
60,work_work,0.5516170873290949,N=50000,50000,5.633008241653442,0.5532756126304225,0.0016585253013275958,udd1,36987,0.692141219,0.002400206324669604,Approximate: uses total age-cell frequency,0.6909928051939023
61,work_work,0.5179646491697911,N=50000,50000,5.633008241653442,0.523296495092228,0.005331845922436851,udd1,35482,0.6680743243,0.002499935298813833,Approximate: uses total age-cell frequency,2.1327935666841857
62,work_work,0.49225979417106286,N=50000,50000,5.633008241653442,0.4902313691451528,0.0020284250259100522,udd1,34081,0.6330191334,0.0026108021689551656,Approximate: uses total age-cell frequency,0.7769355526166968
63,work_work,0.4561384366953258,N=50000,50000,5.633008241653442,0.45643914767518473,0.00030071097985895356,udd1,32751,0.5905721693,0.002717145444577835,Approximate: uses total age-cell frequency,0.11067165376039532
64,work_work,0.41939252336448596,N=50000,50000,5.633008241653442,0.41944832217137,5.579880688405536e-05,udd1,31813,0.5234845597,0.0028001939585507196,Approximate: uses total age-cell frequency,0.019926764970571838
65,work_work,0.3706815851647127,N=50000,50000,5.633008241653442,0.3722812907205711,0.0015997055558583662,udd1,31074,0.451007183,0.002822776412639654,Approximate: uses total age-cell frequency,0.5667135196026519
66,work_work,0.3081592129608737,N=50000,50000,5.633008241653442,0.30435885214591474,0.0038003608149589363,udd1,30479,0.3638179712,0.002755703039724757,Approximate: uses total age-cell frequency,1.3790893866918699
67,work_work,0.23794676631743047,N=50000,50000,5.633008241653442,0.23377047108629592,0.0041762952311345525,udd1,30295,0.2869565217,0.0025988461920787285,Approximate: uses total age-cell frequency,1.6069805299997675
68,work_work,0.18487610433809645,N=50000,50000,5.633008241653442,0.18382096291618172,0.0010551414219147348,udd1,29842,0.2166905885,0.002384914059505271,Approximate: uses total age-cell frequency,0.44242324695490887
69,work_work,0.14922927107332018,N=50000,50000,5.633008241653442,0.1505391551552218,0.0013098840819016078,udd1,29091,0.1757674887,0.0022315921199712293,Approximate: uses total age-cell frequency,0.586972892662166
70,work_work,0.12169171110033931,N=50000,50000,5.633008241653442,0.12422757840602007,0.0025358673056807557,udd1,28733,0.1487553905,0.0020992929975565833,Approximate: uses total age-cell frequency,1.207962541975947
71,work_work,0.1006463755912727,N=50000,50000,5.633008241653442,0.10116833258567318,0.0005219569944004826,udd1,28201,0.1242171641,0.0019640691104851186,Approximate: uses total age-cell frequency,0.26575286562679096
72,work_work,0.08047727849708047,N=50000,50000,5.633008241653442,0.0812024422703768,0.0007251637732963306,udd1,27755,0.1086475482,0.001867944984217995,Approximate: uses total age-cell frequency,0.38821473834783016
73,work_work,0.06434546923457819,N=50000,50000,5.633008241653442,0.06500735577976482,0.0006618865451866324,udd1,27615,0.0970778497,0.0017816102549106615,Approximate: uses total age-cell frequency,0.37151029152547316
74,work_work,0.05278560880655121,N=50000,50000,5.633008241653442,0.0519535312438696,0.0008320775626816102,udd1,27541,0.0861905835,0.0016910944814589534,Approximate: uses total age-cell frequency,0.49203493465590054
75,work_work,0.04016543607394659,N=50000,50000,5.633008241653442,0.04049945907210381,0.00033402299815721986,udd1,27329,0.078566939,0.0016275709947572911,Approximate: uses total age-cell frequency,0.20522791278117516
76,work_work,0.031982513158273176,N=50000,50000,5.633008241653442,0.03153379042414915,0.0004487227341240241,udd1,25186,0.0695135434,0.0016025446626705602,Approximate: uses total age-cell frequency,0.2800063827090162
77,work_work,0.025867998444929572,N=50000,50000,5.633008241653442,0.024478703992701255,0.0013892944522283165,udd1,22442,0.0632012352,0.0016242585397078944,Approximate: uses total age-cell frequency,0.8553407097851345
78,work_work,0.018747656542932135,N=50000,50000,5.633008241653442,0.019208580125493126,0.000460923582560991,udd1,19392,0.056398872,0.0016566018173123271,Approximate: uses total age-cell frequency,0.27823438181952137
79,work_work,0.015758134026384183,N=50000,50000,5.633008241653442,0.014868949532734965,0.0008891844936492182,udd1,16359,0.0523964833,0.0017421519259807428,Approximate: uses total age-cell frequency,0.5103943464337375
80,work_work,0.013231463795797881,N=50000,50000,5.633008241653442,0.012009455439930917,0.0012220083558669645,udd1,13610,0.0474093264,0.0018216124775568378,Approximate: uses total age-cell frequency,0.670838815018402
81,work_work,0.009880472190356364,N=50000,50000,5.633008241653442,0.009942923686855388,6.245149649902401e-05,udd1,11239,0.0412920761,0.0018767770426771275,Approximate: uses total age-cell frequency,0.03327592733654718
82,work_work,0.010699001426533523,N=50000,50000,5.633008241653442,0.00966726127995968,0.001031740146573843,udd1,7491,0.0362027353,0.002158209692576769,Approximate: uses total age-cell frequency,0.47805370818347553
83,work_work,0.01286654697785757,N=50000,50000,5.633008241653442,0.012511734428760524,0.00035481254909704683,udd1,4499,0.0355386679,0.0027601646284504144,Approximate: uses total age-cell frequency,0.12854760380587962
84,work_work,0.06190166372339437,N=50000,50000,5.633008241653442,0.06095432434756538,0.0009473393758289844,udd1,1982,0.0344478217,0.004096537466321932,Approximate: uses total age-cell frequency,0.23125368280338252
30,nowork_nowork,0.13768,N=50000,50000,5.633008241653442,0.136219,0.00146099999999999,udd1,2840,,,Approximate: uses total age-cell frequency,
31,nowork_nowork,0.16754,N=50000,50000,5.633008241653442,0.164972,0.002567999999999987,udd1,5097,0.2378158845,0.0059633878968959365,Approximate: uses total age-cell frequency,0.4306276976107294
32,nowork_nowork,0.15716314326286526,N=50000,50000,5.633008241653442,0.15418140070723393,0.002981742555631328,udd1,7282,0.2383930719,0.004993291505791284,Approximate: uses total age-cell frequency,0.5971497061954153
33,nowork_nowork,0.14564873892433547,N=50000,50000,5.633008241653442,0.1443534877208423,0.001295251203493164,udd1,9171,0.2363008063,0.004435937525928501,Approximate: uses total age-cell frequency,0.291990406970858
34,nowork_nowork,0.13725294070576938,N=50000,50000,5.633008241653442,0.1374041601856529,0.0001512194798835298,udd1,11180,0.2392418033,0.004034790150820682,Approximate: uses total age-cell frequency,0.03747889586098339
35,nowork_nowork,0.13008943398491427,N=50000,50000,5.633008241653442,0.13133856786684756,0.0012491338819332898,udd1,13112,0.2414330218,0.0037373247017370875,Approximate: uses total age-cell frequency,0.33423209959592204
36,nowork_nowork,0.1263185284521927,N=50000,50000,5.633008241653442,0.1259340951873895,0.0003844332648032245,udd1,17702,0.2296184898,0.00316115059146382,Approximate: uses total age-cell frequency,0.12161181622961109
37,nowork_nowork,0.12124609593977737,N=50000,50000,5.633008241653442,0.12142441682943018,0.00017832088965281934,udd1,22115,0.2094530321,0.0027362998878739083,Approximate: uses total age-cell frequency,0.06516862075062022
38,nowork_nowork,0.11899849774661993,N=50000,50000,5.633008241653442,0.11708444626051459,0.0019140514861053365,udd1,26699,0.1965455063,0.0024320063456893955,Approximate: uses total age-cell frequency,0.7870256956762851
39,nowork_nowork,0.11442486922013108,N=50000,50000,5.633008241653442,0.11341244322514256,0.0010124259949885195,udd1,31731,0.1839339924,0.002174962449571994,Approximate: uses total age-cell frequency,0.4654912525904769
40,nowork_nowork,0.10987226021216435,N=50000,50000,5.633008241653442,0.10977182171654078,0.0001004384956235782,udd1,32214,0.1850505205,0.002163655792257215,Approximate: uses total age-cell frequency,0.04642073659914113
41,nowork_nowork,0.10636035313001606,N=50000,50000,5.633008241653442,0.10588142043442185,0.0004789326955942086,udd1,32959,0.1879783461,0.0021520418080539284,Approximate: uses total age-cell frequency,0.22254804428139946
42,nowork_nowork,0.10306194157213132,N=50000,50000,5.633008241653442,0.1018465894827742,0.0012153520893571218,udd1,33929,0.188258815,0.002122271397809841,Approximate: uses total age-cell frequency,0.572665725322101
43,nowork_nowork,0.09827960446981268,N=50000,50000,5.633008241653442,0.09839627875561845,0.00011667428580576511,udd1,34810,0.1874690966,0.0020918607704401918,Approximate: uses total age-cell frequency,0.05577535917039701
44,nowork_nowork,0.09701432480283277,N=50000,50000,5.633008241653442,0.09540445819174874,0.001609866611084032,udd1,35491,0.1887659869,0.002077188114816216,Approximate: uses total age-cell frequency,0.7750220596782437
45,nowork_nowork,0.09300545787767103,N=50000,50000,5.633008241653442,0.09274101329002397,0.0002644445876470586,udd1,36530,0.1890359168,0.0020485574031201934,Approximate: uses total age-cell frequency,0.12908819994220247
46,nowork_nowork,0.09140955837870539,N=50000,50000,5.633008241653442,0.08997576620950021,0.0014337921692051808,udd1,37648,0.1884593984,0.0020155476580170323,Approximate: uses total age-cell frequency,0.7113660465939052
47,nowork_nowork,0.08572640252029565,N=50000,50000,5.633008241653442,0.08773913720116376,0.002012734680868114,udd1,38609,0.1894440401,0.001994287185095793,Approximate: uses total age-cell frequency,1.0092501701410848
48,nowork_nowork,0.08451388326722253,N=50000,50000,5.633008241653442,0.08454927974664576,3.539647942323032e-05,udd1,39731,0.1923850175,0.001977529902021881,Approximate: uses total age-cell frequency,0.017899339669675784
49,nowork_nowork,0.08107176179465336,N=50000,50000,5.633008241653442,0.08255351526833722,0.0014817534736838583,udd1,40045,0.1996333639,0.0019975005227955175,Approximate: uses total age-cell frequency,0.7418037976831829
50,nowork_nowork,0.0800609756097561,N=50000,50000,5.633008241653442,0.08148442647621063,0.001423450866454526,udd1,40332,0.2031513618,0.002003424161403428,Approximate: uses total age-cell frequency,0.7105089845064949
51,nowork_nowork,0.07890607487110514,N=50000,50000,5.633008241653442,0.08113373945403105,0.002227664582925906,udd1,40778,0.2109614298,0.002020401516996144,Approximate: uses total age-cell frequency,1.1025850872641954
52,nowork_nowork,0.08229283743741699,N=50000,50000,5.633008241653442,0.08312805426116407,0.0008352168237470842,udd1,41035,0.2166450012,0.002033651011381355,Approximate: uses total age-cell frequency,0.41069820685691993
53,nowork_nowork,0.08374333743337434,N=50000,50000,5.633008241653442,0.08616746542558922,0.002424127992214878,udd1,41296,0.2208757757,0.0020413778776379094,Approximate: uses total age-cell frequency,1.1874959647450725
54,nowork_nowork,0.08865707878114519,N=50000,50000,5.633008241653442,0.09063161623567598,0.0019745374545307864,udd1,42101,0.2236663881,0.00203085235708332,Approximate: uses total age-cell frequency,0.9722703118441302
55,nowork_nowork,0.09429634221946684,N=50000,50000,5.633008241653442,0.09667505640843221,0.002378714188965375,udd1,42583,0.2249216964,0.0020233468516735018,Approximate: uses total age-cell frequency,1.1756334248860745
56,nowork_nowork,0.1039810603700704,N=50000,50000,5.633008241653442,0.10400651547008619,2.5455100015780996e-05,udd1,42538,0.2267522017,0.0020302362081057045,Approximate: uses total age-cell frequency,0.012537999230903122
57,nowork_nowork,0.11356710498852014,N=50000,50000,5.633008241653442,0.11327413669245034,0.00029296829606979824,udd1,41686,0.233712867,0.00207272633816718,Approximate: uses total age-cell frequency,0.14134441709698015
58,nowork_nowork,0.12289869671976326,N=50000,50000,5.633008241653442,0.12539132936989275,0.0024926326501294865,udd1,40096,0.2394717317,0.002131249445124024,Approximate: uses total age-cell frequency,1.1695640113043795
59,nowork_nowork,0.13947401747646587,N=50000,50000,5.633008241653442,0.13984117269641747,0.0003671552199515926,udd1,38600,0.2504253674,0.0022052252053439635,Approximate: uses total age-cell frequency,0.16649329921581638
60,nowork_nowork,0.1604116608900891,N=50000,50000,5.633008241653442,0.15790902442218085,0.0025026364679082425,udd1,36987,0.2606027326,0.0022824635438857183,Approximate: uses total age-cell frequency,1.0964628436727173
61,nowork_nowork,0.17951794322442421,N=50000,50000,5.633008241653442,0.17792859725370752,0.0015893459707166935,udd1,35482,0.2778040541,0.0023778955105194003,Approximate: uses total age-cell frequency,0.6683834355570716
62,nowork_nowork,0.2019588342125746,N=50000,50000,5.633008241653442,0.20131107017699557,0.0006477640355790348,udd1,34081,0.3056767023,0.0024954902311029063,Approximate: uses total age-cell frequency,0.2595738614824187
63,nowork_nowork,0.22731637061929907,N=50000,50000,5.633008241653442,0.22842554177215466,0.0011091711528555814,udd1,32751,0.3404534998,0.0026184201177384928,Approximate: uses total age-cell frequency,0.42360320459711526
64,nowork_nowork,0.2588608710985717,N=50000,50000,5.633008241653442,0.25820801894294143,0.000652852155630268,udd1,31813,0.3903164316,0.0027350064183156012,Approximate: uses total age-cell frequency,0.23870223896305798
65,nowork_nowork,0.2906432487852717,N=50000,50000,5.633008241653442,0.292677393615238,0.002034144829966278,udd1,31074,0.467988757,0.0028306067261004274,Approximate: uses total age-cell frequency,0.7186250252321729
66,nowork_nowork,0.34191524888307234,N=50000,50000,5.633008241653442,0.34161984324389805,0.0002954056391742954,udd1,30479,0.539813816,0.002854883751424113,Approximate: uses total age-cell frequency,0.1034737890910399
67,nowork_nowork,0.4133749054311195,N=50000,50000,5.633008241653442,0.417177618087508,0.003802712656388485,udd1,30295,0.6314256825,0.002771648662609021,Approximate: uses total age-cell frequency,1.372003857375234
68,nowork_nowork,0.48513951374157904,N=50000,50000,5.633008241653442,0.4880513922629102,0.0029118785213311793,udd1,29842,0.7120360878,0.0026212356880075983,Approximate: uses total age-cell frequency,1.1108800840204105
69,nowork_nowork,0.5403652946345866,N=50000,50000,5.633008241653442,0.5390897886758996,0.0012755059586869733,udd1,29091,0.7710954538,0.002463212927763735,Approximate: uses total age-cell frequency,0.5178220462836562
70,nowork_nowork,0.5866941347552108,N=50000,50000,5.633008241653442,0.5839198099997454,0.0027743247554654626,udd1,28733,0.8070961957,0.002327783363356363,Approximate: uses total age-cell frequency,1.1918311639899533
71,nowork_nowork,0.6265880779613165,N=50000,50000,5.633008241653442,0.6260740902297753,0.00051398773154121,udd1,28201,0.8336716624,0.0022174221883415916,Approximate: uses total age-cell frequency,0.2317951602737506
72,nowork_nowork,0.6671744097486672,N=50000,50000,5.633008241653442,0.666351731634716,0.0008226781139512029,udd1,27755,0.856346256,0.00210529306804352,Approximate: uses total age-cell frequency,0.39076655238110386
73,nowork_nowork,0.7029788121237392,N=50000,50000,5.633008241653442,0.7040263764698518,0.0010475643461125284,udd1,27615,0.8718269016,0.0020115973300965846,Approximate: uses total age-cell frequency,0.5207624460618223
74,nowork_nowork,0.7362599006578064,N=50000,50000,5.633008241653442,0.7385715936483026,0.0023116929904961614,udd1,27541,0.8887136743,0.001895012070113755,Approximate: uses total age-cell frequency,1.2198829901687083
75,nowork_nowork,0.7694720479653584,N=50000,50000,5.633008241653442,0.7703021557955667,0.0008301078302083154,udd1,27329,0.8978180839,0.001832185008002886,Approximate: uses total age-cell frequency,0.4530698737204206
76,nowork_nowork,0.7990738876585464,N=50000,50000,5.633008241653442,0.7994939145822345,0.00042002692368814376,udd1,25186,0.9088815183,0.0018133317839947713,Approximate: uses total age-cell frequency,0.23163269259132718
77,nowork_nowork,0.8243667573791083,N=50000,50000,5.633008241653442,0.8236762022520467,0.0006905551270615096,udd1,22442,0.9167267113,0.0018443444032827103,Approximate: uses total age-cell frequency,0.3744176661541114
78,nowork_nowork,0.8475503062117236,N=50000,50000,5.633008241653442,0.8457002827284472,0.0018500234832763418,udd1,19392,0.9263214736,0.00187603108541212,Approximate: uses total age-cell frequency,0.9861369023477214
79,nowork_nowork,0.862716715465342,N=50000,50000,5.633008241653442,0.8631254343724154,0.000408718907073391,udd1,16359,0.9325723199,0.00196056837544874,Approximate: uses total age-cell frequency,0.20846960105629692
80,nowork_nowork,0.874422642819934,N=50000,50000,5.633008241653442,0.8769571626702023,0.002534519850268313,udd1,13610,0.9380829016,0.00206584077643286,Approximate: uses total age-cell frequency,1.226870860127339
81,nowork_nowork,0.8840617251970544,N=50000,50000,5.633008241653442,0.8864407596823901,0.002379034485335718,udd1,11239,0.9424001673,0.002197679983646345,Approximate: uses total age-cell frequency,1.082520887044015
82,nowork_nowork,0.8838563956252972,N=50000,50000,5.633008241653442,0.8854969254061261,0.0016405297808289587,udd1,7491,0.9497184232,0.0025248290421263082,Approximate: uses total age-cell frequency,0.6497587573087211
83,nowork_nowork,0.8706505941694451,N=50000,50000,5.633008241653442,0.8716194687805389,0.0009688746110937396,udd1,4499,0.9532856504,0.0031461446377548307,Approximate: uses total age-cell frequency,0.30795615670904225
84,nowork_nowork,0.18496142764197415,N=50000,50000,5.633008241653442,0.18495234420937404,9.08343260011546e-06,udd1,1982,0.9549138804,0.004660705990802418,Approximate: uses total age-cell frequency,0.0019489391989198606
30,prob_work,0.68334,N=100000,100000,9.7276451587677,0.683829,0.0004890000000000727,udd1,2840,0.7408450704,0.008222128593867357,Uses total age-cell frequency,0.05947365021325541
31,prob_work,0.69531,N=100000,100000,9.7276451587677,0.696873,0.001562999999999981,udd1,5097,0.7255248185,0.00625058060855109,Uses total age-cell frequency,0.2500567703841341
32,prob_work,0.7110726643598616,N=100000,100000,9.7276451587677,0.7108331199897595,0.00023954437010209606,udd1,7282,0.7283713266,0.005212413841895231,Uses total age-cell frequency,0.04595651407736225
33,prob_work,0.721219334126754,N=100000,100000,9.7276451587677,0.7212743720402254,5.5037913471389643e-05,udd1,9171,0.7294733399,0.00463875463007704,Uses total age-cell frequency,0.011864803780422328
34,prob_work,0.7299235755441741,N=100000,100000,9.7276451587677,0.7294789014869237,0.00044467405725034936,udd1,11180,0.7228980322,0.004232894306220716,Uses total age-cell frequency,0.1050520105349313
35,prob_work,0.7373803067748617,N=100000,100000,9.7276451587677,0.7369026608878697,0.0004776458869919509,udd1,13112,0.7188834655,0.003925888602819013,Uses total age-cell frequency,0.12166567503952448
36,prob_work,0.7436965116861018,N=100000,100000,9.7276451587677,0.7436603621392094,3.614954689246108e-05,udd1,17702,0.7478815953,0.0032636796977581362,Uses total age-cell frequency,0.011076315766309014
37,prob_work,0.7497271370923329,N=100000,100000,9.7276451587677,0.7500132646840052,0.00028612759167234714,udd1,22115,0.7633280579,0.0028581533632124284,Uses total age-cell frequency,0.10010925073340128
38,prob_work,0.755707145075177,N=100000,100000,9.7276451587677,0.7552311333179101,0.00047601175726685874,udd1,26699,0.7775197573,0.0025453877161882243,Uses total age-cell frequency,0.18700952874075197
39,prob_work,0.7603006765221749,N=100000,100000,9.7276451587677,0.7600280956011948,0.00027258092098014775,udd1,31731,0.7868960953,0.0022988599768867745,Uses total age-cell frequency,0.11857221567243507
40,prob_work,0.7656314243022895,N=100000,100000,9.7276451587677,0.7655733332798598,5.8091022429707095e-05,udd1,32214,0.7873905755,0.0022796282744457015,Uses total age-cell frequency,0.025482673241466133
41,prob_work,0.7694445838141588,N=100000,100000,9.7276451587677,0.7716119801621582,0.0021673963479993397,udd1,32959,0.7841864134,0.0022660111095178944,Uses total age-cell frequency,0.9564809011287083
42,prob_work,0.7763193572683906,N=100000,100000,9.7276451587677,0.7763678719537298,4.85146853391738e-05,udd1,33929,0.7889416134,0.002215328879254968,Uses total age-cell frequency,0.02189954087335767
43,prob_work,0.7811353378167818,N=100000,100000,9.7276451587677,0.7807135333327972,0.00042180448398454473,udd1,34810,0.7871588624,0.0021938501947408816,Uses total age-cell frequency,0.1922667668903275
44,prob_work,0.7848394271509516,N=100000,100000,9.7276451587677,0.784895719608658,5.6292457706441645e-05,udd1,35491,0.7868473698,0.0021738595353921033,Uses total age-cell frequency,0.02589516792136621
45,prob_work,0.7919823486741355,N=100000,100000,9.7276451587677,0.7889726351041612,0.0030097135699743705,udd1,36530,0.789488092,0.002132977575295862,Uses total age-cell frequency,1.4110385429424395
46,prob_work,0.7933010492332526,N=100000,100000,9.7276451587677,0.7924560472488291,0.000845001984423499,udd1,37648,0.7887537187,0.002103750786040311,Uses total age-cell frequency,0.401664488983491
47,prob_work,0.7954393905716421,N=100000,100000,9.7276451587677,0.7966887878999178,0.0012493973282756698,udd1,38609,0.7876919889,0.002081215868645027,Uses total age-cell frequency,0.600320873532974
48,prob_work,0.8011805443058481,N=100000,100000,9.7276451587677,0.799972259007723,0.0012082852981251113,udd1,39731,0.7834688279,0.002066361617364992,Uses total age-cell frequency,0.5847404868398142
49,prob_work,0.804699627641765,N=100000,100000,9.7276451587677,0.8029248249974638,0.0017748026443011877,udd1,40045,0.778873767,0.002073860420280879,Uses total age-cell frequency,0.8557965748055564
50,prob_work,0.8034245391412216,N=100000,100000,9.7276451587677,0.8042378775430519,0.000813338401830288,udd1,40332,0.7723147873,0.002088044301422947,Uses total age-cell frequency,0.3895216213928121
51,prob_work,0.8016578641489427,N=100000,100000,9.7276451587677,0.8025957739657941,0.0009379098168513789,udd1,40778,0.7666633969,0.002094502289083435,Uses total age-cell frequency,0.44779603332962364
52,prob_work,0.7999386534430755,N=100000,100000,9.7276451587677,0.7987324336843784,0.001206219758697058,udd1,41035,0.7649811137,0.0020931459883932807,Uses total age-cell frequency,0.576271203912998
53,prob_work,0.7950719612650411,N=100000,100000,9.7276451587677,0.7934820861510491,0.0015898751139920009,udd1,41296,0.7609695854,0.0020987283947791133,Uses total age-cell frequency,0.7575420992764201
54,prob_work,0.7840714888710442,N=100000,100000,9.7276451587677,0.784674223763665,0.0006027348926208598,udd1,42101,0.7576067077,0.0020885073047798696,Uses total age-cell frequency,0.28859601842972177
55,prob_work,0.7758469188384522,N=100000,100000,9.7276451587677,0.7755647564665469,0.0002821623719053701,udd1,42583,0.7569922269,0.002078440831126764,Uses total age-cell frequency,0.13575674980961774
56,prob_work,0.7627213710724488,N=100000,100000,9.7276451587677,0.7632594802582918,0.000538109185843072,udd1,42538,0.7530443368,0.002090890237522,Uses total age-cell frequency,0.25735888770555804
57,prob_work,0.7482124776885901,N=100000,100000,9.7276451587677,0.7489944785071087,0.0007820008185185356,udd1,41686,0.7471813079,0.002128739296911431,Uses total age-cell frequency,0.36735396375363283
58,prob_work,0.7321302973997208,N=100000,100000,9.7276451587677,0.7307244358608406,0.0014058615388802265,udd1,40096,0.7387270551,0.002194010481356121,Uses total age-cell frequency,0.6407724807272851
59,prob_work,0.7117903007772897,N=100000,100000,9.7276451587677,0.7097918840156904,0.0019984167615992865,udd1,38600,0.7272279793,0.002266947946080665,Uses total age-cell frequency,0.8815450593183478
60,prob_work,0.6878223602352366,N=100000,100000,9.7276451587677,0.6855956931966858,0.002226667038550789,udd1,36987,0.7127909806,0.002352640566524788,Uses total age-cell frequency,0.9464544096678222
61,prob_work,0.6602127955940812,N=100000,100000,9.7276451587677,0.6597356701530855,0.0004771254409956516,udd1,35482,0.6865171073,0.0024627966771964926,Uses total age-cell frequency,0.19373318366613357
62,prob_work,0.6306251757022685,N=100000,100000,9.7276451587677,0.6292249382561057,0.0014002374461627998,udd1,34081,0.6530911652,0.0025783295133971025,Uses total age-cell frequency,0.5430793228278661
63,prob_work,0.599307701547298,N=100000,100000,9.7276451587677,0.5988116141876395,0.0004960873596584481,udd1,32751,0.608439437,0.002697092662546113,Uses total age-cell frequency,0.18393411785493904
64,prob_work,0.5628642062511037,N=100000,100000,9.7276451587677,0.5623299199519358,0.0005342862991678521,udd1,31813,0.5374218087,0.002795425401590887,Uses total age-cell frequency,0.1911287988095793
65,prob_work,0.5179135638446337,N=100000,100000,9.7276451587677,0.517231437007302,0.0006821268373317091,udd1,31074,0.4617365,0.0028281079857679146,Uses total age-cell frequency,0.2411954708817427
66,prob_work,0.4476271282312348,N=100000,100000,9.7276451587677,0.44552538654089346,0.00210174169034133,udd1,30479,0.369729978,0.0027650647198966876,Uses total age-cell frequency,0.7601057853068475
67,prob_work,0.3701887745728459,N=100000,100000,9.7276451587677,0.37107423299844333,0.0008854584255974518,udd1,30295,0.2943389998,0.0026184029670637456,Uses total age-cell frequency,0.3381673626005692
68,prob_work,0.3247799388264961,N=100000,100000,9.7276451587677,0.32468857507409876,9.136375239732208e-05,udd1,29842,0.2285369613,0.002430646617745015,Uses total age-cell frequency,0.037588249863356536
69,prob_work,0.2890244192405545,N=100000,100000,9.7276451587677,0.28681176455207874,0.002212654688475757,udd1,29091,0.1882712867,0.0022920187942329336,Uses total age-cell frequency,0.9653737107405626
70,prob_work,0.2512428761974051,N=100000,100000,9.7276451587677,0.2535312866358486,0.002288410438443522,udd1,28733,0.1609299412,0.0021678391339006327,Uses total age-cell frequency,1.0556181972441578
71,prob_work,0.22205276992511036,N=100000,100000,9.7276451587677,0.2216758657780664,0.00037690414704397157,udd1,28201,0.1363072231,0.0020431809215295735,Uses total age-cell frequency,0.1844692964154208
72,prob_work,0.19122392458774806,N=100000,100000,9.7276451587677,0.19313771804171365,0.0019137934539655843,udd1,27755,0.1211313277,0.0019584821378455207,Uses total age-cell frequency,0.9771819803630697
73,prob_work,0.1690039788663492,N=100000,100000,9.7276451587677,0.16780046534436527,0.0012035135219839455,udd1,27615,0.1057758465,0.0018507336830483588,Uses total age-cell frequency,0.6502899541989361
74,prob_work,0.14336773083951412,N=100000,100000,9.7276451587677,0.14563273773853128,0.0022650068990171524,udd1,27541,0.0951672053,0.0017682268125482755,Uses total age-cell frequency,1.2809481696258997
75,prob_work,0.12436096910424539,N=100000,100000,9.7276451587677,0.12457173648270489,0.00021076737845950044,udd1,27329,0.085733104,0.0016935534234307523,Uses total age-cell frequency,0.12445274860744215
76,prob_work,0.10644245594316921,N=100000,100000,9.7276451587677,0.10751288990336536,0.0010704339601961405,udd1,25186,0.0762725324,0.0016725396125979084,Uses total age-cell frequency,0.6400051467441573
77,prob_work,0.09310556863686129,N=100000,100000,9.7276451587677,0.0932165494225829,0.00011098078572160941,udd1,22442,0.0706710632,0.001710703577368741,Uses total age-cell frequency,0.06487435181044669
78,prob_work,0.07837507060817171,N=100000,100000,9.7276451587677,0.080256574888502,0.0018815042803302928,udd1,19392,0.0636344884,0.001752902182840434,Uses total age-cell frequency,1.0733652446490025
79,prob_work,0.07027767689107538,N=100000,100000,9.7276451587677,0.07151689038049786,0.0012392134894224777,udd1,16359,0.0566660554,0.0018076562448152392,Uses total age-cell frequency,0.685536032072922
80,prob_work,0.06355097844459547,N=100000,100000,9.7276451587677,0.06333574662212259,0.00021523182247287775,udd1,13610,0.0522409993,0.001907329096678725,Uses total age-cell frequency,0.11284461755848309
81,prob_work,0.06051718056767343,N=100000,100000,9.7276451587677,0.0601730461839719,0.00034413438370153177,udd1,11239,0.0477800516,0.0020120006158682985,Uses total age-cell frequency,0.1710408938185226
82,prob_work,0.06195604657632238,N=100000,100000,9.7276451587677,0.06397020451654764,0.0020141579402252613,udd1,7491,0.0392470965,0.0022435704994076444,Uses total age-cell frequency,0.8977466679817044
83,prob_work,0.0743573264781491,N=100000,100000,9.7276451587677,0.07691797767945924,0.0025606512013101324,udd1,4499,0.0384529896,0.002866766492096879,Uses total age-cell frequency,0.8932193146422468
84,prob_work,0.7989335444511713,N=100000,100000,9.7276451587677,0.799192605624801,0.0002590611736297266,udd1,1982,0.0363269425,0.004202690968497573,Uses total age-cell frequency,0.06164173753711394
30,hours_0,0.31666,N=100000,100000,9.7276451587677,0.316171,0.0004890000000000172,udd1,2840,0.2591549296,0.008222128593867357,Uses total age-cell frequency,0.05947365021324866
31,hours_0,0.30469,N=100000,100000,9.7276451587677,0.303127,0.0015630000000000366,udd1,5097,0.2744751815,0.00625058060855109,Uses total age-cell frequency,0.250056770384143
32,hours_0,0.2889273356401384,N=100000,100000,9.7276451587677,0.2891668800102405,0.00023954437010209606,udd1,7282,0.2716286734,0.005212413841895232,Uses total age-cell frequency,0.045956514077362245
33,hours_0,0.27878066587324607,N=100000,100000,9.7276451587677,0.27872562795977457,5.5037913471500666e-05,udd1,9171,0.2705266601,0.00463875463007704,Uses total age-cell frequency,0.011864803780446262
34,hours_0,0.27007642445582586,N=100000,100000,9.7276451587677,0.2705210985130762,0.00044467405725034936,udd1,11180,0.2771019678,0.004232894306220716,Uses total age-cell frequency,0.1050520105349313
35,hours_0,0.26261969322513834,N=100000,100000,9.7276451587677,0.2630973391121303,0.0004776458869919509,udd1,13112,0.2811165345,0.003925888602819014,Uses total age-cell frequency,0.12166567503952445
36,hours_0,0.2563034883138982,N=100000,100000,9.7276451587677,0.25633963786079067,3.614954689246108e-05,udd1,17702,0.2521184047,0.0032636796977581362,Uses total age-cell frequency,0.011076315766309014
37,hours_0,0.2502728629076672,N=100000,100000,9.7276451587677,0.2499867353159948,0.00028612759167240265,udd1,22115,0.2366719421,0.0028581533632124284,Uses total age-cell frequency,0.1001092507334207
38,hours_0,0.24429285492482294,N=100000,100000,9.7276451587677,0.24476886668208991,0.00047601175726696976,udd1,26699,0.2224802427,0.0025453877161882243,Uses total age-cell frequency,0.18700952874079557
39,hours_0,0.2396993234778251,N=100000,100000,9.7276451587677,0.23997190439880522,0.00027258092098012,udd1,31731,0.2131039047,0.0022988599768867745,Uses total age-cell frequency,0.118572215672423
40,hours_0,0.23436857569771058,N=100000,100000,9.7276451587677,0.2344266667201402,5.809102242962383e-05,udd1,32214,0.2126094245,0.002279628274445702,Uses total age-cell frequency,0.025482673241429603
41,hours_0,0.23055541618584116,N=100000,100000,9.7276451587677,0.2283880198378418,0.0021673963479993674,udd1,32959,0.2158135866,0.0022660111095178944,Uses total age-cell frequency,0.9564809011287205
42,hours_0,0.22368064273160934,N=100000,100000,9.7276451587677,0.22363212804627017,4.85146853391738e-05,udd1,33929,0.2110583866,0.0022153288792549682,Uses total age-cell frequency,0.021899540873357663
43,hours_0,0.21886466218321823,N=100000,100000,9.7276451587677,0.21928646666720272,0.0004218044839844892,udd1,34810,0.2128411376,0.0021938501947408816,Uses total age-cell frequency,0.19226676689030223
44,hours_0,0.21516057284904844,N=100000,100000,9.7276451587677,0.21510428039134202,5.629245770641389e-05,udd1,35491,0.2131526302,0.0021738595353921033,Uses total age-cell frequency,0.02589516792135344
45,hours_0,0.20801765132586444,N=100000,100000,9.7276451587677,0.2110273648958389,0.0030097135699744537,udd1,36530,0.210511908,0.0021329775752958625,Uses total age-cell frequency,1.411038542942478
46,hours_0,0.20669895076674738,N=100000,100000,9.7276451587677,0.20754395275117082,0.0008450019844234435,udd1,37648,0.2112462813,0.002103750786040311,Uses total age-cell frequency,0.40166448898346463
47,hours_0,0.20456060942835783,N=100000,100000,9.7276451587677,0.20331121210008216,0.0012493973282756698,udd1,38609,0.2123080111,0.002081215868645027,Uses total age-cell frequency,0.600320873532974
48,hours_0,0.19881945569415196,N=100000,100000,9.7276451587677,0.20002774099227708,0.0012082852981251113,udd1,39731,0.2165311721,0.002066361617364992,Uses total age-cell frequency,0.5847404868398142
49,hours_0,0.195300372358235,N=100000,100000,9.7276451587677,0.19707517500253627,0.001774802644301271,udd1,40045,0.221126233,0.002073860420280879,Uses total age-cell frequency,0.8557965748055965
50,hours_0,0.19657546085877844,N=100000,100000,9.7276451587677,0.1957621224569481,0.0008133384018303436,udd1,40332,0.2276852127,0.002088044301422947,Uses total age-cell frequency,0.3895216213928387
51,hours_0,0.1983421358510573,N=100000,100000,9.7276451587677,0.1974042260342059,0.0009379098168514066,udd1,40778,0.2333366031,0.002094502289083435,Uses total age-cell frequency,0.4477960333296369
52,hours_0,0.20006134655692448,N=100000,100000,9.7276451587677,0.20126756631562157,0.0012062197586970858,udd1,41035,0.2350188863,0.0020931459883932807,Uses total age-cell frequency,0.5762712039130112
53,hours_0,0.2049280387349589,N=100000,100000,9.7276451587677,0.20651791384895093,0.0015898751139920286,udd1,41296,0.2390304146,0.0020987283947791133,Uses total age-cell frequency,0.7575420992764333
54,hours_0,0.21592851112895586,N=100000,100000,9.7276451587677,0.21532577623633503,0.000602734892620832,udd1,42101,0.2423932923,0.0020885073047798696,Uses total age-cell frequency,0.28859601842970845
55,hours_0,0.22415308116154778,N=100000,100000,9.7276451587677,0.22443524353345315,0.0002821623719053701,udd1,42583,0.2430077731,0.002078440831126764,Uses total age-cell frequency,0.13575674980961774
56,hours_0,0.23727862892755128,N=100000,100000,9.7276451587677,0.23674051974170815,0.0005381091858431275,udd1,42538,0.2469556632,0.002090890237522,Uses total age-cell frequency,0.25735888770558457
57,hours_0,0.2517875223114099,N=100000,100000,9.7276451587677,0.2510055214928914,0.0007820008185184801,udd1,41686,0.2528186921,0.0021287392969114314,Uses total age-cell frequency,0.3673539637536067
58,hours_0,0.26786970260027926,N=100000,100000,9.7276451587677,0.26927556413915943,0.001405861538880171,udd1,40096,0.2612729449,0.002194010481356121,Uses total age-cell frequency,0.6407724807272598
59,hours_0,0.2882096992227104,N=100000,100000,9.7276451587677,0.2902081159843096,0.001998416761599231,udd1,38600,0.2727720207,0.0022669479460806653,Uses total age-cell frequency,0.8815450593183232
60,hours_0,0.3121776397647634,N=100000,100000,9.7276451587677,0.3144043068033142,0.002226667038550789,udd1,36987,0.2872090194,0.002352640566524788,Uses total age-cell frequency,0.9464544096678222
61,hours_0,0.33978720440591886,N=100000,100000,9.7276451587677,0.3402643298469144,0.00047712544099554055,udd1,35482,0.3134828927,0.002462796677196493,Uses total age-cell frequency,0.19373318366608847
62,hours_0,0.36937482429773155,N=100000,100000,9.7276451587677,0.37077506174389435,0.0014002374461627998,udd1,34081,0.3469088348,0.0025783295133971025,Uses total age-cell frequency,0.5430793228278661
63,hours_0,0.40069229845270204,N=100000,100000,9.7276451587677,0.4011883858123605,0.0004960873596584481,udd1,32751,0.391560563,0.002697092662546113,Uses total age-cell frequency,0.18393411785493904
64,hours_0,0.43713579374889633,N=100000,100000,9.7276451587677,0.4376700800480642,0.0005342862991678521,udd1,31813,0.4625781913,0.002795425401590887,Uses total age-cell frequency,0.1911287988095793
65,hours_0,0.4820864361553662,N=100000,100000,9.7276451587677,0.48276856299269794,0.0006821268373317091,udd1,31074,0.5382635,0.0028281079857679146,Uses total age-cell frequency,0.2411954708817427
66,hours_0,0.5523728717687652,N=100000,100000,9.7276451587677,0.5544746134591065,0.0021017416903413855,udd1,30479,0.630270022,0.0027650647198966876,Uses total age-cell frequency,0.7601057853068676
67,hours_0,0.6298112254271542,N=100000,100000,9.7276451587677,0.6289257670015567,0.0008854584255975073,udd1,30295,0.7056610002,0.0026184029670637456,Uses total age-cell frequency,0.3381673626005904
68,hours_0,0.675220061173504,N=100000,100000,9.7276451587677,0.6753114249259012,9.136375239726657e-05,udd1,29842,0.7714630387,0.002430646617745015,Uses total age-cell frequency,0.03758824986333369
69,hours_0,0.7109755807594456,N=100000,100000,9.7276451587677,0.7131882354479213,0.002212654688475757,udd1,29091,0.8117287133,0.0022920187942329336,Uses total age-cell frequency,0.9653737107405626
70,hours_0,0.7487571238025948,N=100000,100000,9.7276451587677,0.7464687133641514,0.002288410438443411,udd1,28733,0.8390700588,0.0021678391339006327,Uses total age-cell frequency,1.0556181972441065
71,hours_0,0.7779472300748896,N=100000,100000,9.7276451587677,0.7783241342219336,0.0003769041470439438,udd1,28201,0.8636927769,0.0020431809215295735,Uses total age-cell frequency,0.18446929641540724
72,hours_0,0.8087760754122519,N=100000,100000,9.7276451587677,0.8068622819582864,0.0019137934539655843,udd1,27755,0.8788686723,0.0019584821378455207,Uses total age-cell frequency,0.9771819803630697
73,hours_0,0.8309960211336508,N=100000,100000,9.7276451587677,0.8321995346556348,0.001203513521984001,udd1,27615,0.8942241535,0.001850733683048359,Uses total age-cell frequency,0.650289954198966
74,hours_0,0.8566322691604858,N=100000,100000,9.7276451587677,0.8543672622614688,0.002265006899017097,udd1,27541,0.9048327947,0.0017682268125482755,Uses total age-cell frequency,1.2809481696258682
75,hours_0,0.8756390308957546,N=100000,100000,9.7276451587677,0.8754282635172951,0.00021076737845948657,udd1,27329,0.914266896,0.0016935534234307523,Uses total age-cell frequency,0.12445274860743395
76,hours_0,0.8935575440568307,N=100000,100000,9.7276451587677,0.8924871100966346,0.0010704339601961266,udd1,25186,0.9237274676,0.0016725396125979082,Uses total age-cell frequency,0.6400051467441491
77,hours_0,0.9068944313631387,N=100000,100000,9.7276451587677,0.9067834505774172,0.00011098078572158165,udd1,22442,0.9293289368,0.0017107035773687416,Uses total age-cell frequency,0.06487435181043044
78,hours_0,0.9216249293918283,N=100000,100000,9.7276451587677,0.919743425111498,0.0018815042803302928,udd1,19392,0.9363655116,0.0017529021828404337,Uses total age-cell frequency,1.0733652446490025
79,hours_0,0.9297223231089247,N=100000,100000,9.7276451587677,0.9284831096195022,0.0012392134894224638,udd1,16359,0.9433339446,0.0018076562448152398,Uses total age-cell frequency,0.6855360320729141
80,hours_0,0.9364490215554045,N=100000,100000,9.7276451587677,0.9366642533778774,0.00021523182247285,udd1,13610,0.9477590007,0.0019073290966787255,Uses total age-cell frequency,0.11284461755846852
81,hours_0,0.9394828194323266,N=100000,100000,9.7276451587677,0.9398269538160281,0.00034413438370151095,udd1,11239,0.9522199484,0.002012000615868298,Uses total age-cell frequency,0.1710408938185123
82,hours_0,0.9380439534236776,N=100000,100000,9.7276451587677,0.9360297954834523,0.002014157940225303,udd1,7491,0.9607529035,0.002243570499407645,Uses total age-cell frequency,0.8977466679817228
83,hours_0,0.9256426735218509,N=100000,100000,9.7276451587677,0.9230820223205407,0.0025606512013102156,udd1,4499,0.9615470104,0.0028667664920968786,Uses total age-cell frequency,0.893219314642276
84,hours_0,0.20106645554882877,N=100000,100000,9.7276451587677,0.200807394375199,0.00025906117362975434,udd1,1982,0.9636730575,0.004202690968497574,Uses total age-cell frequency,0.06164173753712053
30,hours_1,0.09494,N=100000,100000,9.7276451587677,0.094294,0.0006459999999999938,udd1,2840,0.1183098592,0.006060511657851703,Uses total age-cell frequency,0.10659166032014274
31,hours_1,0.08535,N=100000,100000,9.7276451587677,0.085412,6.20000000000065e-05,udd1,5097,0.1071218364,0.004331893678080904,Uses total age-cell frequency,0.014312447305371876
32,hours_1,0.08349500970058203,N=100000,100000,9.7276451587677,0.08316299182360753,0.0003320178769744969,udd1,7282,0.1038176325,0.0035744433669348003,Uses total age-cell frequency,0.09288659600703449
33,hours_1,0.08081889007790857,N=100000,100000,9.7276451587677,0.08218109444775044,0.0013622043698418712,udd1,9171,0.1065314579,0.0032215896517352335,Uses total age-cell frequency,0.4228360893536369
34,hours_1,0.0808258642765685,N=100000,100000,9.7276451587677,0.08203337951316125,0.0012075152365927516,udd1,11180,0.0989266547,0.002823682298947707,Uses total age-cell frequency,0.4276384907192826
35,hours_1,0.0811062305514143,N=100000,100000,9.7276451587677,0.08153246171146836,0.0004262311600540525,udd1,13112,0.0928920073,0.0025350364040468225,Uses total age-cell frequency,0.16813611014565136
36,hours_1,0.08113708022621491,N=100000,100000,9.7276451587677,0.08040699379221379,0.0007300864340011176,udd1,17702,0.0856400407,0.0021032256234948215,Uses total age-cell frequency,0.34712701568744236
37,hours_1,0.07939559614287002,N=100000,100000,9.7276451587677,0.07965317606590495,0.00025757992303493404,udd1,22115,0.0814379381,0.0018391797011797866,Uses total age-cell frequency,0.14005152561748216
38,hours_1,0.0785828049403492,N=100000,100000,9.7276451587677,0.07878873462307698,0.00020592968272778456,udd1,26699,0.0749840818,0.0016118018295973031,Uses total age-cell frequency,0.1277636486981992
39,hours_1,0.07823603106990729,N=100000,100000,9.7276451587677,0.07868070912335512,0.0004446780534478334,udd1,31731,0.0734612839,0.0014646004502355855,Uses total age-cell frequency,0.30361731308788387
40,hours_1,0.07711669792115845,N=100000,100000,9.7276451587677,0.07756136590139345,0.0004446679802350001,udd1,32214,0.0723288011,0.001443212702723746,Uses total age-cell frequency,0.30810980210733124
41,hours_1,0.07725653504590839,N=100000,100000,9.7276451587677,0.07751727985182821,0.0002607448059198242,udd1,32959,0.068630723,0.0013926219231663126,Uses total age-cell frequency,0.18723301822434757
42,hours_1,0.07876475018830027,N=100000,100000,9.7276451587677,0.0771269919368605,0.0016377582514397748,udd1,33929,0.0686138701,0.0013724145421682345,Uses total age-cell frequency,1.1933407881647276
43,hours_1,0.07669109442383666,N=100000,100000,9.7276451587677,0.07660090699301261,9.018743082404856e-05,udd1,34810,0.0652398736,0.0013235935225971284,Uses total age-cell frequency,0.06813831382846647
44,hours_1,0.07619536447168464,N=100000,100000,9.7276451587677,0.07561095620797113,0.000584408263713504,udd1,35491,0.0657631512,0.001315711546537924,Uses total age-cell frequency,0.44417658661678316
45,hours_1,0.07590473120012896,N=100000,100000,9.7276451587677,0.07539174388367728,0.0005129873164516768,udd1,36530,0.062168081,0.001263343353061447,Uses total age-cell frequency,0.40605534133579757
46,hours_1,0.07476795803066989,N=100000,100000,9.7276451587677,0.07457994426833525,0.00018801376233464062,udd1,37648,0.0624734382,0.0012472931563161074,Uses total age-cell frequency,0.15073742799162076
47,hours_1,0.07398613833377114,N=100000,100000,9.7276451587677,0.07401063314829917,2.4494814528028264e-05,udd1,38609,0.0610738429,0.0012187063281124406,Uses total age-cell frequency,0.020099029571764328
48,hours_1,0.07273610886116962,N=100000,100000,9.7276451587677,0.07350755486439312,0.0007714460032234999,udd1,39731,0.0571845662,0.001164898293518894,Uses total age-cell frequency,0.6622432254520145
49,hours_1,0.07434989498889012,N=100000,100000,9.7276451587677,0.07369179263467586,0.0006581023542142628,udd1,40045,0.0590585591,0.0011780089024832003,Uses total age-cell frequency,0.5586565201901333
50,hours_1,0.07293414269590946,N=100000,100000,9.7276451587677,0.07363055485508366,0.0006964121591741951,udd1,40332,0.0581176237,0.001165003903383576,Uses total age-cell frequency,0.5977766745257868
51,hours_1,0.0730744917310712,N=100000,100000,9.7276451587677,0.07375321795427318,0.0006787262232019892,udd1,40778,0.0571386532,0.0011494126035636256,Uses total age-cell frequency,0.5904983302755461
52,hours_1,0.07455651551556669,N=100000,100000,9.7276451587677,0.07344031363983569,0.0011162018757309988,udd1,41035,0.057779944,0.0011518276815362333,Uses total age-cell frequency,0.9690701948075088
53,hours_1,0.07498743370638983,N=100000,100000,9.7276451587677,0.07430048315424101,0.0006869505521488184,udd1,41296,0.0593762108,0.0011629478093617745,Uses total age-cell frequency,0.5906976621124698
54,hours_1,0.07456709288199806,N=100000,100000,9.7276451587677,0.07520368738003246,0.0006365944980343957,udd1,42101,0.0570057718,0.001129972115609378,Uses total age-cell frequency,0.5633718648810102
55,hours_1,0.07623044876102261,N=100000,100000,9.7276451587677,0.07544873399003571,0.0007817147709869021,udd1,42583,0.0551393749,0.001106105794570444,Uses total age-cell frequency,0.7067269467569157
56,hours_1,0.07684237860296027,N=100000,100000,9.7276451587677,0.07668143174130924,0.00016094686165102345,udd1,42538,0.0563496168,0.0011180533065796494,Uses total age-cell frequency,0.14395276209449473
57,hours_1,0.0772731542853564,N=100000,100000,9.7276451587677,0.07732073942897238,4.758514361598298e-05,udd1,41686,0.0563258648,0.0011291973440931066,Uses total age-cell frequency,0.04214067971812322
58,hours_1,0.07856475503626954,N=100000,100000,9.7276451587677,0.07865339638711494,8.864135084539482e-05,udd1,40096,0.0542946927,0.0011316342366709572,Uses total age-cell frequency,0.07833038977873277
59,hours_1,0.08139362960459615,N=100000,100000,9.7276451587677,0.07965782260937214,0.0017358069952240068,udd1,38600,0.0550518135,0.0011609036069908578,Uses total age-cell frequency,1.4952206064061928
60,hours_1,0.08217327959333426,N=100000,100000,9.7276451587677,0.08094524836828831,0.0012280312250459446,udd1,36987,0.0578581664,0.001213992275733719,Uses total age-cell frequency,1.0115642822387323
61,hours_1,0.08224667573851643,N=100000,100000,9.7276451587677,0.08129553596046746,0.0009511397780489761,udd1,35482,0.0615523364,0.0012759194392775028,Uses total age-cell frequency,0.7454544141027939
62,hours_1,0.08203403758406677,N=100000,100000,9.7276451587677,0.08149436458443816,0.000539672999628607,udd1,34081,0.0618233033,0.001304554595963407,Uses total age-cell frequency,0.4136837210941419
63,hours_1,0.07977811507004881,N=100000,100000,9.7276451587677,0.08124096500074848,0.0014628499306996723,udd1,32751,0.0672651217,0.0013840819088407554,Uses total age-cell frequency,1.0569099425083082
64,hours_1,0.080787568426629,N=100000,100000,9.7276451587677,0.07979846618720292,0.0009891022394260818,udd1,31813,0.0708515387,0.001438516628452891,Uses total age-cell frequency,0.6875848494638888
65,hours_1,0.08329890922082417,N=100000,100000,9.7276451587677,0.0818110498447729,0.0014878593760512676,udd1,31074,0.0767200875,0.0015098112513191968,Uses total age-cell frequency,0.9854605168369565
66,hours_1,0.1269415690932745,N=100000,100000,9.7276451587677,0.1268823242380981,5.9244855176415756e-05,udd1,30479,0.0778568851,0.0015347841985944811,Uses total age-cell frequency,0.038601423725023225
67,hours_1,0.11945388572478413,N=100000,100000,9.7276451587677,0.11935296719456363,0.0001009185302204979,udd1,30295,0.0827859383,0.0015831722227347964,Uses total age-cell frequency,0.0637445053489946
68,hours_1,0.11019402741133344,N=100000,100000,9.7276451587677,0.11034090683576399,0.0001468794244305488,udd1,29842,0.0816634274,0.0015852610123329443,Uses total age-cell frequency,0.09265314877983037
69,hours_1,0.10237297001688185,N=100000,100000,9.7276451587677,0.10092951228237397,0.0014434577345078803,udd1,29091,0.07679351,0.0015611058760430082,Uses total age-cell frequency,0.9246379484309322
70,hours_1,0.09203346671516915,N=100000,100000,9.7276451587677,0.09325191158053492,0.0012184448653657642,udd1,28733,0.0722862214,0.0015277218102385834,Uses total age-cell frequency,0.7975567653743717
71,hours_1,0.08511878192729257,N=100000,100000,9.7276451587677,0.08468304579397791,0.000435736133314657,udd1,28201,0.0690046452,0.0015093177043471182,Uses total age-cell frequency,0.288697424047737
72,hours_1,0.07492949157710191,N=100000,100000,9.7276451587677,0.07614824296729755,0.0012187513901956437,udd1,27755,0.0658259773,0.001488476338116762,Uses total age-cell frequency,0.8187912424174794
73,hours_1,0.06934968364751158,N=100000,100000,9.7276451587677,0.0690647725968511,0.0002849110506604746,udd1,27615,0.059967409,0.0014287510877519466,Uses total age-cell frequency,0.19941265704214786
74,hours_1,0.06055842201440396,N=100000,100000,9.7276451587677,0.06197446529489064,0.0014160432804866813,udd1,27541,0.0567880614,0.0013945796178282007,Uses total age-cell frequency,1.0153907761049212
75,hours_1,0.054373194043120694,N=100000,100000,9.7276451587677,0.05439970891274187,2.6514869621178938e-05,udd1,27329,0.0530206008,0.0013554413103115037,Uses total age-cell frequency,0.019561798374793053
76,hours_1,0.047940172048588595,N=100000,100000,9.7276451587677,0.04866172685797618,0.000721554809387584,udd1,25186,0.0495116334,0.0013669336362937621,Uses total age-cell frequency,0.5278638188639303
77,hours_1,0.042953342231954045,N=100000,100000,9.7276451587677,0.04358538810592783,0.0006320458739737869,udd1,22442,0.0462971215,0.0014026611314735453,Uses total age-cell frequency,0.4506048252080674
78,hours_1,0.03654365154082721,N=100000,100000,9.7276451587677,0.0380011522636329,0.0014575007228056838,udd1,19392,0.0436262376,0.001466818589881631,Uses total age-cell frequency,0.9936475668223573
79,hours_1,0.033991481493710174,N=100000,100000,9.7276451587677,0.034203371307731295,0.00021188981402112117,udd1,16359,0.03973348,0.0015271996622671755,Uses total age-cell frequency,0.13874401576710943
80,hours_1,0.029257497342603727,N=100000,100000,9.7276451587677,0.029938155840304247,0.0006806584977005203,udd1,13610,0.0368846436,0.0016155964375791274,Uses total age-cell frequency,0.42130477752256346
81,hours_1,0.027065659284560693,N=100000,100000,9.7276451587677,0.027679601244627077,0.0006139419600663838,udd1,11239,0.0344336685,0.0017199620651680767,Uses total age-cell frequency,0.3569508726382222
82,hours_1,0.0265071732305369,N=100000,100000,9.7276451587677,0.02794616335528574,0.0014389901247488408,udd1,7491,0.0288346015,0.0019334532639831167,Uses total age-cell frequency,0.7442590682457823
83,hours_1,0.03883890317052271,N=100000,100000,9.7276451587677,0.0398639127022652,0.0010250095317424907,udd1,4499,0.0295621249,0.0025251878805889133,Uses total age-cell frequency,0.40591416568316585
84,hours_1,0.2000651981558236,N=100000,100000,9.7276451587677,0.19952216383551838,0.0005430343203052246,udd1,1982,0.0277497477,0.003689493305175329,Uses total age-cell frequency,0.14718398310778855
30,hours_2,0.08129,N=100000,100000,9.7276451587677,0.082324,0.0010339999999999933,udd1,2840,0.1080985915,0.005826520414997181,Uses total age-cell frequency,0.1774644086612187
31,hours_2,0.07957,N=100000,100000,9.7276451587677,0.07898,0.0005900000000000072,udd1,5097,0.0980969198,0.004166297746094687,Uses total age-cell frequency,0.14161253850689104
32,hours_2,0.07794467668060083,N=100000,100000,9.7276451587677,0.07759972478678977,0.00034495189381106295,udd1,7282,0.0961274375,0.0034542355305845944,Uses total age-cell frequency,0.09986345480983555
33,hours_2,0.07632839612357359,N=100000,100000,9.7276451587677,0.07768948808089092,0.0013610919573173313,udd1,9171,0.0858139788,0.0029247446870282142,Uses total age-cell frequency,0.4653712043153807
34,hours_2,0.0772247119078105,N=100000,100000,9.7276451587677,0.07759711517782568,0.00037240327001518414,udd1,11180,0.081216458,0.002583495589090335,Uses total age-cell frequency,0.14414705083599916
35,hours_2,0.07771429714937514,N=100000,100000,9.7276451587677,0.0771153238167273,0.0005989733326478425,udd1,13112,0.0790115924,0.00235579783838509,Uses total age-cell frequency,0.254254980155021
36,hours_2,0.07670286772433813,N=100000,100000,9.7276451587677,0.07655802623822967,0.00014484148610845182,udd1,17702,0.07631906,0.001995567071818575,Uses total age-cell frequency,0.07258161760328942
37,hours_2,0.07637157419367759,N=100000,100000,9.7276451587677,0.07647065301288526,9.907881920767636e-05,udd1,22115,0.0699525209,0.001715184222470771,Uses total age-cell frequency,0.05776570114722169
38,hours_2,0.0777213490799451,N=100000,100000,9.7276451587677,0.07581925962425375,0.0019020894556913553,udd1,26699,0.0680175287,0.0015408728347377878,Uses total age-cell frequency,1.2344233818717663
39,hours_2,0.07475820596341769,N=100000,100000,9.7276451587677,0.07593527591102793,0.001177069947610243,udd1,31731,0.0629037849,0.001362977231911488,Uses total age-cell frequency,0.8636020617596657
40,hours_2,0.07581303462730273,N=100000,100000,9.7276451587677,0.07577267595635757,4.035867094515089e-05,udd1,32214,0.0626435711,0.001350107369104211,Uses total age-cell frequency,0.029892934346346576
41,hours_2,0.07695549646279665,N=100000,100000,9.7276451587677,0.07576446225020844,0.0011910342125882045,udd1,32959,0.0602263418,0.0013104421779777853,Uses total age-cell frequency,0.9088796381891144
42,hours_2,0.07451669595782073,N=100000,100000,9.7276451587677,0.0759190272017994,0.0014023312439786634,udd1,33929,0.0575319049,0.0012641603819396497,Uses total age-cell frequency,1.1092985225711731
43,hours_2,0.07473084230525649,N=100000,100000,9.7276451587677,0.07525609687457284,0.0005252545693163468,udd1,34810,0.0554151106,0.0012262600718364065,Uses total age-cell frequency,0.4283386382545613
44,hours_2,0.07473606875798838,N=100000,100000,9.7276451587677,0.075206452735983,0.0004703839779946206,udd1,35491,0.0567467809,0.0012280771334046918,Uses total age-cell frequency,0.3830247833786623
45,hours_2,0.07543120818892561,N=100000,100000,9.7276451587677,0.07475902952902073,0.0006721786599048762,udd1,36530,0.0545305229,0.0011880063212054033,Uses total age-cell frequency,0.5658039422070198
46,hours_2,0.07361783696529459,N=100000,100000,9.7276451587677,0.07514291075871336,0.001525073793418777,udd1,37648,0.0524065023,0.001148504413959016,Uses total age-cell frequency,1.3278780428554788
47,hours_2,0.0754208005819475,N=100000,100000,9.7276451587677,0.07490902402816642,0.000511776553781082,udd1,38609,0.0495221321,0.0011041457238933944,Uses total age-cell frequency,0.46350453812969183
48,hours_2,0.07529766726065122,N=100000,100000,9.7276451587677,0.07411400940358892,0.0011836578570623008,udd1,39731,0.0501623417,0.0010950875591040489,Uses total age-cell frequency,1.0808796495055757
49,hours_2,0.07260478282484958,N=100000,100000,9.7276451587677,0.07404788475195292,0.0014431019271033407,udd1,40045,0.0498439256,0.0010875004494888488,Uses total age-cell frequency,1.326989729320694
50,hours_2,0.0721105450995943,N=100000,100000,9.7276451587677,0.07357157964094263,0.0014610345413483272,udd1,40332,0.0478528216,0.0010628719319140307,Uses total age-cell frequency,1.3746101458501037
51,hours_2,0.0725035176084341,N=100000,100000,9.7276451587677,0.07296306680600514,0.0004595491975710464,udd1,40778,0.0466673206,0.0010445174812094254,Uses total age-cell frequency,0.43996314646543183
52,hours_2,0.07142784111241757,N=100000,100000,9.7276451587677,0.07207314990638457,0.0006453087939670005,udd1,41035,0.0463750457,0.0010381348248745675,Uses total age-cell frequency,0.6216040330262207
53,hours_2,0.07184842485356421,N=100000,100000,9.7276451587677,0.07124601261803112,0.0006024122355330896,udd1,41296,0.0447985277,0.0010179474729707025,Uses total age-cell frequency,0.5917910811007314
54,hours_2,0.06975930158337966,N=100000,100000,9.7276451587677,0.06954925156730128,0.00021005001607837803,udd1,42101,0.0450345597,0.0010106960822572613,Uses total age-cell frequency,0.2078270805297454
55,hours_2,0.06925247847166945,N=100000,100000,9.7276451587677,0.06847911285202274,0.000773365619646707,udd1,42583,0.0444543597,0.0009987683465998794,Uses total age-cell frequency,0.7743193126609249
56,hours_2,0.06622695403791223,N=100000,100000,9.7276451587677,0.0668812173291559,0.0006542632912436702,udd1,42538,0.0444778786,0.0009995485006794248,Uses total age-cell frequency,0.6545588241080315
57,hours_2,0.06508146926505433,N=100000,100000,9.7276451587677,0.0651354478172979,5.397855224356651e-05,udd1,41686,0.0428201315,0.0009915752182179296,Uses total age-cell frequency,0.0544371735515712
58,hours_2,0.0628287090983529,N=100000,100000,9.7276451587677,0.06350116519271626,0.0006724560943633523,udd1,40096,0.0431464485,0.0010147165381913371,Uses total age-cell frequency,0.6627033945479585
59,hours_2,0.06107426495437648,N=100000,100000,9.7276451587677,0.06140526119406929,0.0003309962396928143,udd1,38600,0.043238342,0.0010352440549919332,Uses total age-cell frequency,0.3197277377220905
60,hours_2,0.059032467325300694,N=100000,100000,9.7276451587677,0.059211093616763064,0.0001786262914623693,udd1,36987,0.0436369535,0.0010622189651592572,Uses total age-cell frequency,0.168163342325175
61,hours_2,0.0556204395204063,N=100000,100000,9.7276451587677,0.05681085471084967,0.0011904151904433696,udd1,35482,0.0432331887,0.0010797112821044473,Uses total age-cell frequency,1.1025310285941916
62,hours_2,0.05267824319356443,N=100000,100000,9.7276451587677,0.05319174266053954,0.000513499466975112,udd1,34081,0.0443942373,0.0011156976413512737,Uses total age-cell frequency,0.4602496661668915
63,hours_2,0.050797671955360946,N=100000,100000,9.7276451587677,0.05031736544611999,0.00048030650924095475,udd1,32751,0.0475710665,0.0011761844992375157,Uses total age-cell frequency,0.40835983602259907
64,hours_2,0.04705986226381777,N=100000,100000,9.7276451587677,0.047126530720432575,6.666845661480736e-05,udd1,31813,0.0463018263,0.0011781544377581718,Uses total age-cell frequency,0.056587196447408145
65,hours_2,0.04626600721231676,N=100000,100000,9.7276451587677,0.04649548846804601,0.00022948125572925387,udd1,31074,0.0473064298,0.0012043095298290424,Uses total age-cell frequency,0.19055006212715916
66,hours_2,0.047672379659483004,N=100000,100000,9.7276451587677,0.047592900576598894,7.947908288410965e-05,udd1,30479,0.0360904229,0.0010683505457980311,Uses total age-cell frequency,0.0743941987924392
67,hours_2,0.039040970053279445,N=100000,100000,9.7276451587677,0.040374065840642896,0.0013330957873634516,udd1,30295,0.0384221819,0.0011043271554883596,Uses total age-cell frequency,1.2071565756018425
68,hours_2,0.034882906441896844,N=100000,100000,9.7276451587677,0.03438836272963612,0.0004945437122607227,udd1,29842,0.0315997587,0.0010126406675504552,Uses total age-cell frequency,0.4883703845876621
69,hours_2,0.029899897757804883,N=100000,100000,9.7276451587677,0.029828537607750807,7.136015005407628e-05,udd1,29091,0.0279811626,0.0009669207788116671,Uses total age-cell frequency,0.07380144435594503
70,hours_2,0.026021583606159814,N=100000,100000,9.7276451587677,0.025701923158523887,0.0003196604476359277,udd1,28733,0.0253019177,0.0009264485133560915,Uses total age-cell frequency,0.3450385456153918
71,hours_2,0.022590884293011954,N=100000,100000,9.7276451587677,0.02203573402465048,0.0005551502683614727,udd1,28201,0.0194673948,0.0008227211912272667,Uses total age-cell frequency,0.6747732698283193
72,hours_2,0.017519119851614706,N=100000,100000,9.7276451587677,0.018737364501742303,0.0012182446501275979,udd1,27755,0.0192037471,0.0008237810021588854,Uses total age-cell frequency,1.4788452840438666
73,hours_2,0.015432783249624943,N=100000,100000,9.7276451587677,0.015576254916895339,0.0001434716672703961,udd1,27615,0.0164403404,0.0007652145741357449,Uses total age-cell frequency,0.18749207362188194
74,hours_2,0.013530581532838868,N=100000,100000,9.7276451587677,0.013023989508788808,0.0005065920240500607,udd1,27541,0.0134708253,0.0006946438834035003,Uses total age-cell frequency,0.7292830702948762
75,hours_2,0.0109468770837964,N=100000,100000,9.7276451587677,0.011121310892579636,0.00017443380878323644,udd1,27329,0.0135753229,0.0006999953870974111,Uses total age-cell frequency,0.249192797550482
76,hours_2,0.00906353117480079,N=100000,100000,9.7276451587677,0.008883874147277773,0.00017965702752301659,udd1,25186,0.011355515,0.0006676423731352384,Uses total age-cell frequency,0.2690917095021245
77,hours_2,0.007348860926556384,N=100000,100000,9.7276451587677,0.007475810904900243,0.00012694997834385852,udd1,22442,0.0105159968,0.0006809242989268433,Uses total age-cell frequency,0.18643772669580952
78,hours_2,0.006386116864369547,N=100000,100000,9.7276451587677,0.006249538859070623,0.00013657800529892454,udd1,19392,0.0086633663,0.0006654916567716492,Uses total age-cell frequency,0.20522872662517644
79,hours_2,0.004969128669065936,N=100000,100000,9.7276451587677,0.005203389466768137,0.0002342607977022012,udd1,16359,0.0067241274,0.0006389612684507127,Uses total age-cell frequency,0.36662753952240734
80,hours_2,0.004426089532472511,N=100000,100000,9.7276451587677,0.004336941636209799,8.914789626271197e-05,udd1,13610,0.006098457,0.0006673483680921346,Uses total age-cell frequency,0.13358524651461223
81,hours_2,0.003397130074811116,N=100000,100000,9.7276451587677,0.0037197883095546266,0.0003226582347435106,udd1,11239,0.005516505,0.0006986617419108037,Uses total age-cell frequency,0.4618232477723155
82,hours_2,0.0034773278225966697,N=100000,100000,9.7276451587677,0.0036212544819224993,0.00014392665932582956,udd1,7491,0.0044052863,0.0007651709291892821,Uses total age-cell frequency,0.1880973960659006
83,hours_2,0.004391602399314481,N=100000,100000,9.7276451587677,0.004593267057422253,0.0002016646581077721,udd1,4499,0.0031118026,0.0008303692348246553,Uses total age-cell frequency,0.24286142796506252
84,hours_2,0.19932007637498253,N=100000,100000,9.7276451587677,0.19972203693933852,0.00040196056435598537,udd1,1982,0.0015136226,0.00087322879595392,Uses total age-cell frequency,0.4603152876067049
30,hours_3,0.09026,N=100000,100000,9.7276451587677,0.088833,0.0014270000000000116,udd1,2840,0.1084507042,0.00583485003966647,Uses total age-cell frequency,0.2445649828699936
31,hours_3,0.08638,N=100000,100000,9.7276451587677,0.088053,0.0016730000000000078,udd1,5097,0.1012360212,0.004225061611070564,Uses total age-cell frequency,0.3959705571195436
32,hours_3,0.08719523171390284,N=100000,100000,9.7276451587677,0.08883626414067876,0.0016410324267759208,udd1,7282,0.0994232354,0.0035065414537082825,Uses total age-cell frequency,0.4679917372830357
33,hours_3,0.08792967226394903,N=100000,100000,9.7276451587677,0.0891830397103609,0.001253367446411871,udd1,9171,0.1036964344,0.003183472679039799,Uses total age-cell frequency,0.39371075953129037
34,hours_3,0.08890845070422536,N=100000,100000,9.7276451587677,0.08942448597850387,0.0005160352742785146,udd1,11180,0.0994633274,0.0028304878291297345,Uses total age-cell frequency,0.18231319314210775
35,hours_3,0.09017139769668711,N=100000,100000,9.7276451587677,0.09017164307524841,2.453785613032444e-07,udd1,13112,0.1045607077,0.002672193236843696,Uses total age-cell frequency,9.182665307284336e-05
36,hours_3,0.09077623742555428,N=100000,100000,9.7276451587677,0.09027159940313982,0.0005046380224144609,udd1,17702,0.0982939781,0.002237611950357781,Uses total age-cell frequency,0.22552526247179372
37,hours_3,0.09052039212152162,N=100000,100000,9.7276451587677,0.09046414380719456,5.6248314327059235e-05,udd1,22115,0.0951842641,0.001973418425832658,Uses total age-cell frequency,0.028502984258559357
38,hours_3,0.08971161262533682,N=100000,100000,9.7276451587677,0.0911163122826099,0.0014046996572730786,udd1,26699,0.0934866474,0.0017816172041403198,Uses total age-cell frequency,0.7884407795393318
39,hours_3,0.08993234778251065,N=100000,100000,9.7276451587677,0.09114437471756606,0.001212026935055413,udd1,31731,0.0898490435,0.0016053567721710758,Uses total age-cell frequency,0.7549891438874826
40,hours_3,0.09107592334459833,N=100000,100000,9.7276451587677,0.0912933712193371,0.00021744787473877702,udd1,32214,0.0900540138,0.001594913069640975,Uses total age-cell frequency,0.13633838663553363
41,hours_3,0.09196728714063519,N=100000,100000,9.7276451587677,0.0917876431877401,0.0001796439528950894,udd1,32959,0.0858035741,0.0015427140527699578,Uses total age-cell frequency,0.11644669507776698
42,hours_3,0.09152899824253076,N=100000,100000,9.7276451587677,0.09141170209561297,0.00011729614691778634,udd1,33929,0.085325238,0.0015166542007455748,Uses total age-cell frequency,0.0773387545164379
43,hours_3,0.0904028066789308,N=100000,100000,9.7276451587677,0.09139884374472328,0.0009960370657924739,udd1,34810,0.0850617639,0.0014952405601530551,Uses total age-cell frequency,0.6661383407700752
44,hours_3,0.09078832160864708,N=100000,100000,9.7276451587677,0.09152444478879787,0.0007361231801507884,udd1,35491,0.0792313544,0.0014337211201329695,Uses total age-cell frequency,0.5134354023343933
45,hours_3,0.09227653743854276,N=100000,100000,9.7276451587677,0.09182115945912998,0.0004553779794127799,udd1,36530,0.0787571859,0.0014093125372991154,Uses total age-cell frequency,0.323120647379957
46,hours_3,0.09077885391444714,N=100000,100000,9.7276451587677,0.09177261803631638,0.000993764121869245,udd1,37648,0.0762324692,0.001367667053932353,Uses total age-cell frequency,0.7266126057595288
47,hours_3,0.09082826486694012,N=100000,100000,9.7276451587677,0.09215833103430156,0.001330066167361435,udd1,38609,0.0751897226,0.0013420271080220347,Uses total age-cell frequency,0.9910874075574908
48,hours_3,0.09241859711647497,N=100000,100000,9.7276451587677,0.0923299193688823,8.867774759267755e-05,udd1,39731,0.0714555385,0.0012922738380231288,Uses total age-cell frequency,0.06862148329825618
49,hours_3,0.09306926674851107,N=100000,100000,9.7276451587677,0.09234655574718474,0.0007227110013263288,udd1,40045,0.070320889,0.0012777166780465119,Uses total age-cell frequency,0.565626960768231
50,hours_3,0.09223276291573884,N=100000,100000,9.7276451587677,0.09212030130233542,0.00011246161340341954,udd1,40332,0.0698204899,0.0012689658976204653,Uses total age-cell frequency,0.0886246144315658
51,hours_3,0.09091743306348009,N=100000,100000,9.7276451587677,0.09096016108887926,4.272802539917464e-05,udd1,40778,0.066874295,0.0012370484918612407,Uses total age-cell frequency,0.03454029949536322
52,hours_3,0.08907520065436328,N=100000,100000,9.7276451587677,0.08901595910575016,5.9241548613114814e-05,udd1,41035,0.0671134397,0.0012352132688172822,Uses total age-cell frequency,0.04796058309010771
53,hours_3,0.08691771898690027,N=100000,100000,9.7276451587677,0.08673075206461482,0.00018696692228545309,udd1,41296,0.0668829911,0.001229339688759101,Uses total age-cell frequency,0.1520872741643752
54,hours_3,0.08369880783247885,N=100000,100000,9.7276451587677,0.08385782662064306,0.00015901878816421133,udd1,42101,0.0644402746,0.0011966530286784312,Uses total age-cell frequency,0.13288629565399565
55,hours_3,0.08180248725874315,N=100000,100000,9.7276451587677,0.08079073143795486,0.0010117558207882876,udd1,42583,0.0643684099,0.001189243267493641,Uses total age-cell frequency,0.8507559794057843
56,hours_3,0.07816151648922358,N=100000,100000,9.7276451587677,0.07807344862834396,8.806786087961482e-05,udd1,42538,0.0642954535,0.0011892439982196489,Uses total age-cell frequency,0.07405365174132165
57,hours_3,0.07480976587372003,N=100000,100000,9.7276451587677,0.07427807106938203,0.0005316948043379982,udd1,41686,0.0635465144,0.0011947962755573247,Uses total age-cell frequency,0.4450087560659526
58,hours_3,0.06988316064623815,N=100000,100000,9.7276451587677,0.07065510190579109,0.0007719412595529468,udd1,40096,0.061277933,0.001197760654211734,Uses total age-cell frequency,0.6444870741400117
59,hours_3,0.06661879013180129,N=100000,100000,9.7276451587677,0.06647471246507881,0.00014407766672247524,udd1,38600,0.0641450777,0.001247074158234503,Uses total age-cell frequency,0.1155325573632667
60,hours_3,0.06360533004370807,N=100000,100000,9.7276451587677,0.06208009572566591,0.0015252343180421554,udd1,36987,0.0634276908,0.0012673178537371092,Uses total age-cell frequency,1.2035136359394714
61,hours_3,0.0569276430691425,N=100000,100000,9.7276451587677,0.05800386871267137,0.0010762256435288761,udd1,35482,0.0656389155,0.0013147222828494647,Uses total age-cell frequency,0.8185954232070345
62,hours_3,0.05372705058062842,N=100000,100000,9.7276451587677,0.05288545831177799,0.0008415922688504301,udd1,34081,0.0674569408,0.0013585999782640566,Uses total age-cell frequency,0.6194555294530255
63,hours_3,0.04825342054401118,N=100000,100000,9.7276451587677,0.048515555769232874,0.00026213522522169214,udd1,32751,0.0684864584,0.0013956761529034037,Uses total age-cell frequency,0.18781952007733044
64,hours_3,0.04495188062864206,N=100000,100000,9.7276451587677,0.04461840221943419,0.0003334784092078741,udd1,31813,0.0596925785,0.0013282896504643858,Uses total age-cell frequency,0.25105850150325726
65,hours_3,0.04212394913418705,N=100000,100000,9.7276451587677,0.04162969453006086,0.000494254604126193,udd1,31074,0.0552873785,0.0012964753893933939,Uses total age-cell frequency,0.38122945346262926
66,hours_3,0.03367837547372589,N=100000,100000,9.7276451587677,0.03283432376712786,0.0008440517065980285,udd1,30479,0.0468191214,0.0012100377895715012,Uses total age-cell frequency,0.6975416089252255
67,hours_3,0.025548870108396106,N=100000,100000,9.7276451587677,0.026696996329421498,0.0011481262210253917,udd1,30295,0.039973593,0.0011254927565131358,Uses total age-cell frequency,1.0201098269013975
68,hours_3,0.022578159658175535,N=100000,100000,9.7276451587677,0.022553573492313458,2.4586165862077597e-05,udd1,29842,0.0289859929,0.000971164670636326,Uses total age-cell frequency,0.02531616584236766
69,hours_3,0.019021803742539888,N=100000,100000,9.7276451587677,0.018666308537227436,0.0003554952053124519,udd1,29091,0.022721804,0.0008736775659181141,Uses total age-cell frequency,0.40689519701570415
70,hours_3,0.01607857402691888,N=100000,100000,9.7276451587677,0.016047941360819842,3.0632666099036227e-05,udd1,28733,0.0184108864,0.0007930703788629058,Uses total age-cell frequency,0.0386254069190643
71,hours_3,0.014320785597381341,N=100000,100000,9.7276451587677,0.01299689452539277,0.001323891071988572,udd1,28201,0.0150349278,0.0007246508972931206,Uses total age-cell frequency,1.8269363591956738
72,hours_3,0.010696953527961989,N=100000,100000,9.7276451587677,0.010810652931435596,0.00011369940347360705,udd1,27755,0.011385336,0.0006368187385093998,Uses total age-cell frequency,0.17854280440890133
73,hours_3,0.00919705172526254,N=100000,100000,9.7276451587677,0.008727815281241197,0.0004692364440213436,udd1,27615,0.00854608,0.0005539202220604675,Uses total age-cell frequency,0.847119179501846
74,hours_3,0.006651080296678491,N=100000,100000,9.7276451587677,0.007044751572741125,0.00039367127606263364,udd1,27541,0.0076249955,0.0005241647987015627,Uses total age-cell frequency,0.7510448565752952
75,hours_3,0.005362302733940876,N=100000,100000,9.7276451587677,0.005250958602003447,0.00011134413193742906,udd1,27329,0.0064034542,0.0004825033355883769,Uses total age-cell frequency,0.23076344498562518
76,hours_3,0.004755111745126011,N=100000,100000,9.7276451587677,0.004442657582491059,0.0003124541626349517,udd1,25186,0.0048042563,0.00043570018026375354,Uses total age-cell frequency,0.7171311300486629
77,hours_3,0.003584444411116277,N=100000,100000,9.7276451587677,0.003469304458476387,0.00011513995263988993,udd1,22442,0.0043222529,0.00043790883630197123,Uses total age-cell frequency,0.2629313297539679
78,hours_3,0.00291847109772171,N=100000,100000,9.7276451587677,0.00269070826537228,0.00022776283234942967,udd1,19392,0.0028877888,0.00038533941174575495,Uses total age-cell frequency,0.5910706909463662
79,hours_3,0.0022782051705352133,N=100000,100000,9.7276451587677,0.002231910710365013,4.629446017020023e-05,udd1,16359,0.00311755,0.0004358633101230322,Uses total age-cell frequency,0.10621325331818496
80,hours_3,0.0018471082300869535,N=100000,100000,9.7276451587677,0.0018614307022670378,1.4322472180084301e-05,udd1,13610,0.0031594416,0.0004810485981348847,Uses total age-cell frequency,0.029773441260644355
81,hours_3,0.0016892832612448718,N=100000,100000,9.7276451587677,0.0016392287465833949,5.005451466147696e-05,udd1,11239,0.0020464454,0.0004262765184553196,Uses total age-cell frequency,0.1174226411599152
82,hours_3,0.0017684695783491634,N=100000,100000,9.7276451587677,0.0015437457462661394,0.00022472383208302403,udd1,7491,0.0017354158,0.00048089992231491055,Uses total age-cell frequency,0.46729854103795593
83,hours_3,0.001392459297343616,N=100000,100000,9.7276451587677,0.0016700845306549254,0.0002776252333113094,udd1,4499,0.0017781729,0.0006281198639504679,Uses total age-cell frequency,0.44199403528687364
84,hours_3,0.19904065570716714,N=100000,100000,9.7276451587677,0.20001952248921034,0.0009788667820432029,udd1,1982,0.0005045409,0.0005044135870906817,Uses total age-cell frequency,1.9406035188089126
30,hours_4,0.41685,N=100000,100000,9.7276451587677,0.418378,0.0015280000000000293,udd1,2840,0.4059859155,0.00921498610874567,Uses total age-cell frequency,0.1658168533265449
31,hours_4,0.44401,N=100000,100000,9.7276451587677,0.444428,0.00041799999999997395,udd1,5097,0.4190700412,0.006911111146729345,Uses total age-cell frequency,0.06048231480082486
32,hours_4,0.4624377462647759,N=100000,100000,9.7276451587677,0.46123413923868345,0.001203607026092457,udd1,7282,0.4290030211,0.0057999165270096065,Uses total age-cell frequency,0.20752143940130596
33,hours_4,0.4761423756613227,N=100000,100000,9.7276451587677,0.47222074980122314,0.003921625860099587,udd1,9171,0.4334314688,0.005174615648613852,Uses total age-cell frequency,0.7578583853179686
34,hours_4,0.48296454865556976,N=100000,100000,9.7276451587677,0.48042392081743296,0.0025406278381367997,udd1,11180,0.4432915921,0.004698267450558872,Uses total age-cell frequency,0.5407584529557986
35,hours_4,0.4883883813773851,N=100000,100000,9.7276451587677,0.4880832322844257,0.0003051490929594225,udd1,13112,0.442419158,0.0043374692990578384,Uses total age-cell frequency,0.07035187385088935
36,hours_4,0.4950803263099945,N=100000,100000,9.7276451587677,0.49642374270562606,0.0013434163956315692,udd1,17702,0.4876285166,0.003756867296173463,Uses total age-cell frequency,0.3575895259861584
37,hours_4,0.5034395746342636,N=100000,100000,9.7276451587677,0.5034252917980204,1.42828362431624e-05,udd1,22115,0.5167533348,0.0033603352287813176,Uses total age-cell frequency,0.004250420053579688
38,hours_4,0.5096913784295459,N=100000,100000,9.7276451587677,0.5095068267879694,0.0001845516415764914,udd1,26699,0.5410314993,0.003049686645988458,Uses total age-cell frequency,0.06051495219000604
39,hours_4,0.5173740917063393,N=100000,100000,9.7276451587677,0.5142677358492457,0.0031063558570936234,udd1,31731,0.5606819829,0.0027861591994010637,Uses total age-cell frequency,1.1149240351238334
40,hours_4,0.5216257684092299,N=100000,100000,9.7276451587677,0.5209459202027716,0.0006798482064582778,udd1,32214,0.5623641895,0.002764031114803372,Uses total age-cell frequency,0.24596257358218668
41,hours_4,0.5232652651648186,N=100000,100000,9.7276451587677,0.5265425948723814,0.0032773297075627816,udd1,32959,0.5695257744,0.002727364950947533,Uses total age-cell frequency,1.20164692533142
42,hours_4,0.5315089128797389,N=100000,100000,9.7276451587677,0.531910150719457,0.0004012378397181271,udd1,33929,0.5774706004,0.0026816856978213095,Uses total age-cell frequency,0.14962150114911157
43,hours_4,0.5393105944087578,N=100000,100000,9.7276451587677,0.5374576857204886,0.0018529086882692614,udd1,34810,0.5814421143,0.00264410681206735,Uses total age-cell frequency,0.7007692275564792
44,hours_4,0.5431196723126315,N=100000,100000,9.7276451587677,0.5425538658759059,0.0005658064367255466,udd1,35491,0.5851060832,0.00261533136470357,Uses total age-cell frequency,0.21634216006493576
45,hours_4,0.5483698718465383,N=100000,100000,9.7276451587677,0.5470007022323331,0.0013691696142051901,udd1,36530,0.5940323022,0.0025693657707320863,Uses total age-cell frequency,0.5328823283167948
46,hours_4,0.554136400322841,N=100000,100000,9.7276451587677,0.5509605741854642,0.0031758261373767693,udd1,37648,0.597641309,0.0025272956073500163,Uses total age-cell frequency,1.2566104764874602
47,hours_4,0.5552041867889834,N=100000,100000,9.7276451587677,0.5556107996891507,0.00040661290016730245,udd1,38609,0.6019062913,0.0024912242449413777,Uses total age-cell frequency,0.16321810491085303
48,hours_4,0.5607281710675522,N=100000,100000,9.7276451587677,0.5600207753708586,0.0007073956966936468,udd1,39731,0.6046663814,0.0024528728566577266,Uses total age-cell frequency,0.2883947672923989
49,hours_4,0.5646756830795142,N=100000,100000,9.7276451587677,0.5628385918636502,0.0018370912158640618,udd1,40045,0.5996503933,0.0024484690323141535,Uses total age-cell frequency,0.7503020016257864
50,hours_4,0.566147088429979,N=100000,100000,9.7276451587677,0.5649154417446902,0.0012316466852887453,udd1,40332,0.596523852,0.0024428565249446994,Uses total age-cell frequency,0.5041829811583498
51,hours_4,0.5651624217459573,N=100000,100000,9.7276451587677,0.5649193281166365,0.00024309362932084522,udd1,40778,0.5959831282,0.0024299860072059254,Uses total age-cell frequency,0.10003910664504688
52,hours_4,0.564879096160728,N=100000,100000,9.7276451587677,0.564203011032408,0.0006760851283199587,udd1,41035,0.5937126843,0.00242453008113409,Uses total age-cell frequency,0.2788520272776799
53,hours_4,0.5613183837181868,N=100000,100000,9.7276451587677,0.5612048383141621,0.00011354540402463975,udd1,41296,0.5899118559,0.0024203500164373796,Uses total age-cell frequency,0.04691280321173227
54,hours_4,0.5560462865731876,N=100000,100000,9.7276451587677,0.5560634581956881,1.7171622500589123e-05,udd1,42101,0.5911261015,0.0023960096120189487,Uses total age-cell frequency,0.007166758603326222
55,hours_4,0.548561504347017,N=100000,100000,9.7276451587677,0.5508461781865336,0.002284673839516582,udd1,42583,0.5930300824,0.002380682003539841,Uses total age-cell frequency,0.9596719915215455
56,hours_4,0.5414905219423526,N=100000,100000,9.7276451587677,0.5416233825594827,0.0001328606171301372,udd1,42538,0.5879213879,0.0023864983224430717,Uses total age-cell frequency,0.055671783164769645
57,hours_4,0.5310480882644594,N=100000,100000,9.7276451587677,0.5322602201914564,0.0012121319269969844,udd1,41686,0.5844887972,0.0024137059022581874,Uses total age-cell frequency,0.5021870832991508
58,hours_4,0.5208536726188602,N=100000,100000,9.7276451587677,0.5179147723752183,0.002938900243641851,udd1,40096,0.5800079808,0.0024648300440511376,Uses total age-cell frequency,1.1923338287501326
59,hours_4,0.5027036160865157,N=100000,100000,9.7276451587677,0.5022540877471701,0.0004495283393456395,udd1,38600,0.5647927461,0.002523474761481624,Uses total age-cell frequency,0.17813863098900387
60,hours_4,0.48301128327289355,N=100000,100000,9.7276451587677,0.48335925548596853,0.0003479722130749763,udd1,36987,0.5478681699,0.002587891250822338,Uses total age-cell frequency,0.1344616830264422
61,hours_4,0.46541803726601594,N=100000,100000,9.7276451587677,0.4636254107690971,0.0017926264969188588,udd1,35482,0.5160926667,0.002653022297651055,Uses total age-cell frequency,0.6756922090349646
62,hours_4,0.4421858443440088,N=100000,100000,9.7276451587677,0.44165337269935,0.0005324716446588051,udd1,34081,0.4794166838,0.002706110521891471,Uses total age-cell frequency,0.19676640711874074
63,hours_4,0.420478493977877,N=100000,100000,9.7276451587677,0.4187377279715382,0.001740766006338823,udd1,32751,0.4251167903,0.002731691547452209,Uses total age-cell frequency,0.6372483774613568
64,hours_4,0.39006489493201485,N=100000,100000,9.7276451587677,0.39078652082486615,0.0007216258928512964,udd1,31813,0.3605758652,0.0026920959002591,Uses total age-cell frequency,0.2680535610866774
65,hours_4,0.3462246982773058,N=100000,100000,9.7276451587677,0.3472952041644223,0.0010705058871164908,udd1,31074,0.2824226041,0.0025537919916284466,Uses total age-cell frequency,0.4191828820145504
66,hours_4,0.2393348040047514,N=100000,100000,9.7276451587677,0.23821583795906862,0.00111896604568279,udd1,30479,0.2089635487,0.0023288051817227096,Uses total age-cell frequency,0.4804893318105065
67,hours_4,0.18614504868638618,N=100000,100000,9.7276451587677,0.18465020363381526,0.0014948450525709145,udd1,30295,0.1331572867,0.0019519430457098721,Uses total age-cell frequency,0.765824113493679
68,hours_4,0.15712484531509024,N=100000,100000,9.7276451587677,0.1574057320163852,0.00028088670129494675,udd1,29842,0.0862877823,0.0016254192792777352,Uses total age-cell frequency,0.172808766867685
69,hours_4,0.13772974772332786,N=100000,100000,9.7276451587677,0.1373874061247265,0.00034234159860135893,udd1,29091,0.0607748101,0.0014007716578385027,Uses total age-cell frequency,0.24439500662771696
70,hours_4,0.11710925184915727,N=100000,100000,9.7276451587677,0.11852951053596997,0.0014202586868126976,udd1,28733,0.0449309157,0.0012220797334726802,Uses total age-cell frequency,1.1621653218786872
71,hours_4,0.10002231810742448,N=100000,100000,9.7276451587677,0.10196019143404522,0.001937873326620737,udd1,28201,0.0328002553,0.0010606313122945468,Uses total age-cell frequency,1.8270942071551555
72,hours_4,0.08807835963106944,N=100000,100000,9.7276451587677,0.0874414576412382,0.00063690198983124,udd1,27755,0.0247162673,0.0009319364882404979,Uses total age-cell frequency,0.683417805685144
73,hours_4,0.07502446024395017,N=100000,100000,9.7276451587677,0.07443162254937763,0.0005928376945725372,udd1,27615,0.020822017,0.0008592503039551779,Uses total age-cell frequency,0.6899476111252701
74,hours_4,0.06262764699559283,N=100000,100000,9.7276451587677,0.06358953136211071,0.0009618843665178817,udd1,27541,0.017283323,0.000785304224416068,Uses total age-cell frequency,1.2248557140172194
75,hours_4,0.05367859524338742,N=100000,100000,9.7276451587677,0.053799758075379935,0.0001211628319925176,udd1,27329,0.0127337261,0.0006782394270407979,Uses total age-cell frequency,0.1786431563277865
76,hours_4,0.04468364097465381,N=100000,100000,9.7276451587677,0.045524631315620345,0.0008409903409665326,udd1,25186,0.0106011276,0.0006453304190122713,Uses total age-cell frequency,1.30319339704106
77,hours_4,0.039218921067234576,N=100000,100000,9.7276451587677,0.03868604595327843,0.0005328751139561452,udd1,22442,0.009535692,0.0006487311375715493,Uses total age-cell frequency,0.8214113414548009
78,hours_4,0.03252683110525325,N=100000,100000,9.7276451587677,0.03331517550042621,0.0007883443951729602,udd1,19392,0.0084570957,0.0006575898130504886,Uses total age-cell frequency,1.1988391236109865
79,hours_4,0.029038861557764056,N=100000,100000,9.7276451587677,0.029878218895633413,0.0008393573378693564,udd1,16359,0.007090898,0.0006560349681438074,Uses total age-cell frequency,1.2794399363257165
80,hours_4,0.028020283339432274,N=100000,100000,9.7276451587677,0.027199218443341503,0.0008210648960907709,udd1,13610,0.006098457,0.0006673483680921346,Uses total age-cell frequency,1.2303392580970753
81,hours_4,0.02836510794705675,N=100000,100000,9.7276451587677,0.027134427883206805,0.001230680063849944,udd1,11239,0.0057834327,0.000715269168667739,Uses total age-cell frequency,1.7205831283658009
82,hours_4,0.030203075944839647,N=100000,100000,9.7276451587677,0.030859040933073265,0.0006559649882336184,udd1,7491,0.0042717928,0.0007535387600949321,Uses total age-cell frequency,0.8705126039581279
83,hours_4,0.029734361610968294,N=100000,100000,9.7276451587677,0.030790713389116865,0.0010563517781485704,udd1,4499,0.0040008891,0.0009411302557820629,Uses total age-cell frequency,1.1224288791680173
84,hours_4,0.20050761421319796,N=100000,100000,9.7276451587677,0.19992888236073378,0.0005787318524641816,udd1,1982,0.0065590313,0.0018131722328885006,Uses total age-cell frequency,0.3191819519220324
30,work_work,0.56062,N=100000,100000,9.7276451587677,0.561155,0.0005349999999999522,udd1,2840,,,Approximate: uses total age-cell frequency,
31,work_work,0.54499,N=100000,100000,9.7276451587677,0.545674,0.0006840000000000179,udd1,5097,0.6723826715,0.0065740707206424585,Approximate: uses total age-cell frequency,0.10404512349589894
32,work_work,0.5613636818209092,N=100000,100000,9.7276451587677,0.5618879706225899,0.0005242888016806502,udd1,7282,0.6603319702,0.0055498744802939615,Approximate: uses total age-cell frequency,0.09446858727026201
33,work_work,0.5770934802828311,N=100000,100000,9.7276451587677,0.576458821940962,0.0006346583418691543,udd1,9171,0.6692446931,0.0049128955598924055,Approximate: uses total age-cell frequency,0.12918213589768507
34,work_work,0.5880981914212549,N=100000,100000,9.7276451587677,0.5881586252081843,6.0433786929436906e-05,udd1,11180,0.6661116803,0.00446018873057357,Approximate: uses total age-cell frequency,0.01354960307288729
35,work_work,0.5991114935513242,N=100000,100000,9.7276451587677,0.5977232980762689,0.0013881954750553094,udd1,13112,0.6699896158,0.004106420018226304,Approximate: uses total age-cell frequency,0.3380549161785248
36,work_work,0.6074771032480857,N=100000,100000,9.7276451587677,0.6065066166013997,0.0009704866466859752,udd1,17702,0.6784866234,0.0035104193512207438,Approximate: uses total age-cell frequency,0.276458892681437
37,work_work,0.6147976809156178,N=100000,100000,9.7276451587677,0.6150939089572156,0.00029622804159779026,udd1,22115,0.7102259215,0.0030505950015394375,Approximate: uses total age-cell frequency,0.0971050045805173
38,work_work,0.6229127225010267,N=100000,100000,9.7276451587677,0.6223168314650178,0.0005958910360088776,udd1,26699,0.7299515991,0.0027171920762399143,Approximate: uses total age-cell frequency,0.21930397972950053
39,work_work,0.6283638185918317,N=100000,100000,9.7276451587677,0.6286681342376563,0.00030431564582467097,udd1,31731,0.7458161438,0.0024442633303284507,Approximate: uses total age-cell frequency,0.1245019888195836
40,work_work,0.6351848694832479,N=100000,100000,9.7276451587677,0.6353869846738147,0.00020211519056678728,udd1,32214,0.7468616044,0.002422572321862663,Approximate: uses total age-cell frequency,0.0834299924682477
41,work_work,0.6423862325021323,N=100000,100000,9.7276451587677,0.6430753671435494,0.0006891346414170663,udd1,32959,0.746649244,0.0023956998403133114,Approximate: uses total age-cell frequency,0.28765483464194774
42,work_work,0.6478433341702234,N=100000,100000,9.7276451587677,0.6498107220676982,0.0019673878974747483,udd1,33929,0.7506724827,0.002348685272502447,Approximate: uses total age-cell frequency,0.837654972553458
43,work_work,0.6556188867778482,N=100000,100000,9.7276451587677,0.6554893983130573,0.00012948846479088338,udd1,34810,0.7516776153,0.00231564367494827,Approximate: uses total age-cell frequency,0.05591899401093135
44,work_work,0.6607288427281784,N=100000,100000,9.7276451587677,0.6609969098752178,0.0002680671470393081,udd1,35491,0.7511925337,0.0022948178405947112,Approximate: uses total age-cell frequency,0.1168141289026398
45,work_work,0.6676069960506166,N=100000,100000,9.7276451587677,0.6666058804149719,0.001001115635644645,udd1,36530,0.7543883338,0.0022521491127892946,Approximate: uses total age-cell frequency,0.44451569834324145
46,work_work,0.6745258272800646,N=100000,100000,9.7276451587677,0.6713930293045245,0.0031327979755401136,udd1,37648,0.7576997349,0.0022082821266600438,Approximate: uses total age-cell frequency,1.418658394105816
47,work_work,0.6754026147224635,N=100000,100000,9.7276451587677,0.6768996318517463,0.0014970171292827406,udd1,38609,0.7577128754,0.0021805860269879717,Approximate: uses total age-cell frequency,0.6865205549127359
48,work_work,0.6807670500566986,N=100000,100000,9.7276451587677,0.6812114511576296,0.0004444011009310245,udd1,39731,0.7561473508,0.0021542802923518794,Approximate: uses total age-cell frequency,0.20628750237781784
49,work_work,0.6885076247197167,N=100000,100000,9.7276451587677,0.6854377599675358,0.003069864752180962,udd1,40045,0.7491597922,0.00216626537038045,Approximate: uses total age-cell frequency,1.41712312542845
50,work_work,0.6893918596020295,N=100000,100000,9.7276451587677,0.6886657772933223,0.0007260823087071877,udd1,40332,0.7449686671,0.0021704055664326836,Approximate: uses total age-cell frequency,0.3345376181929856
51,work_work,0.687065396928975,N=100000,100000,9.7276451587677,0.6879800168225728,0.0009146198935978678,udd1,40778,0.73708627,0.0021799816266490682,Approximate: uses total age-cell frequency,0.41955394596777607
52,work_work,0.6856500178927458,N=100000,100000,9.7276451587677,0.6844704720242715,0.001179545868474352,udd1,41035,0.7332190971,0.0021833181952265746,Approximate: uses total age-cell frequency,0.5402537619359437
53,work_work,0.6804673635403096,N=100000,100000,9.7276451587677,0.6783787194617072,0.0020886440786023197,udd1,41296,0.7302130898,0.002184143912406664,Approximate: uses total age-cell frequency,0.9562758510270896
54,work_work,0.6695801676035168,N=100000,100000,9.7276451587677,0.6687886676497483,0.0007914999537684819,udd1,42101,0.7277731347,0.002169288406902525,Approximate: uses total age-cell frequency,0.36486617051471076
55,work_work,0.6576142578024046,N=100000,100000,9.7276451587677,0.6569064395576669,0.0007078182447376458,udd1,42583,0.7300996078,0.002151169779622585,Approximate: uses total age-cell frequency,0.3290387636729584
56,work_work,0.6442690210334978,N=100000,100000,9.7276451587677,0.6428209326097616,0.0014480884237362268,udd1,42538,0.7255845362,0.002163514280890745,Approximate: uses total age-cell frequency,0.6693223319700164
57,work_work,0.6247612287715416,N=100000,100000,9.7276451587677,0.6255387841021101,0.0007775553305684468,udd1,41686,0.7195160232,0.0022002860789693173,Approximate: uses total age-cell frequency,0.35338828800511163
58,work_work,0.604352344660347,N=100000,100000,9.7276451587677,0.6050842099846356,0.0007318653242885942,udd1,40096,0.7155067517,0.0022531615190435656,Approximate: uses total age-cell frequency,0.3248170706373773
59,work_work,0.5820378506252112,N=100000,100000,9.7276451587677,0.5803898065554051,0.0016480440698061205,udd1,38600,0.7042536736,0.002322900393663822,Approximate: uses total age-cell frequency,0.7094768567354381
60,work_work,0.5542734997288186,N=100000,100000,9.7276451587677,0.5532756126304225,0.0009978870983960997,udd1,36987,0.692141219,0.002400206324669604,Approximate: uses total age-cell frequency,0.4157505495005568
61,work_work,0.5235243064856583,N=100000,100000,9.7276451587677,0.523296495092228,0.00022781139343031054,udd1,35482,0.6680743243,0.002499935298813833,Approximate: uses total age-cell frequency,0.0911269157799413
62,work_work,0.49022554765045523,N=100000,100000,9.7276451587677,0.4902313691451528,5.821494697577645e-06,udd1,34081,0.6330191334,0.0026108021689551656,Approximate: uses total age-cell frequency,0.0022297724304049388
63,work_work,0.4567968639098483,N=100000,100000,9.7276451587677,0.45643914767518473,0.0003577162346635743,udd1,32751,0.5905721693,0.002717145444577835,Approximate: uses total age-cell frequency,0.13165148570806556
64,work_work,0.41975322267349463,N=100000,100000,9.7276451587677,0.41944832217137,0.0003049005021246165,udd1,31813,0.5234845597,0.0028001939585507196,Approximate: uses total age-cell frequency,0.10888549387572499
65,work_work,0.3729303665330639,N=100000,100000,9.7276451587677,0.3722812907205711,0.0006490758124927942,udd1,31074,0.451007183,0.002822776412639654,Approximate: uses total age-cell frequency,0.22994233960096966
66,work_work,0.306646303523955,N=100000,100000,9.7276451587677,0.30435885214591474,0.0022874513780402617,udd1,30479,0.3638179712,0.002755703039724757,Approximate: uses total age-cell frequency,0.8300790560759171
67,work_work,0.2361404556310858,N=100000,100000,9.7276451587677,0.23377047108629592,0.0023699845447898715,udd1,30295,0.2869565217,0.0025988461920787285,Approximate: uses total age-cell frequency,0.9119372096792698
68,work_work,0.18185108221065166,N=100000,100000,9.7276451587677,0.18382096291618172,0.0019698807055300582,udd1,29842,0.2166905885,0.002384914059505271,Approximate: uses total age-cell frequency,0.8259755514790719
69,work_work,0.1520674322942673,N=100000,100000,9.7276451587677,0.1505391551552218,0.0015282771390455197,udd1,29091,0.1757674887,0.0022315921199712293,Approximate: uses total age-cell frequency,0.6848371283302537
70,work_work,0.12443312719776889,N=100000,100000,9.7276451587677,0.12422757840602007,0.00020554879174881913,udd1,28733,0.1487553905,0.0020992929975565833,Approximate: uses total age-cell frequency,0.0979133412954086
71,work_work,0.10007191390170113,N=100000,100000,9.7276451587677,0.10116833258567318,0.0010964186839720474,udd1,28201,0.1242171641,0.0019640691104851186,Approximate: uses total age-cell frequency,0.5582383420821865
72,work_work,0.08060827806997485,N=100000,100000,9.7276451587677,0.0812024422703768,0.0005941642004019532,udd1,27755,0.1086475482,0.001867944984217995,Approximate: uses total age-cell frequency,0.3180844218764274
73,work_work,0.06517513534668319,N=100000,100000,9.7276451587677,0.06500735577976482,0.00016777956691836626,udd1,27615,0.0970778497,0.0017816102549106615,Approximate: uses total age-cell frequency,0.09417299123414595
74,work_work,0.0521740298828335,N=100000,100000,9.7276451587677,0.0519535312438696,0.0002204986389638952,udd1,27541,0.0861905835,0.0016910944814589534,Approximate: uses total age-cell frequency,0.13038812519432091
75,work_work,0.04002278284063125,N=100000,100000,9.7276451587677,0.04049945907210381,0.00047667623147255866,udd1,27329,0.078566939,0.0016275709947572911,Approximate: uses total age-cell frequency,0.29287584566696107
76,work_work,0.031614288390322626,N=100000,100000,9.7276451587677,0.03153379042414915,8.049796617347338e-05,udd1,25186,0.0695135434,0.0016025446626705602,Approximate: uses total age-cell frequency,0.050231340223197
77,work_work,0.02405627127795192,N=100000,100000,9.7276451587677,0.024478703992701255,0.00042243271474933647,udd1,22442,0.0632012352,0.0016242585397078944,Approximate: uses total age-cell frequency,0.2600772625922635
78,work_work,0.018813155086926506,N=100000,100000,9.7276451587677,0.019208580125493126,0.00039542503856662,udd1,19392,0.056398872,0.0016566018173123271,Approximate: uses total age-cell frequency,0.23869648966591023
79,work_work,0.014511176412322118,N=100000,100000,9.7276451587677,0.014868949532734965,0.0003577731204128468,udd1,16359,0.0523964833,0.0017421519259807428,Approximate: uses total age-cell frequency,0.2053627557260477
80,work_work,0.01172739470611811,N=100000,100000,9.7276451587677,0.012009455439930917,0.0002820607338128063,udd1,13610,0.0474093264,0.0018216124775568378,Approximate: uses total age-cell frequency,0.15484123944468614
81,work_work,0.010265644433718836,N=100000,100000,9.7276451587677,0.009942923686855388,0.0003227207468634481,udd1,11239,0.0412920761,0.0018767770426771275,Approximate: uses total age-cell frequency,0.17195476048828012
82,work_work,0.00894170011524858,N=100000,100000,9.7276451587677,0.00966726127995968,0.0007255611647111002,udd1,7491,0.0362027353,0.002158209692576769,Approximate: uses total age-cell frequency,0.3361865935486672
83,work_work,0.012060839760068552,N=100000,100000,9.7276451587677,0.012511734428760524,0.0004508946686919719,udd1,4499,0.0355386679,0.0027601646284504144,Approximate: uses total age-cell frequency,0.16335788961439918
84,work_work,0.05886462068644344,N=100000,100000,9.7276451587677,0.06095432434756538,0.0020897036611219402,udd1,1982,0.0344478217,0.004096537466321932,Approximate: uses total age-cell frequency,0.5101146219951886
30,nowork_nowork,0.13653,N=100000,100000,9.7276451587677,0.136219,0.0003110000000000057,udd1,2840,,,Approximate: uses total age-cell frequency,
31,nowork_nowork,0.16634,N=100000,100000,9.7276451587677,0.164972,0.0013679999999999803,udd1,5097,0.2378158845,0.0059633878968959365,Approximate: uses total age-cell frequency,0.2293998015309472
32,nowork_nowork,0.1549892993579615,N=100000,100000,9.7276451587677,0.15418140070723393,0.0008078986507275565,udd1,7282,0.2383930719,0.004993291505791284,Approximate: uses total age-cell frequency,0.16179681274176466
33,nowork_nowork,0.14479592755203072,N=100000,100000,9.7276451587677,0.1443534877208423,0.00044243983118841257,udd1,9171,0.2363008063,0.004435937525928501,Approximate: uses total age-cell frequency,0.09973986978001995
34,nowork_nowork,0.1369538252240717,N=100000,100000,9.7276451587677,0.1374041601856529,0.00045033496158120023,udd1,11180,0.2392418033,0.004034790150820682,Approximate: uses total age-cell frequency,0.11161298227358898
35,nowork_nowork,0.1318051289234864,N=100000,100000,9.7276451587677,0.13133856786684756,0.00046656105663883674,udd1,13112,0.2414330218,0.0037373247017370875,Approximate: uses total age-cell frequency,0.12483824496757849
36,nowork_nowork,0.12636004203993795,N=100000,100000,9.7276451587677,0.1259340951873895,0.0004259468525484589,udd1,17702,0.2296184898,0.00316115059146382,Approximate: uses total age-cell frequency,0.13474424587637807
37,nowork_nowork,0.12136141067619935,N=100000,100000,9.7276451587677,0.12142441682943018,6.300615323083514e-05,udd1,22115,0.2094530321,0.0027362998878739083,Approximate: uses total age-cell frequency,0.023026040935809348
38,nowork_nowork,0.11750858951628251,N=100000,100000,9.7276451587677,0.11708444626051459,0.00042414325576792256,udd1,26699,0.1965455063,0.0024320063456893955,Approximate: uses total age-cell frequency,0.17440055471882068
39,nowork_nowork,0.11231270358306189,N=100000,100000,9.7276451587677,0.11341244322514256,0.0010997396420806688,udd1,31731,0.1839339924,0.002174962449571994,Approximate: uses total age-cell frequency,0.5056361512342817
40,nowork_nowork,0.10923695584592706,N=100000,100000,9.7276451587677,0.10977182171654078,0.0005348658706137155,udd1,32214,0.1850505205,0.002163655792257215,Approximate: uses total age-cell frequency,0.2472046951866227
41,nowork_nowork,0.10733028949877076,N=100000,100000,9.7276451587677,0.10588142043442185,0.0014488690643489066,udd1,32959,0.1879783461,0.0021520418080539284,Approximate: uses total age-cell frequency,0.6732532141924815
42,nowork_nowork,0.10206377102686418,N=100000,100000,9.7276451587677,0.1018465894827742,0.00021718154408997825,udd1,33929,0.188258815,0.002122271397809841,Approximate: uses total age-cell frequency,0.10233448196781385
43,nowork_nowork,0.09821365742835027,N=100000,100000,9.7276451587677,0.09839627875561845,0.0001826213272681787,udd1,34810,0.1874690966,0.0020918607704401918,Approximate: uses total age-cell frequency,0.08730089968165021
44,nowork_nowork,0.0947837726316637,N=100000,100000,9.7276451587677,0.09540445819174874,0.0006206855600850436,udd1,35491,0.1887659869,0.002077188114816216,Approximate: uses total age-cell frequency,0.2988104715494004
45,nowork_nowork,0.09074514387039574,N=100000,100000,9.7276451587677,0.09274101329002397,0.0019958694196282323,udd1,36530,0.1890359168,0.0020485574031201934,Approximate: uses total age-cell frequency,0.9742804456386182
46,nowork_nowork,0.0892453591606134,N=100000,100000,9.7276451587677,0.08997576620950021,0.0007304070488868136,udd1,37648,0.1884593984,0.0020155476580170323,Approximate: uses total age-cell frequency,0.36238639457695293
47,nowork_nowork,0.08664551718563722,N=100000,100000,9.7276451587677,0.08773913720116376,0.0010936200155265419,udd1,38609,0.1894440401,0.001994287185095793,Approximate: uses total age-cell frequency,0.5483763941821705
48,nowork_nowork,0.08416693665964685,N=100000,100000,9.7276451587677,0.08454927974664576,0.0003823430869989153,udd1,39731,0.1923850175,0.001977529902021881,Approximate: uses total age-cell frequency,0.193343770229718
49,nowork_nowork,0.08261888576617527,N=100000,100000,9.7276451587677,0.08255351526833722,6.537049783804372e-05,udd1,40045,0.1996333639,0.0019975005227955175,Approximate: uses total age-cell frequency,0.032726148049542034
50,nowork_nowork,0.08129213311777446,N=100000,100000,9.7276451587677,0.08148442647621063,0.0001922933584361658,udd1,40332,0.2031513618,0.002003424161403428,Approximate: uses total age-cell frequency,0.09598234968947437
51,nowork_nowork,0.08203674626317829,N=100000,100000,9.7276451587677,0.08113373945403105,0.0009030068091472471,udd1,40778,0.2109614298,0.002020401516996144,Approximate: uses total age-cell frequency,0.4469442343766417
52,nowork_nowork,0.08407545626501713,N=100000,100000,9.7276451587677,0.08312805426116407,0.0009474020038530567,udd1,41035,0.2166450012,0.002033651011381355,Approximate: uses total age-cell frequency,0.4658626276341952
53,nowork_nowork,0.08544053835027646,N=100000,100000,9.7276451587677,0.08616746542558922,0.0007269270753127582,udd1,41296,0.2208757757,0.0020413778776379094,Approximate: uses total age-cell frequency,0.3560962834347406
54,nowork_nowork,0.09044206971812135,N=100000,100000,9.7276451587677,0.09063161623567598,0.00018954651755462293,udd1,42101,0.2236663881,0.00203085235708332,Approximate: uses total age-cell frequency,0.09333347985318186
55,nowork_nowork,0.0978156368560884,N=100000,100000,9.7276451587677,0.09667505640843221,0.001140580447656192,udd1,42583,0.2249216964,0.0020233468516735018,Approximate: uses total age-cell frequency,0.5637097992926041
56,nowork_nowork,0.10555180472604518,N=100000,100000,9.7276451587677,0.10400651547008619,0.0015452892559589954,udd1,42538,0.2267522017,0.0020302362081057045,Approximate: uses total age-cell frequency,0.7611376694935488
57,nowork_nowork,0.11372295230838282,N=100000,100000,9.7276451587677,0.11327413669245034,0.0004488156159324769,udd1,41686,0.233712867,0.00207272633816718,Approximate: uses total age-cell frequency,0.21653394742373208
58,nowork_nowork,0.12392529839700185,N=100000,100000,9.7276451587677,0.12539132936989275,0.0014660309728909,udd1,40096,0.2394717317,0.002131249445124024,Approximate: uses total age-cell frequency,0.6878739493609989
59,nowork_nowork,0.1378949814126394,N=100000,100000,9.7276451587677,0.13984117269641747,0.0019461912837780704,udd1,38600,0.2504253674,0.0022052252053439635,Approximate: uses total age-cell frequency,0.8825362956408391
60,nowork_nowork,0.15476481660693586,N=100000,100000,9.7276451587677,0.15790902442218085,0.0031442078152449926,udd1,36987,0.2606027326,0.0022824635438857183,Approximate: uses total age-cell frequency,1.3775500702597077
61,nowork_nowork,0.17555100772535867,N=100000,100000,9.7276451587677,0.17792859725370752,0.00237758952834885,udd1,35482,0.2778040541,0.0023778955105194003,Approximate: uses total age-cell frequency,0.9998713222809007
62,nowork_nowork,0.19955452717168004,N=100000,100000,9.7276451587677,0.20131107017699557,0.001756543005315525,udd1,34081,0.3056767023,0.0024954902311029063,Approximate: uses total age-cell frequency,0.7038869491142844
63,nowork_nowork,0.22690791557016346,N=100000,100000,9.7276451587677,0.22842554177215466,0.0015176262019911957,udd1,32751,0.3404534998,0.0026184201177384928,Approximate: uses total age-cell frequency,0.5795961433805193
64,nowork_nowork,0.25762625816704926,N=100000,100000,9.7276451587677,0.25820801894294143,0.0005817607758921706,udd1,31813,0.3903164316,0.0027350064183156012,Approximate: uses total age-cell frequency,0.21270910810163932
65,nowork_nowork,0.29226629749131955,N=100000,100000,9.7276451587677,0.292677393615238,0.00041109612391843076,udd1,31074,0.467988757,0.0028306067261004274,Approximate: uses total age-cell frequency,0.1452325115063849
66,nowork_nowork,0.34101476327846597,N=100000,100000,9.7276451587677,0.34161984324389805,0.000605079965432076,udd1,30479,0.539813816,0.002854883751424113,Approximate: uses total age-cell frequency,0.21194557050886628
67,nowork_nowork,0.41793358442035644,N=100000,100000,9.7276451587677,0.417177618087508,0.0007559663328484678,udd1,30295,0.6314256825,0.002771648662609021,Approximate: uses total age-cell frequency,0.27274969697525014
68,nowork_nowork,0.48693642158350653,N=100000,100000,9.7276451587677,0.4880513922629102,0.0011149706794036929,udd1,29842,0.7120360878,0.0026212356880075983,Approximate: uses total age-cell frequency,0.425360712317778
69,nowork_nowork,0.5381743823858097,N=100000,100000,9.7276451587677,0.5390897886758996,0.000915406290089904,udd1,29091,0.7710954538,0.002463212927763735,Approximate: uses total age-cell frequency,0.3716310026518777
70,nowork_nowork,0.5841154359160907,N=100000,100000,9.7276451587677,0.5839198099997454,0.00019562591634536552,udd1,28733,0.8070961957,0.002327783363356363,Approximate: uses total age-cell frequency,0.08403957147597198
71,nowork_nowork,0.6270272280910579,N=100000,100000,9.7276451587677,0.6260740902297753,0.0009531378612825936,udd1,28201,0.8336716624,0.0022174221883415916,Approximate: uses total age-cell frequency,0.42984049960979454
72,nowork_nowork,0.6673399903447925,N=100000,100000,9.7276451587677,0.666351731634716,0.0009882587100765727,udd1,27755,0.856346256,0.00210529306804352,Approximate: uses total age-cell frequency,0.4694162181396323
73,nowork_nowork,0.7048855260583132,N=100000,100000,9.7276451587677,0.7040263764698518,0.0008591495884614497,udd1,27615,0.8718269016,0.0020115973300965846,Approximate: uses total age-cell frequency,0.4270981948560245
74,nowork_nowork,0.7396538750940557,N=100000,100000,9.7276451587677,0.7385715936483026,0.0010822814457530638,udd1,27541,0.8887136743,0.001895012070113755,Approximate: uses total age-cell frequency,0.5711211357551385
75,nowork_nowork,0.7719771060235608,N=100000,100000,9.7276451587677,0.7703021557955667,0.001674950227994132,udd1,27329,0.8978180839,0.001832185008002886,Approximate: uses total age-cell frequency,0.9141818215289609
76,nowork_nowork,0.8010778253288953,N=100000,100000,9.7276451587677,0.7994939145822345,0.001583910746660755,udd1,25186,0.9088815183,0.0018133317839947713,Approximate: uses total age-cell frequency,0.8734809374881184
77,nowork_nowork,0.8245271982842659,N=100000,100000,9.7276451587677,0.8236762022520467,0.0008509960322191645,udd1,22442,0.9167267113,0.0018443444032827103,Approximate: uses total age-cell frequency,0.46140841737828053
78,nowork_nowork,0.8476118747254127,N=100000,100000,9.7276451587677,0.8457002827284472,0.001911591996965445,udd1,19392,0.9263214736,0.00187603108541212,Approximate: uses total age-cell frequency,1.0189553956913848
79,nowork_nowork,0.8655363687390629,N=100000,100000,9.7276451587677,0.8631254343724154,0.0024109343666475214,udd1,16359,0.9325723199,0.00196056837544874,Approximate: uses total age-cell frequency,1.2297119533490897
80,nowork_nowork,0.8777423458274523,N=100000,100000,9.7276451587677,0.8769571626702023,0.0007851831572499579,udd1,13610,0.9380829016,0.00206584077643286,Approximate: uses total age-cell frequency,0.38007922304920017
81,nowork_nowork,0.8862982420315951,N=100000,100000,9.7276451587677,0.8864407596823901,0.00014251765079498213,udd1,11239,0.9424001673,0.002197679983646345,Approximate: uses total age-cell frequency,0.06484913720628233
82,nowork_nowork,0.8864801494257442,N=100000,100000,9.7276451587677,0.8854969254061261,0.0009832240196180342,udd1,7491,0.9497184232,0.0025248290421263082,Approximate: uses total age-cell frequency,0.3894220175754961
83,nowork_nowork,0.8756426735218509,N=100000,100000,9.7276451587677,0.8716194687805389,0.004023204741312014,udd1,4499,0.9532856504,0.0031461446377548307,Approximate: uses total age-cell frequency,1.2787729759885025
84,nowork_nowork,0.18572160387463327,N=100000,100000,9.7276451587677,0.18495234420937404,0.000769259665259231,udd1,1982,0.9549138804,0.004660705990802418,Approximate: uses total age-cell frequency,0.1650521759530234
30,prob_work,0.683568,N=250000,250000,22.22505235671997,0.683829,0.00026100000000006673,udd1,2840,0.7408450704,0.008222128593867357,Uses total age-cell frequency,0.03174360471505383
31,prob_work,0.697796,N=250000,250000,22.22505235671997,0.696873,0.0009230000000000071,udd1,5097,0.7255248185,0.00625058060855109,Uses total age-cell frequency,0.1476662821910175
32,prob_work,0.7105654761904762,N=250000,250000,22.22505235671997,0.7108331199897595,0.0002676437992833458,udd1,7282,0.7283713266,0.005212413841895231,Uses total age-cell frequency,0.05134738096429248
33,prob_work,0.7216037060298994,N=250000,250000,22.22505235671997,0.7212743720402254,0.00032933398967405214,udd1,9171,0.7294733399,0.00463875463007704,Uses total age-cell frequency,0.07099620823630039
34,prob_work,0.729437749075719,N=250000,250000,22.22505235671997,0.7294789014869237,4.115241120472568e-05,udd1,11180,0.7228980322,0.004232894306220716,Uses total age-cell frequency,0.009722050263397213
35,prob_work,0.7361158357712579,N=250000,250000,22.22505235671997,0.7369026608878697,0.0007868251166117668,udd1,13112,0.7188834655,0.003925888602819013,Uses total age-cell frequency,0.2004196237373575
36,prob_work,0.7430121301893591,N=250000,250000,22.22505235671997,0.7436603621392094,0.0006482319498503086,udd1,17702,0.7478815953,0.0032636796977581362,Uses total age-cell frequency,0.19861996576918609
37,prob_work,0.7508910764203157,N=250000,250000,22.22505235671997,0.7500132646840052,0.0008778117363105187,udd1,22115,0.7633280579,0.0028581533632124284,Uses total age-cell frequency,0.3071254844505265
38,prob_work,0.757493078843095,N=250000,250000,22.22505235671997,0.7552311333179101,0.002261945525184883,udd1,26699,0.7775197573,0.0025453877161882243,Uses total age-cell frequency,0.8886447871180103
39,prob_work,0.7613019601555298,N=250000,250000,22.22505235671997,0.7600280956011948,0.0012738645543349802,udd1,31731,0.7868960953,0.0022988599768867745,Uses total age-cell frequency,0.5541288147789272
40,prob_work,0.766346855772239,N=250000,250000,22.22505235671997,0.7655733332798598,0.000773522492379275,udd1,32214,0.7873905755,0.0022796282744457015,Uses total age-cell frequency,0.3393195728664838
41,prob_work,0.7724446585184739,N=250000,250000,22.22505235671997,0.7716119801621582,0.0008326783563157303,udd1,32959,0.7841864134,0.0022660111095178944,Uses total age-cell frequency,0.36746437509429813
42,prob_work,0.7775594979832554,N=250000,250000,22.22505235671997,0.7763678719537298,0.0011916260295256054,udd1,33929,0.7889416134,0.002215328879254968,Uses total age-cell frequency,0.5379002822941388
43,prob_work,0.7817686111926524,N=250000,250000,22.22505235671997,0.7807135333327972,0.001055077859855147,udd1,34810,0.7871588624,0.0021938501947408816,Uses total age-cell frequency,0.4809252073748652
44,prob_work,0.7845649714784891,N=250000,250000,22.22505235671997,0.784895719608658,0.0003307481301688675,udd1,35491,0.7868473698,0.0021738595353921033,Uses total age-cell frequency,0.15214788480305827
45,prob_work,0.7894618047858384,N=250000,250000,22.22505235671997,0.7889726351041612,0.0004891696816772262,udd1,36530,0.789488092,0.002132977575295862,Uses total age-cell frequency,0.22933653280877753
46,prob_work,0.7908303904752295,N=250000,250000,22.22505235671997,0.7924560472488291,0.0016256567735996041,udd1,37648,0.7887537187,0.002103750786040311,Uses total age-cell frequency,0.7727420873170164
47,prob_work,0.7963311059637719,N=250000,250000,22.22505235671997,0.7966887878999178,0.00035768193614593713,udd1,38609,0.7876919889,0.002081215868645027,Uses total age-cell frequency,0.17186200698095075
48,prob_work,0.797925593526491,N=250000,250000,22.22505235671997,0.799972259007723,0.0020466654812320018,udd1,39731,0.7834688279,0.002066361617364992,Uses total age-cell frequency,0.9904682046126531
49,prob_work,0.8027199013011047,N=250000,250000,22.22505235671997,0.8029248249974638,0.0002049236963590495,udd1,40045,0.778873767,0.002073860420280879,Uses total age-cell frequency,0.09881267531558131
50,prob_work,0.8050827812549565,N=250000,250000,22.22505235671997,0.8042378775430519,0.0008449037119045988,udd1,40332,0.7723147873,0.002088044301422947,Uses total age-cell frequency,0.40463878631733013
51,prob_work,0.8034851333330615,N=250000,250000,22.22505235671997,0.8025957739657941,0.0008893593672674172,udd1,40778,0.7666633969,0.002094502289083435,Uses total age-cell frequency,0.4246160875081237
52,prob_work,0.7979491836000131,N=250000,250000,22.22505235671997,0.7987324336843784,0.0007832500843653056,udd1,41035,0.7649811137,0.0020931459883932807,Uses total age-cell frequency,0.37419754222042395
53,prob_work,0.7915324285169028,N=250000,250000,22.22505235671997,0.7934820861510491,0.00194965763414634,udd1,41296,0.7609695854,0.0020987283947791133,Uses total age-cell frequency,0.9289709135285881
54,prob_work,0.7863720983871233,N=250000,250000,22.22505235671997,0.784674223763665,0.0016978746234582731,udd1,42101,0.7576067077,0.0020885073047798696,Uses total age-cell frequency,0.8129608259317199
55,prob_work,0.7766178763602073,N=250000,250000,22.22505235671997,0.7755647564665469,0.0010531198936604147,udd1,42583,0.7569922269,0.002078440831126764,Uses total age-cell frequency,0.5066874543113635
56,prob_work,0.7639767296904217,N=250000,250000,22.22505235671997,0.7632594802582918,0.0007172494321299183,udd1,42538,0.7530443368,0.002090890237522,Uses total age-cell frequency,0.3430354302002768
57,prob_work,0.7492556012611973,N=250000,250000,22.22505235671997,0.7489944785071087,0.0002611227540886274,udd1,41686,0.7471813079,0.002128739296911431,Uses total age-cell frequency,0.12266544544345477
58,prob_work,0.7315055145360314,N=250000,250000,22.22505235671997,0.7307244358608406,0.0007810786751908383,udd1,40096,0.7387270551,0.002194010481356121,Uses total age-cell frequency,0.3560049880473007
59,prob_work,0.7100139493595976,N=250000,250000,22.22505235671997,0.7097918840156904,0.00022206534390722954,udd1,38600,0.7272279793,0.002266947946080665,Uses total age-cell frequency,0.09795784869747856
60,prob_work,0.6875603808194343,N=250000,250000,22.22505235671997,0.6855956931966858,0.0019646876227484844,udd1,36987,0.7127909806,0.002352640566524788,Uses total age-cell frequency,0.8350989312620033
61,prob_work,0.6596453754696587,N=250000,250000,22.22505235671997,0.6597356701530855,9.029468342680591e-05,udd1,35482,0.6865171073,0.0024627966771964926,Uses total age-cell frequency,0.03666347460302417
62,prob_work,0.6289272793366685,N=250000,250000,22.22505235671997,0.6292249382561057,0.000297658919437227,udd1,34081,0.6530911652,0.0025783295133971025,Uses total age-cell frequency,0.11544642292250833
63,prob_work,0.5955504873754255,N=250000,250000,22.22505235671997,0.5988116141876395,0.0032611268122140213,udd1,32751,0.608439437,0.002697092662546113,Uses total age-cell frequency,1.2091267228228815
64,prob_work,0.5611255636872767,N=250000,250000,22.22505235671997,0.5623299199519358,0.00120435626465909,udd1,31813,0.5374218087,0.002795425401590887,Uses total age-cell frequency,0.4308311228672696
65,prob_work,0.5149685613288704,N=250000,250000,22.22505235671997,0.517231437007302,0.0022628756784316417,udd1,31074,0.4617365,0.0028281079857679146,Uses total age-cell frequency,0.8001376502662801
66,prob_work,0.4438469268584155,N=250000,250000,22.22505235671997,0.44552538654089346,0.001678459682477984,udd1,30479,0.369729978,0.0027650647198966876,Uses total age-cell frequency,0.6070236513453823
67,prob_work,0.37167234867629084,N=250000,250000,22.22505235671997,0.37107423299844333,0.0005981156778475105,udd1,30295,0.2943389998,0.0026184029670637456,Uses total age-cell frequency,0.22842766578370946
68,prob_work,0.3240093784445233,N=250000,250000,22.22505235671997,0.32468857507409876,0.0006791966295754404,udd1,29842,0.2285369613,0.002430646617745015,Uses total age-cell frequency,0.2794304300003724
69,prob_work,0.28778534850437204,N=250000,250000,22.22505235671997,0.28681176455207874,0.0009735839522932999,udd1,29091,0.1882712867,0.0022920187942329336,Uses total age-cell frequency,0.42477136520127345
70,prob_work,0.2542182991003225,N=250000,250000,22.22505235671997,0.2535312866358486,0.0006870124644738906,udd1,28733,0.1609299412,0.0021678391339006327,Uses total age-cell frequency,0.31691118299803755
71,prob_work,0.2230645657110558,N=250000,250000,22.22505235671997,0.2216758657780664,0.0013886999329894012,udd1,28201,0.1363072231,0.0020431809215295735,Uses total age-cell frequency,0.6796754601397647
72,prob_work,0.19381381472954498,N=250000,250000,22.22505235671997,0.19313771804171365,0.0006760966878313346,udd1,27755,0.1211313277,0.0019584821378455207,Uses total age-cell frequency,0.3452146306399773
73,prob_work,0.16686507936507936,N=250000,250000,22.22505235671997,0.16780046534436527,0.0009353859792859132,udd1,27615,0.1057758465,0.0018507336830483588,Uses total age-cell frequency,0.5054136031853222
74,prob_work,0.14457967458677687,N=250000,250000,22.22505235671997,0.14563273773853128,0.0010530631517544076,udd1,27541,0.0951672053,0.0017682268125482755,Uses total age-cell frequency,0.5955475532218564
75,prob_work,0.12477138679963755,N=250000,250000,22.22505235671997,0.12457173648270489,0.00019965031693265634,udd1,27329,0.085733104,0.0016935534234307523,Uses total age-cell frequency,0.11788840798904969
76,prob_work,0.10804874674291512,N=250000,250000,22.22505235671997,0.10751288990336536,0.0005358568395497643,udd1,25186,0.0762725324,0.0016725396125979084,Uses total age-cell frequency,0.32038514096382625
77,prob_work,0.09267994094984337,N=250000,250000,22.22505235671997,0.0932165494225829,0.0005366084727395221,udd1,22442,0.0706710632,0.001710703577368741,Uses total age-cell frequency,0.3136770623727155
78,prob_work,0.0809948498932295,N=250000,250000,22.22505235671997,0.080256574888502,0.0007382750047274927,udd1,19392,0.0636344884,0.001752902182840434,Uses total age-cell frequency,0.4211729621622005
79,prob_work,0.07130360149209389,N=250000,250000,22.22505235671997,0.07151689038049786,0.00021328888840396742,udd1,16359,0.0566660554,0.0018076562448152392,Uses total age-cell frequency,0.11799195174178026
80,prob_work,0.06348741546398941,N=250000,250000,22.22505235671997,0.06333574662212259,0.00015166884186681995,udd1,13610,0.0522409993,0.001907329096678725,Uses total age-cell frequency,0.07951896824251478
81,prob_work,0.06031701292825302,N=250000,250000,22.22505235671997,0.0601730461839719,0.00014396674428111822,udd1,11239,0.0477800516,0.0020120006158682985,Uses total age-cell frequency,0.07155402595092544
82,prob_work,0.06268322330004529,N=250000,250000,22.22505235671997,0.06397020451654764,0.0012869812165023503,udd1,7491,0.0392470965,0.0022435704994076444,Uses total age-cell frequency,0.573630833906108
83,prob_work,0.07554489787179378,N=250000,250000,22.22505235671997,0.07691797767945924,0.0013730798076654616,udd1,4499,0.0384529896,0.002866766492096879,Uses total age-cell frequency,0.47896464935347094
84,prob_work,0.8009032498370425,N=250000,250000,22.22505235671997,0.799192605624801,0.001710644212241541,udd1,1982,0.0363269425,0.004202690968497573,Uses total age-cell frequency,0.4070354506348779
30,hours_0,0.316432,N=250000,250000,22.22505235671997,0.316171,0.0002610000000000112,udd1,2840,0.2591549296,0.008222128593867357,Uses total age-cell frequency,0.03174360471504708
31,hours_0,0.302204,N=250000,250000,22.22505235671997,0.303127,0.0009230000000000071,udd1,5097,0.2744751815,0.00625058060855109,Uses total age-cell frequency,0.1476662821910175
32,hours_0,0.28943452380952384,N=250000,250000,22.22505235671997,0.2891668800102405,0.0002676437992833458,udd1,7282,0.2716286734,0.005212413841895232,Uses total age-cell frequency,0.05134738096429246
33,hours_0,0.2783962939701005,N=250000,250000,22.22505235671997,0.27872562795977457,0.00032933398967405214,udd1,9171,0.2705266601,0.00463875463007704,Uses total age-cell frequency,0.07099620823630039
34,hours_0,0.270562250924281,N=250000,250000,22.22505235671997,0.2705210985130762,4.115241120478119e-05,udd1,11180,0.2771019678,0.004232894306220716,Uses total age-cell frequency,0.009722050263410328
35,hours_0,0.26388416422874206,N=250000,250000,22.22505235671997,0.2630973391121303,0.0007868251166117668,udd1,13112,0.2811165345,0.003925888602819014,Uses total age-cell frequency,0.20041962373735747
36,hours_0,0.2569878698106409,N=250000,250000,22.22505235671997,0.25633963786079067,0.0006482319498502531,udd1,17702,0.2521184047,0.0032636796977581362,Uses total age-cell frequency,0.19861996576916907
37,hours_0,0.24910892357968425,N=250000,250000,22.22505235671997,0.2499867353159948,0.0008778117363105464,udd1,22115,0.2366719421,0.0028581533632124284,Uses total age-cell frequency,0.3071254844505362
38,hours_0,0.24250692115690492,N=250000,250000,22.22505235671997,0.24476886668208991,0.002261945525184994,udd1,26699,0.2224802427,0.0025453877161882243,Uses total age-cell frequency,0.888644787118054
39,hours_0,0.23869803984447027,N=250000,250000,22.22505235671997,0.23997190439880522,0.0012738645543349525,udd1,31731,0.2131039047,0.0022988599768867745,Uses total age-cell frequency,0.5541288147789151
40,hours_0,0.23365314422776098,N=250000,250000,22.22505235671997,0.2344266667201402,0.0007735224923792194,udd1,32214,0.2126094245,0.002279628274445702,Uses total age-cell frequency,0.33931957286645936
41,hours_0,0.2275553414815261,N=250000,250000,22.22505235671997,0.2283880198378418,0.0008326783563157025,udd1,32959,0.2158135866,0.0022660111095178944,Uses total age-cell frequency,0.3674643750942859
42,hours_0,0.22244050201674462,N=250000,250000,22.22505235671997,0.22363212804627017,0.0011916260295255499,udd1,33929,0.2110583866,0.0022153288792549682,Uses total age-cell frequency,0.5379002822941137
43,hours_0,0.21823138880734758,N=250000,250000,22.22505235671997,0.21928646666720272,0.001055077859855147,udd1,34810,0.2128411376,0.0021938501947408816,Uses total age-cell frequency,0.4809252073748652
44,hours_0,0.2154350285215109,N=250000,250000,22.22505235671997,0.21510428039134202,0.0003307481301688675,udd1,35491,0.2131526302,0.0021738595353921033,Uses total age-cell frequency,0.15214788480305827
45,hours_0,0.21053819521416164,N=250000,250000,22.22505235671997,0.2110273648958389,0.0004891696816772539,udd1,36530,0.210511908,0.0021329775752958625,Uses total age-cell frequency,0.2293365328087905
46,hours_0,0.20916960952477046,N=250000,250000,22.22505235671997,0.20754395275117082,0.001625656773599632,udd1,37648,0.2112462813,0.002103750786040311,Uses total age-cell frequency,0.7727420873170296
47,hours_0,0.2036688940362281,N=250000,250000,22.22505235671997,0.20331121210008216,0.00035768193614593713,udd1,38609,0.2123080111,0.002081215868645027,Uses total age-cell frequency,0.17186200698095075
48,hours_0,0.202074406473509,N=250000,250000,22.22505235671997,0.20002774099227708,0.0020466654812319185,udd1,39731,0.2165311721,0.002066361617364992,Uses total age-cell frequency,0.9904682046126128
49,hours_0,0.19728009869889532,N=250000,250000,22.22505235671997,0.19707517500253627,0.0002049236963590495,udd1,40045,0.221126233,0.002073860420280879,Uses total age-cell frequency,0.09881267531558131
50,hours_0,0.1949172187450435,N=250000,250000,22.22505235671997,0.1957621224569481,0.0008449037119045988,udd1,40332,0.2276852127,0.002088044301422947,Uses total age-cell frequency,0.40463878631733013
51,hours_0,0.19651486666693854,N=250000,250000,22.22505235671997,0.1974042260342059,0.0008893593672673616,udd1,40778,0.2333366031,0.002094502289083435,Uses total age-cell frequency,0.42461608750809715
52,hours_0,0.2020508163999869,N=250000,250000,22.22505235671997,0.20126756631562157,0.0007832500843653334,udd1,41035,0.2350188863,0.0020931459883932807,Uses total age-cell frequency,0.3741975422204372
53,hours_0,0.20846757148309727,N=250000,250000,22.22505235671997,0.20651791384895093,0.00194965763414634,udd1,41296,0.2390304146,0.0020987283947791133,Uses total age-cell frequency,0.9289709135285881
54,hours_0,0.21362790161287665,N=250000,250000,22.22505235671997,0.21532577623633503,0.0016978746234583841,udd1,42101,0.2423932923,0.0020885073047798696,Uses total age-cell frequency,0.8129608259317731
55,hours_0,0.2233821236397927,N=250000,250000,22.22505235671997,0.22443524353345315,0.0010531198936604425,udd1,42583,0.2430077731,0.002078440831126764,Uses total age-cell frequency,0.5066874543113769
56,hours_0,0.23602327030957823,N=250000,250000,22.22505235671997,0.23674051974170815,0.0007172494321299183,udd1,42538,0.2469556632,0.002090890237522,Uses total age-cell frequency,0.3430354302002768
57,hours_0,0.2507443987388027,N=250000,250000,22.22505235671997,0.2510055214928914,0.0002611227540886829,udd1,41686,0.2528186921,0.0021287392969114314,Uses total age-cell frequency,0.12266544544348082
58,hours_0,0.2684944854639686,N=250000,250000,22.22505235671997,0.26927556413915943,0.0007810786751908383,udd1,40096,0.2612729449,0.002194010481356121,Uses total age-cell frequency,0.3560049880473007
59,hours_0,0.2899860506404024,N=250000,250000,22.22505235671997,0.2902081159843096,0.00022206534390722954,udd1,38600,0.2727720207,0.0022669479460806653,Uses total age-cell frequency,0.09795784869747853
60,hours_0,0.3124396191805658,N=250000,250000,22.22505235671997,0.3144043068033142,0.001964687622748429,udd1,36987,0.2872090194,0.002352640566524788,Uses total age-cell frequency,0.8350989312619796
61,hours_0,0.34035462453034127,N=250000,250000,22.22505235671997,0.3402643298469144,9.029468342686142e-05,udd1,35482,0.3134828927,0.002462796677196493,Uses total age-cell frequency,0.0366634746030467
62,hours_0,0.3710727206633315,N=250000,250000,22.22505235671997,0.37077506174389435,0.0002976589194371715,udd1,34081,0.3469088348,0.0025783295133971025,Uses total age-cell frequency,0.1154464229224868
63,hours_0,0.40444951262457457,N=250000,250000,22.22505235671997,0.4011883858123605,0.003261126812214077,udd1,32751,0.391560563,0.002697092662546113,Uses total age-cell frequency,1.2091267228229021
64,hours_0,0.4388744363127233,N=250000,250000,22.22505235671997,0.4376700800480642,0.0012043562646591455,udd1,31813,0.4625781913,0.002795425401590887,Uses total age-cell frequency,0.4308311228672895
65,hours_0,0.4850314386711296,N=250000,250000,22.22505235671997,0.48276856299269794,0.0022628756784316417,udd1,31074,0.5382635,0.0028281079857679146,Uses total age-cell frequency,0.8001376502662801
66,hours_0,0.5561530731415845,N=250000,250000,22.22505235671997,0.5544746134591065,0.0016784596824779285,udd1,30479,0.630270022,0.0027650647198966876,Uses total age-cell frequency,0.6070236513453622
67,hours_0,0.6283276513237092,N=250000,250000,22.22505235671997,0.6289257670015567,0.0005981156778475105,udd1,30295,0.7056610002,0.0026184029670637456,Uses total age-cell frequency,0.22842766578370946
68,hours_0,0.6759906215554766,N=250000,250000,22.22505235671997,0.6753114249259012,0.0006791966295753848,udd1,29842,0.7714630387,0.002430646617745015,Uses total age-cell frequency,0.27943043000034956
69,hours_0,0.7122146514956279,N=250000,250000,22.22505235671997,0.7131882354479213,0.0009735839522934109,udd1,29091,0.8117287133,0.0022920187942329336,Uses total age-cell frequency,0.4247713652013219
70,hours_0,0.7457817008996774,N=250000,250000,22.22505235671997,0.7464687133641514,0.0006870124644740017,udd1,28733,0.8390700588,0.0021678391339006327,Uses total age-cell frequency,0.31691118299808874
71,hours_0,0.7769354342889442,N=250000,250000,22.22505235671997,0.7783241342219336,0.0013886999329894012,udd1,28201,0.8636927769,0.0020431809215295735,Uses total age-cell frequency,0.6796754601397647
72,hours_0,0.806186185270455,N=250000,250000,22.22505235671997,0.8068622819582864,0.0006760966878313068,udd1,27755,0.8788686723,0.0019584821378455207,Uses total age-cell frequency,0.34521463063996316
73,hours_0,0.8331349206349207,N=250000,250000,22.22505235671997,0.8321995346556348,0.0009353859792858854,udd1,27615,0.8942241535,0.001850733683048359,Uses total age-cell frequency,0.5054136031853071
74,hours_0,0.8554203254132231,N=250000,250000,22.22505235671997,0.8543672622614688,0.001053063151754352,udd1,27541,0.9048327947,0.0017682268125482755,Uses total age-cell frequency,0.595547553221825
75,hours_0,0.8752286132003625,N=250000,250000,22.22505235671997,0.8754282635172951,0.00019965031693258695,udd1,27329,0.914266896,0.0016935534234307523,Uses total age-cell frequency,0.11788840798900871
76,hours_0,0.8919512532570849,N=250000,250000,22.22505235671997,0.8924871100966346,0.0005358568395497088,udd1,25186,0.9237274676,0.0016725396125979082,Uses total age-cell frequency,0.3203851409637931
77,hours_0,0.9073200590501567,N=250000,250000,22.22505235671997,0.9067834505774172,0.0005366084727395082,udd1,22442,0.9293289368,0.0017107035773687416,Uses total age-cell frequency,0.31367706237270726
78,hours_0,0.9190051501067705,N=250000,250000,22.22505235671997,0.919743425111498,0.0007382750047274511,udd1,19392,0.9363655116,0.0017529021828404337,Uses total age-cell frequency,0.4211729621621768
79,hours_0,0.9286963985079061,N=250000,250000,22.22505235671997,0.9284831096195022,0.00021328888840388416,udd1,16359,0.9433339446,0.0018076562448152398,Uses total age-cell frequency,0.11799195174173416
80,hours_0,0.9365125845360106,N=250000,250000,22.22505235671997,0.9366642533778774,0.0001516688418667922,udd1,13610,0.9477590007,0.0019073290966787255,Uses total age-cell frequency,0.07951896824250021
81,hours_0,0.939682987071747,N=250000,250000,22.22505235671997,0.9398269538160281,0.00014396674428107659,udd1,11239,0.9522199484,0.002012000615868298,Uses total age-cell frequency,0.07155402595090478
82,hours_0,0.9373167766999547,N=250000,250000,22.22505235671997,0.9360297954834523,0.001286981216502392,udd1,7491,0.9607529035,0.002243570499407645,Uses total age-cell frequency,0.5736308339061265
83,hours_0,0.9244551021282063,N=250000,250000,22.22505235671997,0.9230820223205407,0.0013730798076655448,udd1,4499,0.9615470104,0.0028667664920968786,Uses total age-cell frequency,0.4789646493535
84,hours_0,0.19909675016295744,N=250000,250000,22.22505235671997,0.200807394375199,0.0017106442122415688,udd1,1982,0.9636730575,0.004202690968497574,Uses total age-cell frequency,0.4070354506348844
30,hours_1,0.094024,N=250000,250000,22.22505235671997,0.094294,0.00027000000000000635,udd1,2840,0.1183098592,0.006060511657851703,Uses total age-cell frequency,0.044550693941856796
31,hours_1,0.08526,N=250000,250000,22.22505235671997,0.085412,0.00015199999999999936,udd1,5097,0.1071218364,0.004331893678080904,Uses total age-cell frequency,0.03508858049058529
32,hours_1,0.0829933115719406,N=250000,250000,22.22505235671997,0.08316299182360753,0.0001696802516669288,udd1,7282,0.1038176325,0.0035744433669348003,Uses total age-cell frequency,0.04747039867425149
33,hours_1,0.08238155626052622,N=250000,250000,22.22505235671997,0.08218109444775044,0.00020046181277577624,udd1,9171,0.1065314579,0.0032215896517352335,Uses total age-cell frequency,0.06222450232536667
34,hours_1,0.08169283462172501,N=250000,250000,22.22505235671997,0.08203337951316125,0.00034054489143624245,udd1,11180,0.0989266547,0.002823682298947707,Uses total age-cell frequency,0.12060311868766266
35,hours_1,0.08109784648878822,N=250000,250000,22.22505235671997,0.08153246171146836,0.0004346152226801375,udd1,13112,0.0928920073,0.0025350364040468225,Uses total age-cell frequency,0.17144338518623897
36,hours_1,0.08077985507826574,N=250000,250000,22.22505235671997,0.08040699379221379,0.0003728612860519481,udd1,17702,0.0856400407,0.0021032256234948215,Uses total age-cell frequency,0.17728068823751955
37,hours_1,0.07991253434148451,N=250000,250000,22.22505235671997,0.07965317606590495,0.00025935827557956037,udd1,22115,0.0814379381,0.0018391797011797866,Uses total age-cell frequency,0.14101845263580753
38,hours_1,0.07969246425237483,N=250000,250000,22.22505235671997,0.07878873462307698,0.0009037296292978558,udd1,26699,0.0749840818,0.0016118018295973031,Uses total age-cell frequency,0.5606952496906187
39,hours_1,0.07793321842305688,N=250000,250000,22.22505235671997,0.07868070912335512,0.0007474907002982395,udd1,31731,0.0734612839,0.0014646004502355855,Uses total age-cell frequency,0.5103717537284679
40,hours_1,0.07794187249813488,N=250000,250000,22.22505235671997,0.07756136590139345,0.00038050659674142284,udd1,32214,0.0723288011,0.001443212702723746,Uses total age-cell frequency,0.263652472032224
41,hours_1,0.07679772011158609,N=250000,250000,22.22505235671997,0.07751727985182821,0.0007195597402421261,udd1,32959,0.068630723,0.0013926219231663126,Uses total age-cell frequency,0.5166942500848404
42,hours_1,0.07648363303283036,N=250000,250000,22.22505235671997,0.0771269919368605,0.0006433589040301391,udd1,33929,0.0686138701,0.0013724145421682345,Uses total age-cell frequency,0.46877884506653256
43,hours_1,0.07667654545381432,N=250000,250000,22.22505235671997,0.07660090699301261,7.563846080170522e-05,udd1,34810,0.0652398736,0.0013235935225971284,Uses total age-cell frequency,0.05714629114630976
44,hours_1,0.0757339709913892,N=250000,250000,22.22505235671997,0.07561095620797113,0.00012301478341807115,udd1,35491,0.0657631512,0.001315711546537924,Uses total age-cell frequency,0.09349677270961411
45,hours_1,0.07490316677884945,N=250000,250000,22.22505235671997,0.07539174388367728,0.0004885771048278309,udd1,36530,0.062168081,0.001263343353061447,Uses total age-cell frequency,0.38673342733301047
46,hours_1,0.07561295530218949,N=250000,250000,22.22505235671997,0.07457994426833525,0.0010330110338542392,udd1,37648,0.0624734382,0.0012472931563161074,Uses total age-cell frequency,0.8282022783683408
47,hours_1,0.0751161183133436,N=250000,250000,22.22505235671997,0.07401063314829917,0.0011054851650444258,udd1,38609,0.0610738429,0.0012187063281124406,Uses total age-cell frequency,0.9070972551333395
48,hours_1,0.07373012465878807,N=250000,250000,22.22505235671997,0.07350755486439312,0.0002225697943949584,udd1,39731,0.0571845662,0.001164898293518894,Uses total age-cell frequency,0.19106371400255504
49,hours_1,0.07287160215254498,N=250000,250000,22.22505235671997,0.07369179263467586,0.0008201904821308753,udd1,40045,0.0590585591,0.0011780089024832003,Uses total age-cell frequency,0.6962515142304471
50,hours_1,0.072711670713208,N=250000,250000,22.22505235671997,0.07363055485508366,0.0009188841418756588,udd1,40332,0.0581176237,0.001165003903383576,Uses total age-cell frequency,0.788739109978001
51,hours_1,0.0731690407931064,N=250000,250000,22.22505235671997,0.07375321795427318,0.0005841771611667795,udd1,40778,0.0571386532,0.0011494126035636256,Uses total age-cell frequency,0.5082397385896095
52,hours_1,0.07384411504859134,N=250000,250000,22.22505235671997,0.07344031363983569,0.0004038014087556496,udd1,41035,0.057779944,0.0011518276815362333,Uses total age-cell frequency,0.350574495845668
53,hours_1,0.07409125047710119,N=250000,250000,22.22505235671997,0.07430048315424101,0.00020923267713982008,udd1,41296,0.0593762108,0.0011629478093617745,Uses total age-cell frequency,0.179915792828783
54,hours_1,0.07479530140529499,N=250000,250000,22.22505235671997,0.07520368738003246,0.0004083859747374685,udd1,42101,0.0570057718,0.001129972115609378,Uses total age-cell frequency,0.36141243584336746
55,hours_1,0.07603512240314662,N=250000,250000,22.22505235671997,0.07544873399003571,0.0005863884131109137,udd1,42583,0.0551393749,0.001106105794570444,Uses total age-cell frequency,0.5301377282257504
56,hours_1,0.07618117598171618,N=250000,250000,22.22505235671997,0.07668143174130924,0.0005002557595930601,udd1,42538,0.0563496168,0.0011180533065796494,Uses total age-cell frequency,0.4474346228834504
57,hours_1,0.077789146186131,N=250000,250000,22.22505235671997,0.07732073942897238,0.0004684067571586181,udd1,41686,0.0563258648,0.0011291973440931066,Uses total age-cell frequency,0.41481390264410345
58,hours_1,0.0790220833438332,N=250000,250000,22.22505235671997,0.07865339638711494,0.0003686869567182671,udd1,40096,0.0542946927,0.0011316342366709572,Uses total age-cell frequency,0.32580046164286336
59,hours_1,0.07975229319017627,N=250000,250000,22.22505235671997,0.07965782260937214,9.447058080412629e-05,udd1,38600,0.0550518135,0.0011609036069908578,Uses total age-cell frequency,0.08137676568083077
60,hours_1,0.08074325330791132,N=250000,250000,22.22505235671997,0.08094524836828831,0.00020199506037699155,udd1,36987,0.0578581664,0.001213992275733719,Uses total age-cell frequency,0.16638908205153838
61,hours_1,0.08064405442036818,N=250000,250000,22.22505235671997,0.08129553596046746,0.0006514815400992802,udd1,35482,0.0615523364,0.0012759194392775028,Uses total age-cell frequency,0.5105977070685478
62,hours_1,0.08144506569267254,N=250000,250000,22.22505235671997,0.08149436458443816,4.9298891765622854e-05,udd1,34081,0.0618233033,0.001304554595963407,Uses total age-cell frequency,0.03778982644204007
63,hours_1,0.08047920516954374,N=250000,250000,22.22505235671997,0.08124096500074848,0.0007617598312047447,udd1,32751,0.0672651217,0.0013840819088407554,Uses total age-cell frequency,0.5503719298251362
64,hours_1,0.07978852617584835,N=250000,250000,22.22505235671997,0.07979846618720292,9.94001135457001e-06,udd1,31813,0.0708515387,0.001438516628452891,Uses total age-cell frequency,0.006909903686869706
65,hours_1,0.0808914550272826,N=250000,250000,22.22505235671997,0.0818110498447729,0.0009195948174903074,udd1,31074,0.0767200875,0.0015098112513191968,Uses total age-cell frequency,0.6090793247744126
66,hours_1,0.12485854223815603,N=250000,250000,22.22505235671997,0.1268823242380981,0.002023781999942062,udd1,30479,0.0778568851,0.0015347841985944811,Uses total age-cell frequency,1.318610135415385
67,hours_1,0.11976787995184841,N=250000,250000,22.22505235671997,0.11935296719456363,0.00041491275728477994,udd1,30295,0.0827859383,0.0015831722227347964,Uses total age-cell frequency,0.2620768298777079
68,hours_1,0.10986044426177444,N=250000,250000,22.22505235671997,0.11034090683576399,0.0004804625739895513,udd1,29842,0.0816634274,0.0015852610123329443,Uses total age-cell frequency,0.30308105116549866
69,hours_1,0.101491586349869,N=250000,250000,22.22505235671997,0.10092951228237397,0.0005620740674950331,udd1,29091,0.07679351,0.0015611058760430082,Uses total age-cell frequency,0.3600486527664239
70,hours_1,0.09330455658753062,N=250000,250000,22.22505235671997,0.09325191158053492,5.264500699569963e-05,udd1,28733,0.0722862214,0.0015277218102385834,Uses total age-cell frequency,0.03445981241013905
71,hours_1,0.08437372946064675,N=250000,250000,22.22505235671997,0.08468304579397791,0.00030931633333115827,udd1,28201,0.0690046452,0.0015093177043471182,Uses total age-cell frequency,0.20493785532381234
72,hours_1,0.07699696586213732,N=250000,250000,22.22505235671997,0.07614824296729755,0.0008487228948397679,udd1,27755,0.0658259773,0.001488476338116762,Uses total age-cell frequency,0.5701957586464439
73,hours_1,0.06845238095238096,N=250000,250000,22.22505235671997,0.0690647725968511,0.0006123916444701477,udd1,27615,0.059967409,0.0014287510877519466,Uses total age-cell frequency,0.4286202472354432
74,hours_1,0.06236010674931129,N=250000,250000,22.22505235671997,0.06197446529489064,0.00038564145442065295,udd1,27541,0.0567880614,0.0013945796178282007,Uses total age-cell frequency,0.2765288187857055
75,hours_1,0.05416673615396161,N=250000,250000,22.22505235671997,0.05439970891274187,0.00023297275878026574,udd1,27329,0.0530206008,0.0013554413103115037,Uses total age-cell frequency,0.17187963581154583
76,hours_1,0.049034980515138236,N=250000,250000,22.22505235671997,0.04866172685797618,0.0003732536571620579,udd1,25186,0.0495116334,0.0013669336362937621,Uses total age-cell frequency,0.27305909171573234
77,hours_1,0.043081410002520436,N=250000,250000,22.22505235671997,0.04358538810592783,0.0005039781034073959,udd1,22442,0.0462971215,0.0014026611314735453,Uses total age-cell frequency,0.3593013965375579
78,hours_1,0.038481346564501945,N=250000,250000,22.22505235671997,0.0380011522636329,0.0004801943008690482,udd1,19392,0.0436262376,0.001466818589881631,Uses total age-cell frequency,0.3273712947064564
79,hours_1,0.0339484369326247,N=250000,250000,22.22505235671997,0.034203371307731295,0.0002549343751065969,udd1,16359,0.03973348,0.0015271996622671755,Uses total age-cell frequency,0.16692930296235062
80,hours_1,0.029693927351321203,N=250000,250000,22.22505235671997,0.029938155840304247,0.00024422848898304414,udd1,13610,0.0368846436,0.0016155964375791274,Uses total age-cell frequency,0.15116924208436955
81,hours_1,0.02714710616298648,N=250000,250000,22.22505235671997,0.027679601244627077,0.0005324950816405979,udd1,11239,0.0344336685,0.0017199620651680767,Uses total age-cell frequency,0.3095969919479369
82,hours_1,0.027091228321058862,N=250000,250000,22.22505235671997,0.02794616335528574,0.0008549350342268794,udd1,7491,0.0288346015,0.0019334532639831167,Uses total age-cell frequency,0.4421803465089316
83,hours_1,0.03935254571147176,N=250000,250000,22.22505235671997,0.0398639127022652,0.0005113669907934396,udd1,4499,0.0295621249,0.0025251878805889133,Uses total age-cell frequency,0.20250651237648928
84,hours_1,0.19972995623428624,N=250000,250000,22.22505235671997,0.19952216383551838,0.00020779239876786426,udd1,1982,0.0277497477,0.003689493305175329,Uses total age-cell frequency,0.056320036812748664
30,hours_2,0.082408,N=250000,250000,22.22505235671997,0.082324,8.400000000000074e-05,udd1,2840,0.1080985915,0.005826520414997181,Uses total age-cell frequency,0.01441683784095029
31,hours_2,0.078936,N=250000,250000,22.22505235671997,0.07898,4.399999999998849e-05,udd1,5097,0.0980969198,0.004166297746094687,Uses total age-cell frequency,0.010560935075087288
32,hours_2,0.07849702380952381,N=250000,250000,22.22505235671997,0.07759972478678977,0.000897299022734041,udd1,7282,0.0961274375,0.0034542355305845944,Uses total age-cell frequency,0.25976775896986454
33,hours_2,0.07806105508238956,N=250000,250000,22.22505235671997,0.07768948808089092,0.00037156700149863775,udd1,9171,0.0858139788,0.0029247446870282142,Uses total age-cell frequency,0.12704254260093417
34,hours_2,0.07743954162065268,N=250000,250000,22.22505235671997,0.07759711517782568,0.00015757355717299637,udd1,11180,0.081216458,0.002583495589090335,Uses total age-cell frequency,0.06099238482868051
35,hours_2,0.07756802510095209,N=250000,250000,22.22505235671997,0.0771153238167273,0.0004527012842247963,udd1,13112,0.0790115924,0.00235579783838509,Uses total age-cell frequency,0.19216474217292137
36,hours_2,0.07689258977541134,N=250000,250000,22.22505235671997,0.07655802623822967,0.0003345635371816702,udd1,17702,0.07631906,0.001995567071818575,Uses total age-cell frequency,0.16765336625683042
37,hours_2,0.07825453147402062,N=250000,250000,22.22505235671997,0.07647065301288526,0.0017838784611353548,udd1,22115,0.0699525209,0.001715184222470771,Uses total age-cell frequency,1.040050647484168
38,hours_2,0.07667960752733406,N=250000,250000,22.22505235671997,0.07581925962425375,0.0008603479030803163,udd1,26699,0.0680175287,0.0015408728347377878,Uses total age-cell frequency,0.5583510096903764
39,hours_2,0.07640598067903956,N=250000,250000,22.22505235671997,0.07593527591102793,0.00047070476801162886,udd1,31731,0.0629037849,0.001362977231911488,Uses total age-cell frequency,0.3453504262514317
40,hours_2,0.07608878763326568,N=250000,250000,22.22505235671997,0.07577267595635757,0.0003161116769081068,udd1,32214,0.0626435711,0.001350107369104211,Uses total age-cell frequency,0.23413817607546666
41,hours_2,0.07545306761394424,N=250000,250000,22.22505235671997,0.07576446225020844,0.0003113946362642006,udd1,32959,0.0602263418,0.0013104421779777853,Uses total age-cell frequency,0.2376256209524106
42,hours_2,0.0751619020071028,N=250000,250000,22.22505235671997,0.0759190272017994,0.0007571251946966034,udd1,33929,0.0575319049,0.0012641603819396497,Uses total age-cell frequency,0.5989154584443765
43,hours_2,0.07473429815707673,N=250000,250000,22.22505235671997,0.07525609687457284,0.0005217987174961081,udd1,34810,0.0554151106,0.0012262600718364065,Uses total age-cell frequency,0.42552043361786995
44,hours_2,0.07469133566014113,N=250000,250000,22.22505235671997,0.075206452735983,0.0005151170758418699,udd1,35491,0.0567467809,0.0012280771334046918,Uses total age-cell frequency,0.4194500995338718
45,hours_2,0.07562462969605856,N=250000,250000,22.22505235671997,0.07475902952902073,0.0008656001670378222,udd1,36530,0.0545305229,0.0011880063212054033,Uses total age-cell frequency,0.7286157923465814
46,hours_2,0.07378064776510948,N=250000,250000,22.22505235671997,0.07514291075871336,0.0013622629936038827,udd1,37648,0.0524065023,0.001148504413959016,Uses total age-cell frequency,1.1861190754226345
47,hours_2,0.07382658856724757,N=250000,250000,22.22505235671997,0.07490902402816642,0.0010824354609188513,udd1,38609,0.0495221321,0.0011041457238933944,Uses total age-cell frequency,0.9803375021025402
48,hours_2,0.07358432490664765,N=250000,250000,22.22505235671997,0.07411400940358892,0.0005296844969412684,udd1,39731,0.0501623417,0.0010950875591040489,Uses total age-cell frequency,0.4836914569412443
49,hours_2,0.07398764640471417,N=250000,250000,22.22505235671997,0.07404788475195292,6.023834723875576e-05,udd1,40045,0.0498439256,0.0010875004494888488,Uses total age-cell frequency,0.05539156077321092
50,hours_2,0.073130558910728,N=250000,250000,22.22505235671997,0.07357157964094263,0.0004410207302146252,udd1,40332,0.0478528216,0.0010628719319140307,Uses total age-cell frequency,0.41493308551335106
51,hours_2,0.07256548388543838,N=250000,250000,22.22505235671997,0.07296306680600514,0.00039758292056676914,udd1,40778,0.0466673206,0.0010445174812094254,Uses total age-cell frequency,0.3806378808580743
52,hours_2,0.07127139164294362,N=250000,250000,22.22505235671997,0.07207314990638457,0.0008017582634409492,udd1,41035,0.0463750457,0.0010381348248745675,Uses total age-cell frequency,0.7723064906697659
53,hours_2,0.06969165924509253,N=250000,250000,22.22505235671997,0.07124601261803112,0.001554353372938591,udd1,41296,0.0447985277,0.0010179474729707025,Uses total age-cell frequency,1.5269485059012735
54,hours_2,0.0706560239872156,N=250000,250000,22.22505235671997,0.06954925156730128,0.0011067724199143175,udd1,42101,0.0450345597,0.0010106960822572613,Uses total age-cell frequency,1.095059572648666
55,hours_2,0.06782114540724533,N=250000,250000,22.22505235671997,0.06847911285202274,0.0006579674447774048,udd1,42583,0.0444543597,0.0009987683465998794,Uses total age-cell frequency,0.6587788319657228
56,hours_2,0.06744234365260753,N=250000,250000,22.22505235671997,0.0668812173291559,0.0005611263234516217,udd1,42538,0.0444778786,0.0009995485006794248,Uses total age-cell frequency,0.5613797860436051
57,hours_2,0.06578689106512706,N=250000,250000,22.22505235671997,0.0651354478172979,0.0006514432478291615,udd1,41686,0.0428201315,0.0009915752182179296,Uses total age-cell frequency,0.6569781453392339
58,hours_2,0.06358306243647574,N=250000,250000,22.22505235671997,0.06350116519271626,8.189724375948226e-05,udd1,40096,0.0431464485,0.0010147165381913371,Uses total age-cell frequency,0.08070947962024794
59,hours_2,0.06108974088007778,N=250000,250000,22.22505235671997,0.06140526119406929,0.00031552031399151304,udd1,38600,0.043238342,0.0010352440549919332,Uses total age-cell frequency,0.30477867752060805
60,hours_2,0.05912745194005967,N=250000,250000,22.22505235671997,0.059211093616763064,8.364167670339706e-05,udd1,36987,0.0436369535,0.0010622189651592572,Uses total age-cell frequency,0.07874240570620651
61,hours_2,0.056238955513236225,N=250000,250000,22.22505235671997,0.05681085471084967,0.0005718991976134472,udd1,35482,0.0432331887,0.0010797112821044473,Uses total age-cell frequency,0.5296778936113068
62,hours_2,0.0538394294517821,N=250000,250000,22.22505235671997,0.05319174266053954,0.0006476867912425591,udd1,34081,0.0443942373,0.0011156976413512737,Uses total age-cell frequency,0.5805217894501554
63,hours_2,0.049886621315192746,N=250000,250000,22.22505235671997,0.05031736544611999,0.000430744130927245,udd1,32751,0.0475710665,0.0011761844992375157,Uses total age-cell frequency,0.36622156745517664
64,hours_2,0.04701185013095654,N=250000,250000,22.22505235671997,0.047126530720432575,0.00011468058947603638,udd1,31813,0.0463018263,0.0011781544377581718,Uses total age-cell frequency,0.09733918219945265
65,hours_2,0.04614580214417547,N=250000,250000,22.22505235671997,0.04649548846804601,0.0003496863238705433,udd1,31074,0.0473064298,0.0012043095298290424,Uses total age-cell frequency,0.290362498352216
66,hours_2,0.048122798917225706,N=250000,250000,22.22505235671997,0.047592900576598894,0.0005298983406268123,udd1,30479,0.0360904229,0.0010683505457980311,Uses total age-cell frequency,0.49599669575775013
67,hours_2,0.040492359152017494,N=250000,250000,22.22505235671997,0.040374065840642896,0.0001182933113745982,udd1,30295,0.0384221819,0.0011043271554883596,Uses total age-cell frequency,0.10711799559278799
68,hours_2,0.03398752031684944,N=250000,250000,22.22505235671997,0.03438836272963612,0.0004008424127866783,udd1,29842,0.0315997587,0.0010126406675504552,Uses total age-cell frequency,0.39583874678498054
69,hours_2,0.03017882869817843,N=250000,250000,22.22505235671997,0.029828537607750807,0.0003502910904276228,udd1,29091,0.0279811626,0.0009669207788116671,Uses total age-cell frequency,0.362274860674859
70,hours_2,0.025850571089070493,N=250000,250000,22.22505235671997,0.025701923158523887,0.0001486479305466068,udd1,28733,0.0253019177,0.0009264485133560915,Uses total age-cell frequency,0.16044920835171356
71,hours_2,0.022252412165445296,N=250000,250000,22.22505235671997,0.02203573402465048,0.0002166781407948147,udd1,28201,0.0194673948,0.0008227211912272667,Uses total age-cell frequency,0.2633676427753032
72,hours_2,0.018697811049954004,N=250000,250000,22.22505235671997,0.018737364501742303,3.955345178829894e-05,udd1,27755,0.0192037471,0.0008237810021588854,Uses total age-cell frequency,0.048014522894605595
73,hours_2,0.01565893901420217,N=250000,250000,22.22505235671997,0.015576254916895339,8.268409730683227e-05,udd1,27615,0.0164403404,0.0007652145741357449,Uses total age-cell frequency,0.1080534795096108
74,hours_2,0.013429752066115703,N=250000,250000,22.22505235671997,0.013023989508788808,0.0004057625573268952,udd1,27541,0.0134708253,0.0006946438834035003,Uses total age-cell frequency,0.5841303249354294
75,hours_2,0.010990110568183713,N=250000,250000,22.22505235671997,0.011121310892579636,0.00013120032439592304,udd1,27329,0.0135753229,0.0006999953870974111,Uses total age-cell frequency,0.1874302699907153
76,hours_2,0.009096778656582195,N=250000,250000,22.22505235671997,0.008883874147277773,0.00021290450930442142,udd1,25186,0.011355515,0.0006676423731352384,Uses total age-cell frequency,0.31889004933078935
77,hours_2,0.0075793036402261186,N=250000,250000,22.22505235671997,0.007475810904900243,0.00010349273532587588,udd1,22442,0.0105159968,0.0006809242989268433,Uses total age-cell frequency,0.1519886064999934
78,hours_2,0.006280618012812461,N=250000,250000,22.22505235671997,0.006249538859070623,3.107915374183853e-05,udd1,19392,0.0086633663,0.0006654916567716492,Uses total age-cell frequency,0.04670104189225434
79,hours_2,0.00501766084573994,N=250000,250000,22.22505235671997,0.005203389466768137,0.0001857286210281972,udd1,16359,0.0067241274,0.0006389612684507127,Uses total age-cell frequency,0.2906727374548582
80,hours_2,0.00424597364568082,N=250000,250000,22.22505235671997,0.004336941636209799,9.096799052897911e-05,udd1,13610,0.006098457,0.0006673483680921346,Uses total age-cell frequency,0.1363125990538423
81,hours_2,0.004027562471721764,N=250000,250000,22.22505235671997,0.0037197883095546266,0.0003077741621671376,udd1,11239,0.005516505,0.0006986617419108037,Uses total age-cell frequency,0.440519558614146
82,hours_2,0.0035591994978986423,N=250000,250000,22.22505235671997,0.0036212544819224993,6.205498402385694e-05,udd1,7491,0.0044052863,0.0007651709291892821,Uses total age-cell frequency,0.08109950555702079
83,hours_2,0.00459898085899028,N=250000,250000,22.22505235671997,0.004593267057422253,5.713801568026436e-06,udd1,4499,0.0031118026,0.0008303692348246553,Uses total age-cell frequency,0.006881037168041262
84,hours_2,0.20007449483192102,N=250000,250000,22.22505235671997,0.19972203693933852,0.00035245789258250837,udd1,1982,0.0015136226,0.00087322879595392,Uses total age-cell frequency,0.4036260533500632
30,hours_3,0.08842,N=250000,250000,22.22505235671997,0.088833,0.0004129999999999967,udd1,2840,0.1084507042,0.00583485003966647,Uses total age-cell frequency,0.07078159630364803
31,hours_3,0.08796,N=250000,250000,22.22505235671997,0.088053,9.300000000000974e-05,udd1,5097,0.1012360212,0.004225061611070564,Uses total age-cell frequency,0.022011513336593687
32,hours_3,0.08888968894009217,N=250000,250000,22.22505235671997,0.08883626414067876,5.342479941340683e-05,udd1,7282,0.0994232354,0.0035065414537082825,Uses total age-cell frequency,0.015235752983016458
33,hours_3,0.08883030431530058,N=250000,250000,22.22505235671997,0.0891830397103609,0.0003527353950603246,udd1,9171,0.1036964344,0.003183472679039799,Uses total age-cell frequency,0.1108020801883297
34,hours_3,0.08921112018053488,N=250000,250000,22.22505235671997,0.08942448597850387,0.00021336579796898958,udd1,11180,0.0994633274,0.0028304878291297345,Uses total age-cell frequency,0.07538128084252929
35,hours_3,0.08987037311252606,N=250000,250000,22.22505235671997,0.09017164307524841,0.00030126996272235307,udd1,13112,0.1045607077,0.002672193236843696,Uses total age-cell frequency,0.11274258110098465
36,hours_3,0.08963929700948797,N=250000,250000,22.22505235671997,0.09027159940313982,0.0006323023936518485,udd1,17702,0.0982939781,0.002237611950357781,Uses total age-cell frequency,0.28257911008687053
37,hours_3,0.09122219641326723,N=250000,250000,22.22505235671997,0.09046414380719456,0.0007580526060726733,udd1,22115,0.0951842641,0.001973418425832658,Uses total age-cell frequency,0.3841317158842393
38,hours_3,0.09102673509697633,N=250000,250000,22.22505235671997,0.0911163122826099,8.957718563357142e-05,udd1,26699,0.0934866474,0.0017816172041403198,Uses total age-cell frequency,0.050278581406489574
39,hours_3,0.09078045456367499,N=250000,250000,22.22505235671997,0.09114437471756606,0.00036392015389107024,udd1,31731,0.0898490435,0.0016053567721710758,Uses total age-cell frequency,0.2266911381941016
40,hours_3,0.09098165365763655,N=250000,250000,22.22505235671997,0.0912933712193371,0.0003117175617005502,udd1,32214,0.0900540138,0.001594913069640975,Uses total age-cell frequency,0.19544486005793393
41,hours_3,0.0915608003692777,N=250000,250000,22.22505235671997,0.0917876431877401,0.00022684281846239995,udd1,32959,0.0858035741,0.0015427140527699578,Uses total age-cell frequency,0.14704138985128287
42,hours_3,0.09124764980957431,N=250000,250000,22.22505235671997,0.09141170209561297,0.00016405228603866284,udd1,33929,0.085325238,0.0015166542007455748,Uses total age-cell frequency,0.10816723150077064
43,hours_3,0.09253622110253698,N=250000,250000,22.22505235671997,0.09139884374472328,0.0011373773578137042,udd1,34810,0.0850617639,0.0014952405601530551,Uses total age-cell frequency,0.7606651318348938
44,hours_3,0.09225108591073593,N=250000,250000,22.22505235671997,0.09152444478879787,0.000726641121938057,udd1,35491,0.0792313544,0.0014337211201329695,Uses total age-cell frequency,0.506821802186094
45,hours_3,0.09200062876097813,N=250000,250000,22.22505235671997,0.09182115945912998,0.00017946930184814525,udd1,36530,0.0787571859,0.0014093125372991154,Uses total age-cell frequency,0.1273452815456323
46,hours_3,0.09197457370598325,N=250000,250000,22.22505235671997,0.09177261803631638,0.0002019556696668673,udd1,37648,0.0762324692,0.001367667053932353,Uses total age-cell frequency,0.14766435228968844
47,hours_3,0.09200936222850144,N=250000,250000,22.22505235671997,0.09215833103430156,0.0001489688058001204,udd1,38609,0.0751897226,0.0013420271080220347,Uses total age-cell frequency,0.11100282916019494
48,hours_3,0.09264359250589274,N=250000,250000,22.22505235671997,0.0923299193688823,0.0003136731370104451,udd1,39731,0.0714555385,0.0012922738380231288,Uses total age-cell frequency,0.24272961951337674
49,hours_3,0.09257485613175004,N=250000,250000,22.22505235671997,0.09234655574718474,0.000228300384565297,udd1,40045,0.070320889,0.0012777166780465119,Uses total age-cell frequency,0.17867841007941068
50,hours_3,0.09257429165192424,N=250000,250000,22.22505235671997,0.09212030130233542,0.00045399034958881757,udd1,40332,0.0698204899,0.0012689658976204653,Uses total age-cell frequency,0.3577640269451917
51,hours_3,0.09029700709179367,N=250000,250000,22.22505235671997,0.09096016108887926,0.0006631539970855943,udd1,40778,0.066874295,0.0012370484918612407,Uses total age-cell frequency,0.5360776084758204
52,hours_3,0.08947678413664474,N=250000,250000,22.22505235671997,0.08901595910575016,0.0004608250308945766,udd1,41035,0.0671134397,0.0012352132688172822,Uses total age-cell frequency,0.37307325182461565
53,hours_3,0.08706429887670884,N=250000,250000,22.22505235671997,0.08673075206461482,0.00033354681209402104,udd1,41296,0.0668829911,0.001229339688759101,Uses total age-cell frequency,0.2713219260257546
54,hours_3,0.08417766355294157,N=250000,250000,22.22505235671997,0.08385782662064306,0.0003198369322985062,udd1,42101,0.0644402746,0.0011966530286784312,Uses total age-cell frequency,0.26727624853106347
55,hours_3,0.0810809692989168,N=250000,250000,22.22505235671997,0.08079073143795486,0.0002902378609619394,udd1,42583,0.0643684099,0.001189243267493641,Uses total age-cell frequency,0.24405255753402139
56,hours_3,0.07751506337003948,N=250000,250000,22.22505235671997,0.07807344862834396,0.0005583852583044835,udd1,42538,0.0642954535,0.0011892439982196489,Uses total age-cell frequency,0.4695295995947098
57,hours_3,0.07405566807959742,N=250000,250000,22.22505235671997,0.07427807106938203,0.00022240298978461193,udd1,41686,0.0635465144,0.0011947962755573247,Uses total age-cell frequency,0.18614302231639435
58,hours_3,0.0705759813186167,N=250000,250000,22.22505235671997,0.07065510190579109,7.912058717439441e-05,udd1,40096,0.061277933,0.001197760654211734,Uses total age-cell frequency,0.06605709320654297
59,hours_3,0.06718096123768863,N=250000,250000,22.22505235671997,0.06647471246507881,0.000706248772609816,udd1,38600,0.0641450777,0.001247074158234503,Uses total age-cell frequency,0.5663245990195647
60,hours_3,0.06358765273421374,N=250000,250000,22.22505235671997,0.06208009572566591,0.0015075570085478288,udd1,36987,0.0634276908,0.0012673178537371092,Uses total age-cell frequency,1.1895650361922183
61,hours_3,0.059245629385626296,N=250000,250000,22.22505235671997,0.05800386871267137,0.0012417606729549224,udd1,35482,0.0656389155,0.0013147222828494647,Uses total age-cell frequency,0.944504165749432
62,hours_3,0.05290899963648323,N=250000,250000,22.22505235671997,0.05288545831177799,2.3541324705243782e-05,udd1,34081,0.0674569408,0.0013585999782640566,Uses total age-cell frequency,0.017327635125773795
63,hours_3,0.04822635541050074,N=250000,250000,22.22505235671997,0.048515555769232874,0.0002892003587321307,udd1,32751,0.0684864584,0.0013956761529034037,Uses total age-cell frequency,0.20721165016004006
64,hours_3,0.044450137139979945,N=250000,250000,22.22505235671997,0.04461840221943419,0.00016826507945424257,udd1,31813,0.0596925785,0.0013282896504643858,Uses total age-cell frequency,0.12667800234340088
65,hours_3,0.042231050771107705,N=250000,250000,22.22505235671997,0.04162969453006086,0.0006013562410468465,udd1,31074,0.0552873785,0.0012964753893933939,Uses total age-cell frequency,0.4638393030570478
66,hours_3,0.0331893859148809,N=250000,250000,22.22505235671997,0.03283432376712786,0.0003550621477530422,udd1,30479,0.0468191214,0.0012100377895715012,Uses total age-cell frequency,0.2934306273846016
67,hours_3,0.02639147974233388,N=250000,250000,22.22505235671997,0.026696996329421498,0.00030551658708761684,udd1,30295,0.039973593,0.0011254927565131358,Uses total age-cell frequency,0.27145140234765347
68,hours_3,0.022918340276869616,N=250000,250000,22.22505235671997,0.022553573492313458,0.00036476678455615863,udd1,29842,0.0289859929,0.000971164670636326,Uses total age-cell frequency,0.3755972551155061
69,hours_3,0.01902402609444019,N=250000,250000,22.22505235671997,0.018666308537227436,0.00035771755721275555,udd1,29091,0.022721804,0.0008736775659181141,Uses total age-cell frequency,0.40943887215055585
70,hours_3,0.016082644227271625,N=250000,250000,22.22505235671997,0.016047941360819842,3.470286645178289e-05,udd1,28733,0.0184108864,0.0007930703788629058,Uses total age-cell frequency,0.04375761266174059
71,hours_3,0.013292940511488155,N=250000,250000,22.22505235671997,0.01299689452539277,0.0002960459860953859,udd1,28201,0.0150349278,0.0007246508972931206,Uses total age-cell frequency,0.40853600982382493
72,hours_3,0.010810069068565418,N=250000,250000,22.22505235671997,0.010810652931435596,5.838628701782672e-07,udd1,27755,0.011385336,0.0006368187385093998,Uses total age-cell frequency,0.0009168431060067637
73,hours_3,0.008735380116959065,N=250000,250000,22.22505235671997,0.008727815281241197,7.564835717868007e-06,udd1,27615,0.00854608,0.0005539202220604675,Uses total age-cell frequency,0.013656904760993197
74,hours_3,0.006849388774104683,N=250000,250000,22.22505235671997,0.007044751572741125,0.00019536279863644184,udd1,27541,0.0076249955,0.0005241647987015627,Uses total age-cell frequency,0.3727125497942359
75,hours_3,0.005848050742402259,N=250000,250000,22.22505235671997,0.005250958602003447,0.000597092140398812,udd1,27329,0.0064034542,0.0004825033355883769,Uses total age-cell frequency,1.237488109114733
76,hours_3,0.004237092720271174,N=250000,250000,22.22505235671997,0.004442657582491059,0.000205564862219885,udd1,25186,0.0048042563,0.00043570018026375354,Uses total age-cell frequency,0.4718034821455551
77,hours_3,0.0035526110491004453,N=250000,250000,22.22505235671997,0.003469304458476387,8.330659062405835e-05,udd1,22442,0.0043222529,0.00043790883630197123,Uses total age-cell frequency,0.19023729077394583
78,hours_3,0.002688104509483733,N=250000,250000,22.22505235671997,0.00269070826537228,2.603755888546961e-06,udd1,19392,0.0028877888,0.00038533941174575495,Uses total age-cell frequency,0.00675704537138004
79,hours_3,0.0023833889017264714,N=250000,250000,22.22505235671997,0.002231910710365013,0.0001514781913614584,udd1,16359,0.00311755,0.0004358633101230322,Uses total age-cell frequency,0.3475360000333597
80,hours_3,0.001889423412117409,N=250000,250000,22.22505235671997,0.0018614307022670378,2.7992709850371313e-05,udd1,13610,0.0031594416,0.0004810485981348847,Uses total age-cell frequency,0.05819102260957475
81,hours_3,0.0016837139614748445,N=250000,250000,22.22505235671997,0.0016392287465833949,4.448521489144961e-05,udd1,11239,0.0020464454,0.0004262765184553196,Uses total age-cell frequency,0.10435764806527187
82,hours_3,0.001549205138594275,N=250000,250000,22.22505235671997,0.0015437457462661394,5.459392328135667e-06,udd1,7491,0.0017354158,0.00048089992231491055,Uses total age-cell frequency,0.011352450010504805
83,hours_3,0.0018413051856292554,N=250000,250000,22.22505235671997,0.0016700845306549254,0.0001712206549743299,udd1,4499,0.0017781729,0.0006281198639504679,Uses total age-cell frequency,0.2725923264032165
84,hours_3,0.20143402551447992,N=250000,250000,22.22505235671997,0.20001952248921034,0.0014145030252695756,udd1,1982,0.0005045409,0.0005044135870906817,Uses total age-cell frequency,2.8042524259269825
30,hours_4,0.418716,N=250000,250000,22.22505235671997,0.418378,0.00033799999999994945,udd1,2840,0.4059859155,0.00921498610874567,Uses total age-cell frequency,0.036679382476677166
31,hours_4,0.44564,N=250000,250000,22.22505235671997,0.444428,0.0012119999999999909,udd1,5097,0.4190700412,0.006911111146729345,Uses total age-cell frequency,0.17536977401579845
32,hours_4,0.4601854518689196,N=250000,250000,22.22505235671997,0.46123413923868345,0.0010486873697638233,udd1,7282,0.4290030211,0.0057999165270096065,Uses total age-cell frequency,0.18081076941024848
33,hours_4,0.47233079037168313,N=250000,250000,22.22505235671997,0.47222074980122314,0.0001100405704599905,udd1,9171,0.4334314688,0.005174615648613852,Uses total age-cell frequency,0.021265457752300418
34,hours_4,0.4810942526528065,N=250000,250000,22.22505235671997,0.48042392081743296,0.0006703318353735166,udd1,11180,0.4432915921,0.004698267450558872,Uses total age-cell frequency,0.14267638920678702
35,hours_4,0.4875795910689916,N=250000,250000,22.22505235671997,0.4880832322844257,0.0005036412154340586,udd1,13112,0.442419158,0.0043374692990578384,Uses total age-cell frequency,0.11611407037358323
36,hours_4,0.495700388326194,N=250000,250000,22.22505235671997,0.49642374270562606,0.0007233543794320507,udd1,17702,0.4876285166,0.003756867296173463,Uses total age-cell frequency,0.19254190324178325
37,hours_4,0.5015018141915434,N=250000,250000,22.22505235671997,0.5034252917980204,0.001923477606477042,udd1,22115,0.5167533348,0.0033603352287813176,Uses total age-cell frequency,0.572406464093948
38,hours_4,0.5100942719664099,N=250000,250000,22.22505235671997,0.5095068267879694,0.0005874451784404489,udd1,26699,0.5410314993,0.003049686645988458,Uses total age-cell frequency,0.19262476661763636
39,hours_4,0.5161823064897583,N=250000,250000,22.22505235671997,0.5142677358492457,0.0019145706405125917,udd1,31731,0.5606819829,0.0027861591994010637,Uses total age-cell frequency,0.6871720183556503
40,hours_4,0.521334541983202,N=250000,250000,22.22505235671997,0.5209459202027716,0.00038862178043030937,udd1,32214,0.5623641895,0.002764031114803372,Uses total age-cell frequency,0.14059964026778157
41,hours_4,0.5286330704236659,N=250000,250000,22.22505235671997,0.5265425948723814,0.0020904755512844986,udd1,32959,0.5695257744,0.002727364950947533,Uses total age-cell frequency,0.7664817832898497
42,hours_4,0.5346663131337479,N=250000,250000,22.22505235671997,0.531910150719457,0.002756162414290886,udd1,33929,0.5774706004,0.0026816856978213095,Uses total age-cell frequency,1.0277723509992553
43,hours_4,0.5378215464792244,N=250000,250000,22.22505235671997,0.5374576857204886,0.00036386075873584556,udd1,34810,0.5814421143,0.00264410681206735,Uses total age-cell frequency,0.13761197432540687
44,hours_4,0.5418885789162229,N=250000,250000,22.22505235671997,0.5425538658759059,0.0006652869596830424,udd1,35491,0.5851060832,0.00261533136470357,Uses total age-cell frequency,0.2543796050709804
45,hours_4,0.5469333795499522,N=250000,250000,22.22505235671997,0.5470007022323331,6.732268238085481e-05,udd1,36530,0.5940323022,0.0025693657707320863,Uses total age-cell frequency,0.026202062449704328
46,hours_4,0.5494622137019474,N=250000,250000,22.22505235671997,0.5509605741854642,0.001498360483516814,udd1,37648,0.597641309,0.0025272956073500163,Uses total age-cell frequency,0.5928710828916103
47,hours_4,0.5553790368546793,N=250000,250000,22.22505235671997,0.5556107996891507,0.00023176283447146062,udd1,38609,0.6019062913,0.0024912242449413777,Uses total age-cell frequency,0.09303170316444731
48,hours_4,0.5579675514551625,N=250000,250000,22.22505235671997,0.5600207753708586,0.0020532239156960674,udd1,39731,0.6046663814,0.0024528728566577266,Uses total age-cell frequency,0.837069035242936
49,hours_4,0.5632857966120954,N=250000,250000,22.22505235671997,0.5628385918636502,0.00044720474844528457,udd1,40045,0.5996503933,0.0024484690323141535,Uses total age-cell frequency,0.18264668351660227
50,hours_4,0.5666662599790963,N=250000,250000,22.22505235671997,0.5649154417446902,0.0017508182344060375,udd1,40332,0.596523852,0.0024428565249446994,Uses total age-cell frequency,0.7167094000519215
51,hours_4,0.5674536015627231,N=250000,250000,22.22505235671997,0.5649193281166365,0.002534273446086588,udd1,40778,0.5959831282,0.0024299860072059254,Uses total age-cell frequency,1.0429168886452047
52,hours_4,0.5633568927718334,N=250000,250000,22.22505235671997,0.564203011032408,0.0008461182605745687,udd1,41035,0.5937126843,0.00242453008113409,Uses total age-cell frequency,0.34898237277336286
53,hours_4,0.5606852199180001,N=250000,250000,22.22505235671997,0.5612048383141621,0.0005196183961619916,udd1,41296,0.5899118559,0.0024203500164373796,Uses total age-cell frequency,0.2146872942479786
54,hours_4,0.5567431094416712,N=250000,250000,22.22505235671997,0.5560634581956881,0.0006796512459830151,udd1,42101,0.5911261015,0.0023960096120189487,Uses total age-cell frequency,0.28365964918242575
55,hours_4,0.5516806392508985,N=250000,250000,22.22505235671997,0.5508461781865336,0.0008344610643649109,udd1,42583,0.5930300824,0.002380682003539841,Uses total age-cell frequency,0.35051345081961766
56,hours_4,0.5428381466860586,N=250000,250000,22.22505235671997,0.5416233825594827,0.0012147641265758402,udd1,42538,0.5879213879,0.0023864983224430717,Uses total age-cell frequency,0.5090152861839347
57,hours_4,0.5316238959303419,N=250000,250000,22.22505235671997,0.5322602201914564,0.0006363242611144848,udd1,41686,0.5844887972,0.0024137059022581874,Uses total age-cell frequency,0.26362957496982536
58,hours_4,0.5183243874371057,N=250000,250000,22.22505235671997,0.5179147723752183,0.0004096150618874139,udd1,40096,0.5800079808,0.0024648300440511376,Uses total age-cell frequency,0.16618389688815222
59,hours_4,0.501990954051655,N=250000,250000,22.22505235671997,0.5022540877471701,0.00026313369551511645,udd1,38600,0.5647927461,0.002523474761481624,Uses total age-cell frequency,0.10427435198940571
60,hours_4,0.4841020228372495,N=250000,250000,22.22505235671997,0.48335925548596853,0.0007427673512809818,udd1,36987,0.5478681699,0.002587891250822338,Uses total age-cell frequency,0.2870164467092492
61,hours_4,0.46351673615042804,N=250000,250000,22.22505235671997,0.4636254107690971,0.00010867461866903572,udd1,35482,0.5160926667,0.002653022297651055,Uses total age-cell frequency,0.040962572672402546
62,hours_4,0.4407337845557306,N=250000,250000,22.22505235671997,0.44165337269935,0.0009195881436194209,udd1,34081,0.4794166838,0.002706110521891471,Uses total age-cell frequency,0.33981913753347476
63,hours_4,0.4169583054801882,N=250000,250000,22.22505235671997,0.4187377279715382,0.0017794224913499912,udd1,32751,0.4251167903,0.002731691547452209,Uses total age-cell frequency,0.6513994938446184
64,hours_4,0.38987505024049185,N=250000,250000,22.22505235671997,0.39078652082486615,0.0009114705843742965,udd1,31813,0.3605758652,0.0026920959002591,Uses total age-cell frequency,0.338572851095896
65,hours_4,0.3457002533863046,N=250000,250000,22.22505235671997,0.3472952041644223,0.0015949507781176653,udd1,31074,0.2824226041,0.0025537919916284466,Uses total age-cell frequency,0.6245421644934487
66,hours_4,0.23767619978815285,N=250000,250000,22.22505235671997,0.23821583795906862,0.0005396381709157627,udd1,30479,0.2089635487,0.0023288051817227096,Uses total age-cell frequency,0.23172319228376628
67,hours_4,0.18502062983009107,N=250000,250000,22.22505235671997,0.18465020363381526,0.0003704261962758082,udd1,30295,0.1331572867,0.0019519430457098721,Uses total age-cell frequency,0.18977305566879057
68,hours_4,0.15724307358902984,N=250000,250000,22.22505235671997,0.1574057320163852,0.00016265842735535552,udd1,29842,0.0862877823,0.0016254192792777352,Uses total age-cell frequency,0.10007167346239043
69,hours_4,0.13709090736188442,N=250000,250000,22.22505235671997,0.1373874061247265,0.00029649876284207344,udd1,29091,0.0607748101,0.0014007716578385027,Uses total age-cell frequency,0.21166816246096354
70,hours_4,0.11898052719644979,N=250000,250000,22.22505235671997,0.11852951053596997,0.00045101666047982214,udd1,28733,0.0449309157,0.0012220797334726802,Uses total age-cell frequency,0.36905665655562947
71,hours_4,0.1031454835734756,N=250000,250000,22.22505235671997,0.10196019143404522,0.0011852921394303745,udd1,28201,0.0328002553,0.0010606313122945468,Uses total age-cell frequency,1.1175345529504868
72,hours_4,0.08730896874888824,N=250000,250000,22.22505235671997,0.0874414576412382,0.00013248889234995787,udd1,27755,0.0247162673,0.0009319364882404979,Uses total age-cell frequency,0.1421651518335737
73,hours_4,0.07401837928153718,N=250000,250000,22.22505235671997,0.07443162254937763,0.00041324326784045184,udd1,27615,0.020822017,0.0008592503039551779,Uses total age-cell frequency,0.4809346775186109
74,hours_4,0.06194042699724518,N=250000,250000,22.22505235671997,0.06358953136211071,0.0016491043648655251,udd1,27541,0.017283323,0.000785304224416068,Uses total age-cell frequency,2.0999560598209652
75,hours_4,0.05376648933508997,N=250000,250000,22.22505235671997,0.053799758075379935,3.326874028996424e-05,udd1,27329,0.0127337261,0.0006782394270407979,Uses total age-cell frequency,0.04905161652886782
76,hours_4,0.04567989485092351,N=250000,250000,22.22505235671997,0.045524631315620345,0.0001552635353031656,udd1,25186,0.0106011276,0.0006453304190122713,Uses total age-cell frequency,0.24059540776151322
77,hours_4,0.038466616257996376,N=250000,250000,22.22505235671997,0.03868604595327843,0.0002194296952820543,udd1,22442,0.009535692,0.0006487311375715493,Uses total age-cell frequency,0.338244432205712
78,hours_4,0.033544780806431355,N=250000,250000,22.22505235671997,0.03331517550042621,0.00022960530600514562,udd1,19392,0.0084570957,0.0006575898130504886,Uses total age-cell frequency,0.3491618961370938
79,hours_4,0.029954114812002774,N=250000,250000,22.22505235671997,0.029878218895633413,7.589591636936177e-05,udd1,16359,0.007090898,0.0006560349681438074,Uses total age-cell frequency,0.11568882766127926
80,hours_4,0.027658091054869972,N=250000,250000,22.22505235671997,0.027199218443341503,0.0004588726115284693,udd1,13610,0.006098457,0.0006673483680921346,Uses total age-cell frequency,0.6876058045070652
81,hours_4,0.02745863033206993,N=250000,250000,22.22505235671997,0.027134427883206805,0.0003242024488631229,udd1,11239,0.0057834327,0.000715269168667739,Uses total age-cell frequency,0.4532593645368256
82,hours_4,0.030483590342493504,N=250000,250000,22.22505235671997,0.030859040933073265,0.00037545059057976157,udd1,7491,0.0042717928,0.0007535387600949321,Uses total age-cell frequency,0.49824987175505303
83,hours_4,0.02975206611570248,N=250000,250000,22.22505235671997,0.030790713389116865,0.001038647273414385,udd1,4499,0.0040008891,0.0009411302557820629,Uses total age-cell frequency,1.103616919159917
84,hours_4,0.19966477325635534,N=250000,250000,22.22505235671997,0.19992888236073378,0.00026410910437843493,udd1,1982,0.0065590313,0.0018131722328885006,Uses total age-cell frequency,0.14566134401787748
30,work_work,0.560804,N=250000,250000,22.22505235671997,0.561155,0.0003509999999999902,udd1,2840,,,Approximate: uses total age-cell frequency,
31,work_work,0.545808,N=250000,250000,22.22505235671997,0.545674,0.00013399999999996748,udd1,5097,0.6723826715,0.0065740707206424585,Approximate: uses total age-cell frequency,0.020383108988957177
32,work_work,0.5624199948796723,N=250000,250000,22.22505235671997,0.5618879706225899,0.0005320242570824307,udd1,7282,0.6603319702,0.0055498744802939615,Approximate: uses total age-cell frequency,0.09586239454090337
33,work_work,0.5770789411571743,N=250000,250000,22.22505235671997,0.576458821940962,0.0006201192162123004,udd1,9171,0.6692446931,0.0049128955598924055,Approximate: uses total age-cell frequency,0.12622275573590278
34,work_work,0.5887709863798595,N=250000,250000,22.22505235671997,0.5881586252081843,0.0006123611716751798,udd1,11180,0.6661116803,0.00446018873057357,Approximate: uses total age-cell frequency,0.13729490132952996
35,work_work,0.5970600830028294,N=250000,250000,22.22505235671997,0.5977232980762689,0.0006632150734394715,udd1,13112,0.6699896158,0.004106420018226304,Approximate: uses total age-cell frequency,0.16150687715718268
36,work_work,0.6062052123783979,N=250000,250000,22.22505235671997,0.6065066166013997,0.00030140422300184433,udd1,17702,0.6784866234,0.0035104193512207438,Approximate: uses total age-cell frequency,0.0858598910403771
37,work_work,0.6151751315589232,N=250000,250000,22.22505235671997,0.6150939089572156,8.122260170762008e-05,udd1,22115,0.7102259215,0.0030505950015394375,Approximate: uses total age-cell frequency,0.0266251671121969
38,work_work,0.6243023754291919,N=250000,250000,22.22505235671997,0.6223168314650178,0.0019855439641740524,udd1,26699,0.7299515991,0.0027171920762399143,Approximate: uses total age-cell frequency,0.7307337532507727
39,work_work,0.6310057321521626,N=250000,250000,22.22505235671997,0.6286681342376563,0.002337597914506273,udd1,31731,0.7458161438,0.0024442633303284507,Approximate: uses total age-cell frequency,0.9563609147596039
40,work_work,0.636923718684069,N=250000,250000,22.22505235671997,0.6353869846738147,0.001536734010254337,udd1,32214,0.7468616044,0.002422572321862663,Approximate: uses total age-cell frequency,0.6343397868397901
41,work_work,0.6439360186244406,N=250000,250000,22.22505235671997,0.6430753671435494,0.0008606514808912058,udd1,32959,0.746649244,0.0023956998403133114,Approximate: uses total age-cell frequency,0.3592484611004729
42,work_work,0.6509866782368349,N=250000,250000,22.22505235671997,0.6498107220676982,0.0011759561691366827,udd1,33929,0.7506724827,0.002348685272502447,Approximate: uses total age-cell frequency,0.5006869940831792
43,work_work,0.6572637234046831,N=250000,250000,22.22505235671997,0.6554893983130573,0.0017743250916257836,udd1,34810,0.7516776153,0.00231564367494827,Approximate: uses total age-cell frequency,0.7662340760028292
44,work_work,0.6610267743922321,N=250000,250000,22.22505235671997,0.6609969098752178,2.986451701436632e-05,udd1,35491,0.7511925337,0.0022948178405947112,Approximate: uses total age-cell frequency,0.013013894386766147
45,work_work,0.6664140874703253,N=250000,250000,22.22505235671997,0.6666058804149719,0.00019179294464666263,udd1,36530,0.7543883338,0.0022521491127892946,Approximate: uses total age-cell frequency,0.08515996723197711
46,work_work,0.6707254565634144,N=250000,250000,22.22505235671997,0.6713930293045245,0.0006675727411100674,udd1,37648,0.7576997349,0.0022082821266600438,Approximate: uses total age-cell frequency,0.30230410011955755
47,work_work,0.6747797895519794,N=250000,250000,22.22505235671997,0.6768996318517463,0.0021198422997669164,udd1,38609,0.7577128754,0.0021805860269879717,Approximate: uses total age-cell frequency,0.9721433933496492
48,work_work,0.6799533440793151,N=250000,250000,22.22505235671997,0.6812114511576296,0.0012581070783145298,udd1,39731,0.7561473508,0.0021542802923518794,Approximate: uses total age-cell frequency,0.5840034292571206
49,work_work,0.6843948605147602,N=250000,250000,22.22505235671997,0.6854377599675358,0.0010428994527755808,udd1,40045,0.7491597922,0.00216626537038045,Approximate: uses total age-cell frequency,0.48142737590474516
50,work_work,0.6888026711239624,N=250000,250000,22.22505235671997,0.6886657772933223,0.00013689383064008354,udd1,40332,0.7449686671,0.0021704055664326836,Approximate: uses total age-cell frequency,0.06307292644161645
51,work_work,0.6893557845628087,N=250000,250000,22.22505235671997,0.6879800168225728,0.0013757677402358448,udd1,40778,0.73708627,0.0021799816266490682,Approximate: uses total age-cell frequency,0.6310914383028948
52,work_work,0.6846143778017735,N=250000,250000,22.22505235671997,0.6844704720242715,0.00014390577750200695,udd1,41035,0.7332190971,0.0021833181952265746,Approximate: uses total age-cell frequency,0.06591150012702252
53,work_work,0.6760841996396604,N=250000,250000,22.22505235671997,0.6783787194617072,0.00229451982204687,udd1,41296,0.7302130898,0.002184143912406664,Approximate: uses total age-cell frequency,1.0505350902077624
54,work_work,0.6685035997298143,N=250000,250000,22.22505235671997,0.6687886676497483,0.00028506791993399005,udd1,42101,0.7277731347,0.002169288406902525,Approximate: uses total age-cell frequency,0.13141079767306355
55,work_work,0.6585616027594993,N=250000,250000,22.22505235671997,0.6569064395576669,0.0016551632018323437,udd1,42583,0.7300996078,0.002151169779622585,Approximate: uses total age-cell frequency,0.7694247183607871
56,work_work,0.6433284853521712,N=250000,250000,22.22505235671997,0.6428209326097616,0.000507552742409656,udd1,42538,0.7255845362,0.002163514280890745,Approximate: uses total age-cell frequency,0.23459643733005095
57,work_work,0.6260257668455451,N=250000,250000,22.22505235671997,0.6255387841021101,0.00048698274343506043,udd1,41686,0.7195160232,0.0022002860789693173,Approximate: uses total age-cell frequency,0.22132701201435512
58,work_work,0.6056791741215802,N=250000,250000,22.22505235671997,0.6050842099846356,0.0005949641369445979,udd1,40096,0.7155067517,0.0022531615190435656,Approximate: uses total age-cell frequency,0.26405747298451626
59,work_work,0.5806695692606839,N=250000,250000,22.22505235671997,0.5803898065554051,0.00027976270527885205,udd1,38600,0.7042536736,0.002322900393663822,Approximate: uses total age-cell frequency,0.12043680652083107
60,work_work,0.5543459294283878,N=250000,250000,22.22505235671997,0.5532756126304225,0.0010703167979653205,udd1,36987,0.692141219,0.002400206324669604,Approximate: uses total age-cell frequency,0.445926996760436
61,work_work,0.5240362344948273,N=250000,250000,22.22505235671997,0.523296495092228,0.0007397394025993043,udd1,35482,0.6680743243,0.002499935298813833,Approximate: uses total age-cell frequency,0.2959034191606059
62,work_work,0.4900292544444252,N=250000,250000,22.22505235671997,0.4902313691451528,0.00020211470072761806,udd1,34081,0.6330191334,0.0026108021689551656,Approximate: uses total age-cell frequency,0.07741478965007284
63,work_work,0.4540652484500544,N=250000,250000,22.22505235671997,0.45643914767518473,0.002373899225130316,udd1,32751,0.5905721693,0.002717145444577835,Approximate: uses total age-cell frequency,0.8736739617187297
64,work_work,0.41736046393505616,N=250000,250000,22.22505235671997,0.41944832217137,0.0020878582363138554,udd1,31813,0.5234845597,0.0028001939585507196,Approximate: uses total age-cell frequency,0.7456120066034484
65,work_work,0.3709450370694779,N=250000,250000,22.22505235671997,0.3722812907205711,0.0013362536510931888,udd1,31074,0.451007183,0.002822776412639654,Approximate: uses total age-cell frequency,0.4733827465433658
66,work_work,0.30248422463039915,N=250000,250000,22.22505235671997,0.30435885214591474,0.0018746275155155923,udd1,30479,0.3638179712,0.002755703039724757,Approximate: uses total age-cell frequency,0.680271962723107
67,work_work,0.23330545932385616,N=250000,250000,22.22505235671997,0.23377047108629592,0.0004650117624397654,udd1,30295,0.2869565217,0.0025988461920787285,Approximate: uses total age-cell frequency,0.17893008207146663
68,work_work,0.18302912548807143,N=250000,250000,22.22505235671997,0.18382096291618172,0.0007918374281102869,udd1,29842,0.2166905885,0.002384914059505271,Approximate: uses total age-cell frequency,0.332019271283321
69,work_work,0.15114139401748822,N=250000,250000,22.22505235671997,0.1505391551552218,0.0006022388622664299,udd1,29091,0.1757674887,0.0022315921199712293,Approximate: uses total age-cell frequency,0.26986959528885335
70,work_work,0.12504304386837065,N=250000,250000,22.22505235671997,0.12422757840602007,0.0008154654623505758,udd1,28733,0.1487553905,0.0020992929975565833,Approximate: uses total age-cell frequency,0.38844766466601627
71,work_work,0.10208442826968654,N=250000,250000,22.22505235671997,0.10116833258567318,0.0009160956840133655,udd1,28201,0.1242171641,0.0019640691104851186,Approximate: uses total age-cell frequency,0.4664274180184489
72,work_work,0.08232830693074339,N=250000,250000,22.22505235671997,0.0812024422703768,0.001125864660366585,udd1,27755,0.1086475482,0.001867944984217995,Approximate: uses total age-cell frequency,0.6027290256826928
73,work_work,0.06511591478696742,N=250000,250000,22.22505235671997,0.06500735577976482,0.00010855900720259382,udd1,27615,0.0970778497,0.0017816102549106615,Approximate: uses total age-cell frequency,0.06093308393537367
74,work_work,0.05136234504132232,N=250000,250000,22.22505235671997,0.0519535312438696,0.000591186202547285,udd1,27541,0.0861905835,0.0016910944814589534,Approximate: uses total age-cell frequency,0.34958792014817086
75,work_work,0.03993573814963672,N=250000,250000,22.22505235671997,0.04049945907210381,0.0005637209224670925,udd1,27329,0.078566939,0.0016275709947572911,Approximate: uses total age-cell frequency,0.34635719380779234
76,work_work,0.03176954827403325,N=250000,250000,22.22505235671997,0.03153379042414915,0.00023575784988409676,udd1,25186,0.0695135434,0.0016025446626705602,Approximate: uses total age-cell frequency,0.14711468290139143
77,work_work,0.02501830314814148,N=250000,250000,22.22505235671997,0.024478703992701255,0.0005395991554402249,udd1,22442,0.0632012352,0.0016242585397078944,Approximate: uses total age-cell frequency,0.33221260178029666
78,work_work,0.019231252355231754,N=250000,250000,22.22505235671997,0.019208580125493126,2.2672229738628785e-05,udd1,19392,0.056398872,0.0016566018173123271,Approximate: uses total age-cell frequency,0.013685986277265009
79,work_work,0.015270854652890107,N=250000,250000,22.22505235671997,0.014868949532734965,0.00040190512015514206,udd1,16359,0.0523964833,0.0017421519259807428,Approximate: uses total age-cell frequency,0.2306946450315405
80,work_work,0.01230565432615213,N=250000,250000,22.22505235671997,0.012009455439930917,0.0002961988862212137,udd1,13610,0.0474093264,0.0018216124775568378,Approximate: uses total age-cell frequency,0.16260257868812922
81,work_work,0.010183873432180447,N=250000,250000,22.22505235671997,0.009942923686855388,0.00024094974532505933,udd1,11239,0.0412920761,0.0018767770426771275,Approximate: uses total age-cell frequency,0.128384853312867
82,work_work,0.009756020052275743,N=250000,250000,22.22505235671997,0.00966726127995968,8.875877231606308e-05,udd1,7491,0.0362027353,0.002158209692576769,Approximate: uses total age-cell frequency,0.041126111434561574
83,work_work,0.011775788977861516,N=250000,250000,22.22505235671997,0.012511734428760524,0.0007359454508990074,udd1,4499,0.0355386679,0.0027601646284504144,Approximate: uses total age-cell frequency,0.26663099849670013
84,work_work,0.06050842722786107,N=250000,250000,22.22505235671997,0.06095432434756538,0.00044589711970431656,udd1,1982,0.0344478217,0.004096537466321932,Approximate: uses total age-cell frequency,0.10884731883208293
30,nowork_nowork,0.1364,N=250000,250000,22.22505235671997,0.136219,0.00018099999999998673,udd1,2840,,,Approximate: uses total age-cell frequency,
31,nowork_nowork,0.164444,N=250000,250000,22.22505235671997,0.164972,0.0005280000000000007,udd1,5097,0.2378158845,0.0059633878968959365,Approximate: uses total age-cell frequency,0.0885402742751038
32,nowork_nowork,0.15406586021505375,N=250000,250000,22.22505235671997,0.15418140070723393,0.00011554049218018281,udd1,7282,0.2383930719,0.004993291505791284,Approximate: uses total age-cell frequency,0.023139144199007297
33,nowork_nowork,0.14491280988594676,N=250000,250000,22.22505235671997,0.1443534877208423,0.0005593221651044589,udd1,9171,0.2363008063,0.004435937525928501,Approximate: uses total age-cell frequency,0.12608882831085075
34,nowork_nowork,0.1377218674477041,N=250000,250000,22.22505235671997,0.1374041601856529,0.0003177072620511867,udd1,11180,0.2392418033,0.004034790150820682,Approximate: uses total age-cell frequency,0.07874195439546332
35,nowork_nowork,0.1315318704451497,N=250000,250000,22.22505235671997,0.13133856786684756,0.0001933025783021347,udd1,13112,0.2414330218,0.0037373247017370875,Approximate: uses total age-cell frequency,0.051722179293730824
36,nowork_nowork,0.1270787461467633,N=250000,250000,22.22505235671997,0.1259340951873895,0.0011446509593737997,udd1,17702,0.2296184898,0.00316115059146382,Approximate: uses total age-cell frequency,0.36209947177611407
37,nowork_nowork,0.12124646573060256,N=250000,250000,22.22505235671997,0.12142441682943018,0.00017795109882762228,udd1,22115,0.2094530321,0.0027362998878739083,Approximate: uses total age-cell frequency,0.06503347809800535
38,nowork_nowork,0.11591886120426127,N=250000,250000,22.22505235671997,0.11708444626051459,0.0011655850562533182,udd1,26699,0.1965455063,0.0024320063456893955,Approximate: uses total age-cell frequency,0.4792689206256624
39,nowork_nowork,0.1122379444422175,N=250000,250000,22.22505235671997,0.11341244322514256,0.0011744987829250542,udd1,31731,0.1839339924,0.002174962449571994,Approximate: uses total age-cell frequency,0.5400087634414935
40,nowork_nowork,0.10929189696527271,N=250000,250000,22.22505235671997,0.10977182171654078,0.0004799247512680682,udd1,32214,0.1850505205,0.002163655792257215,Approximate: uses total age-cell frequency,0.22181196888410373
41,nowork_nowork,0.10510767254701267,N=250000,250000,22.22505235671997,0.10588142043442185,0.0007737478874091791,udd1,32959,0.1879783461,0.0021520418080539284,Approximate: uses total age-cell frequency,0.3595412898176324
42,nowork_nowork,0.10100997927011522,N=250000,250000,22.22505235671997,0.1018465894827742,0.0008366102126589753,udd1,33929,0.188258815,0.002122271397809841,Approximate: uses total age-cell frequency,0.39420510191219993
43,nowork_nowork,0.09790454437612846,N=250000,250000,22.22505235671997,0.09839627875561845,0.0004917343794899887,udd1,34810,0.1874690966,0.0020918607704401918,Approximate: uses total age-cell frequency,0.23507031942021298
44,nowork_nowork,0.09467048295351618,N=250000,250000,22.22505235671997,0.09540445819174874,0.0007339752382325565,udd1,35491,0.1887659869,0.002077188114816216,Approximate: uses total age-cell frequency,0.3533503937352812
45,nowork_nowork,0.09239158911276184,N=250000,250000,22.22505235671997,0.09274101329002397,0.0003494241772621365,udd1,36530,0.1890359168,0.0020485574031201934,Approximate: uses total age-cell frequency,0.17057084987216978
46,nowork_nowork,0.09043285238623751,N=250000,250000,22.22505235671997,0.08997576620950021,0.0004570861767373008,udd1,37648,0.1884593984,0.0020155476580170323,Approximate: uses total age-cell frequency,0.2267801383505853
47,nowork_nowork,0.08764759860455903,N=250000,250000,22.22505235671997,0.08773913720116376,9.153859660472607e-05,udd1,38609,0.1894440401,0.001994287185095793,Approximate: uses total age-cell frequency,0.04590040857146116
48,nowork_nowork,0.08575455421725783,N=250000,250000,22.22505235671997,0.08454927974664576,0.0012052744706120694,udd1,39731,0.1923850175,0.001977529902021881,Approximate: uses total age-cell frequency,0.6094848271976893
49,nowork_nowork,0.08376825239645139,N=250000,250000,22.22505235671997,0.08255351526833722,0.0012147371281141656,udd1,40045,0.1996333639,0.0019975005227955175,Approximate: uses total age-cell frequency,0.6081285658008898
50,nowork_nowork,0.0809755621438942,N=250000,250000,22.22505235671997,0.08148442647621063,0.0005088643323164221,udd1,40332,0.2031513618,0.002003424161403428,Approximate: uses total age-cell frequency,0.25399730227869227
51,nowork_nowork,0.08079914197045018,N=250000,250000,22.22505235671997,0.08113373945403105,0.00033459748358086183,udd1,40778,0.2109614298,0.002020401516996144,Approximate: uses total age-cell frequency,0.16560940029303117
52,nowork_nowork,0.08316154576093714,N=250000,250000,22.22505235671997,0.08312805426116407,3.349149977306676e-05,udd1,41035,0.2166450012,0.002033651011381355,Approximate: uses total age-cell frequency,0.016468656414316482
53,nowork_nowork,0.08659232780237955,N=250000,250000,22.22505235671997,0.08616746542558922,0.0004248623767903331,udd1,41296,0.2208757757,0.0020413778776379094,Approximate: uses total age-cell frequency,0.20812529686171768
54,nowork_nowork,0.09061104795795648,N=250000,250000,22.22505235671997,0.09063161623567598,2.0568277719498762e-05,udd1,42101,0.2236663881,0.00203085235708332,Approximate: uses total age-cell frequency,0.010127904004325857
55,nowork_nowork,0.0956022549145308,N=250000,250000,22.22505235671997,0.09667505640843221,0.001072801493901418,udd1,42583,0.2249216964,0.0020233468516735018,Approximate: uses total age-cell frequency,0.5302113639162304
56,nowork_nowork,0.10276334926241429,N=250000,250000,22.22505235671997,0.10400651547008619,0.0012431662076718974,udd1,42538,0.2267522017,0.0020302362081057045,Approximate: uses total age-cell frequency,0.6123258972077065
57,nowork_nowork,0.1128604539475058,N=250000,250000,22.22505235671997,0.11327413669245034,0.00041368274494454904,udd1,41686,0.233712867,0.00207272633816718,Approximate: uses total age-cell frequency,0.19958387044492826
58,nowork_nowork,0.12490655108400743,N=250000,250000,22.22505235671997,0.12539132936989275,0.00048477828588532057,udd1,40096,0.2394717317,0.002131249445124024,Approximate: uses total age-cell frequency,0.2274620115418305
59,nowork_nowork,0.13922306294120135,N=250000,250000,22.22505235671997,0.13984117269641747,0.0006181097552161174,udd1,38600,0.2504253674,0.0022052252053439635,Approximate: uses total age-cell frequency,0.2802932569962653
60,nowork_nowork,0.15670285614575663,N=250000,250000,22.22505235671997,0.15790902442218085,0.0012061682764242243,udd1,36987,0.2606027326,0.0022824635438857183,Approximate: uses total age-cell frequency,0.5284501825474135
61,nowork_nowork,0.17678899239967746,N=250000,250000,22.22505235671997,0.17792859725370752,0.0011396048540300574,udd1,35482,0.2778040541,0.0023778955105194003,Approximate: uses total age-cell frequency,0.47924934001037545
62,nowork_nowork,0.20146618428568955,N=250000,250000,22.22505235671997,0.20131107017699557,0.00015511410869398223,udd1,34081,0.3056767023,0.0024954902311029063,Approximate: uses total age-cell frequency,0.0621577703493666
63,nowork_nowork,0.22962351286050708,N=250000,250000,22.22505235671997,0.22842554177215466,0.0011979710883524286,udd1,32751,0.3404534998,0.0026184201177384928,Approximate: uses total age-cell frequency,0.457516759910593
64,nowork_nowork,0.2606675470714762,N=250000,250000,22.22505235671997,0.25820801894294143,0.0024595281285347825,udd1,31813,0.3903164316,0.0027350064183156012,Approximate: uses total age-cell frequency,0.899276912867182
65,nowork_nowork,0.29483529890199267,N=250000,250000,22.22505235671997,0.292677393615238,0.002157905286754691,udd1,31074,0.467988757,0.0028306067261004274,Approximate: uses total age-cell frequency,0.7623472617573829
66,nowork_nowork,0.34374462460504995,N=250000,250000,22.22505235671997,0.34161984324389805,0.002124781361151906,udd1,30479,0.539813816,0.002854883751424113,Approximate: uses total age-cell frequency,0.74426195465647
67,nowork_nowork,0.41788500592705585,N=250000,250000,22.22505235671997,0.417177618087508,0.0007073878395478794,udd1,30295,0.6314256825,0.002771648662609021,Approximate: uses total age-cell frequency,0.255222766539969
68,nowork_nowork,0.48726810768397255,N=250000,250000,22.22505235671997,0.4880513922629102,0.0007832845789376708,udd1,29842,0.7120360878,0.0026212356880075983,Approximate: uses total age-cell frequency,0.29882264403818093
69,nowork_nowork,0.5392248695991213,N=250000,250000,22.22505235671997,0.5390897886758996,0.00013508092322167542,udd1,29091,0.7710954538,0.002463212927763735,Approximate: uses total age-cell frequency,0.054839320506615996
70,nowork_nowork,0.5830880034920096,N=250000,250000,22.22505235671997,0.5839198099997454,0.0008318065077357328,udd1,28733,0.8070961957,0.002327783363356363,Approximate: uses total age-cell frequency,0.35733845375386447
71,nowork_nowork,0.6245946669575478,N=250000,250000,22.22505235671997,0.6260740902297753,0.001479423272227498,udd1,28201,0.8336716624,0.0022174221883415916,Approximate: uses total age-cell frequency,0.6671815949194401
72,nowork_nowork,0.6655485589115729,N=250000,250000,22.22505235671997,0.666351731634716,0.0008031727231430086,udd1,27755,0.856346256,0.00210529306804352,Approximate: uses total age-cell frequency,0.3815016233770289
73,nowork_nowork,0.704250208855472,N=250000,250000,22.22505235671997,0.7040263764698518,0.00022383238562018182,udd1,27615,0.8718269016,0.0020115973300965846,Approximate: uses total age-cell frequency,0.1112709697270451
74,nowork_nowork,0.7399007834022039,N=250000,250000,22.22505235671997,0.7385715936483026,0.0013291897539012831,udd1,27541,0.8887136743,0.001895012070113755,Approximate: uses total age-cell frequency,0.7014149275690332
75,nowork_nowork,0.7704918032786885,N=250000,250000,22.22505235671997,0.7703021557955667,0.00018964748312177981,udd1,27329,0.8978180839,0.001832185008002886,Approximate: uses total age-cell frequency,0.10350891547164165
76,nowork_nowork,0.7991733345631471,N=250000,250000,22.22505235671997,0.7994939145822345,0.00032058001908741307,udd1,25186,0.9088815183,0.0018133317839947713,Approximate: uses total age-cell frequency,0.17679060275509817
77,nowork_nowork,0.8241757582304157,N=250000,250000,22.22505235671997,0.8236762022520467,0.0004995559783689263,udd1,22442,0.9167267113,0.0018443444032827103,Approximate: uses total age-cell frequency,0.2708582938629992
78,nowork_nowork,0.8456349704810954,N=250000,250000,22.22505235671997,0.8457002827284472,6.531224735184527e-05,udd1,19392,0.9263214736,0.00187603108541212,Approximate: uses total age-cell frequency,0.034814053913982825
79,nowork_nowork,0.8632159244709999,N=250000,250000,22.22505235671997,0.8631254343724154,9.049009858452806e-05,udd1,16359,0.9325723199,0.00196056837544874,Approximate: uses total age-cell frequency,0.04615503326366592
80,nowork_nowork,0.8773478351809245,N=250000,250000,22.22505235671997,0.8769571626702023,0.0003906725107222231,udd1,13610,0.9380829016,0.00206584077643286,Approximate: uses total age-cell frequency,0.18911065904934227
81,nowork_nowork,0.8863975196742347,N=250000,250000,22.22505235671997,0.8864407596823901,4.324000815536522e-05,udd1,11239,0.9424001673,0.002197679983646345,Approximate: uses total age-cell frequency,0.019675297803651237
82,nowork_nowork,0.8868524123904633,N=250000,250000,22.22505235671997,0.8854969254061261,0.0013554869843371842,udd1,7491,0.9497184232,0.0025248290421263082,Approximate: uses total age-cell frequency,0.536862877335904
83,nowork_nowork,0.8735494369031817,N=250000,250000,22.22505235671997,0.8716194687805389,0.001929968122642789,udd1,4499,0.9532856504,0.0031461446377548307,Approximate: uses total age-cell frequency,0.6134390960550573
84,nowork_nowork,0.18430021417264178,N=250000,250000,22.22505235671997,0.18495234420937404,0.0006521300367322569,udd1,1982,0.9549138804,0.004660705990802418,Approximate: uses total age-cell frequency,0.13992086993240738
30,prob_work,0.683114,N=500000,500000,41.27378511428833,0.683829,0.0007150000000000212,udd1,2840,0.7408450704,0.008222128593867357,Uses total age-cell frequency,0.08696044969830788
31,prob_work,0.697318,N=500000,500000,41.27378511428833,0.696873,0.0004450000000000287,udd1,5097,0.7255248185,0.00625058060855109,Uses total age-cell frequency,0.07119338632178387
32,prob_work,0.710717800196811,N=500000,500000,41.27378511428833,0.7108331199897595,0.00011531979294854278,udd1,7282,0.7283713266,0.005212413841895231,Uses total age-cell frequency,0.02212406697673348
33,prob_work,0.7207962619215259,N=500000,500000,41.27378511428833,0.7212743720402254,0.00047811011869947073,udd1,9171,0.7294733399,0.00463875463007704,Uses total age-cell frequency,0.10306863734491822
34,prob_work,0.7286945770924317,N=500000,500000,41.27378511428833,0.7294789014869237,0.000784324394492053,udd1,11180,0.7228980322,0.004232894306220716,Uses total age-cell frequency,0.18529269519897998
35,prob_work,0.7360770942387425,N=500000,500000,41.27378511428833,0.7369026608878697,0.0008255666491272518,udd1,13112,0.7188834655,0.003925888602819013,Uses total age-cell frequency,0.21028784375961343
36,prob_work,0.7426822043058102,N=500000,500000,41.27378511428833,0.7436603621392094,0.0009781578333991625,udd1,17702,0.7478815953,0.0032636796977581362,Uses total age-cell frequency,0.2997101198598232
37,prob_work,0.7488321710106101,N=500000,500000,41.27378511428833,0.7500132646840052,0.0011810936733951394,udd1,22115,0.7633280579,0.0028581533632124284,Uses total age-cell frequency,0.41323663334414157
38,prob_work,0.7552720979424395,N=500000,500000,41.27378511428833,0.7552311333179101,4.096462452940486e-05,udd1,26699,0.7775197573,0.0025453877161882243,Uses total age-cell frequency,0.016093667879701373
39,prob_work,0.7610544984519193,N=500000,500000,41.27378511428833,0.7600280956011948,0.0010264028507245282,udd1,31731,0.7868960953,0.0022988599768867745,Uses total age-cell frequency,0.44648341397222974
40,prob_work,0.7656410739746246,N=500000,500000,41.27378511428833,0.7655733332798598,6.774069476478406e-05,udd1,32214,0.7873905755,0.0022796282744457015,Uses total age-cell frequency,0.029715675807388122
41,prob_work,0.7716942625566149,N=500000,500000,41.27378511428833,0.7716119801621582,8.228239445673413e-05,udd1,32959,0.7841864134,0.0022660111095178944,Uses total age-cell frequency,0.036311558275740376
42,prob_work,0.7764852146353318,N=500000,500000,41.27378511428833,0.7763678719537298,0.00011734268160201733,udd1,33929,0.7889416134,0.002215328879254968,Uses total age-cell frequency,0.05296851528495425
43,prob_work,0.7805726830621637,N=500000,500000,41.27378511428833,0.7807135333327972,0.00014085027063359679,udd1,34810,0.7871588624,0.0021938501947408816,Uses total age-cell frequency,0.06420231927013266
44,prob_work,0.7832809050272809,N=500000,500000,41.27378511428833,0.784895719608658,0.001614814581377133,udd1,35491,0.7868473698,0.0021738595353921033,Uses total age-cell frequency,0.7428329913164633
45,prob_work,0.788499400485657,N=500000,500000,41.27378511428833,0.7889726351041612,0.00047323461850412585,udd1,36530,0.789488092,0.002132977575295862,Uses total age-cell frequency,0.2218657261028561
46,prob_work,0.7925197660762069,N=500000,500000,41.27378511428833,0.7924560472488291,6.37188273777678e-05,udd1,37648,0.7887537187,0.002103750786040311,Uses total age-cell frequency,0.030288201340473244
47,prob_work,0.7963758741965477,N=500000,500000,41.27378511428833,0.7966887878999178,0.00031291370337016566,udd1,38609,0.7876919889,0.002081215868645027,Uses total age-cell frequency,0.15035139222433844
48,prob_work,0.799685708441928,N=500000,500000,41.27378511428833,0.799972259007723,0.00028655056579496296,udd1,39731,0.7834688279,0.002066361617364992,Uses total age-cell frequency,0.13867396848010077
49,prob_work,0.8032175128804004,N=500000,500000,41.27378511428833,0.8029248249974638,0.0002926878829366819,udd1,40045,0.778873767,0.002073860420280879,Uses total age-cell frequency,0.1411319103611809
50,prob_work,0.8053299652411257,N=500000,500000,41.27378511428833,0.8042378775430519,0.0010920876980737848,udd1,40332,0.7723147873,0.002088044301422947,Uses total age-cell frequency,0.5230194097556052
51,prob_work,0.8028278164468545,N=500000,500000,41.27378511428833,0.8025957739657941,0.0002320424810604571,udd1,40778,0.7666633969,0.002094502289083435,Uses total age-cell frequency,0.11078645378898111
52,prob_work,0.7993573643347432,N=500000,500000,41.27378511428833,0.7987324336843784,0.0006249306503648411,udd1,41035,0.7649811137,0.0020931459883932807,Uses total age-cell frequency,0.2985604701392777
53,prob_work,0.7931681288799959,N=500000,500000,41.27378511428833,0.7934820861510491,0.00031395727105321125,udd1,41296,0.7609695854,0.0020987283947791133,Uses total age-cell frequency,0.14959404553453645
54,prob_work,0.7843069008198933,N=500000,500000,41.27378511428833,0.784674223763665,0.0003673229437717307,udd1,42101,0.7576067077,0.0020885073047798696,Uses total age-cell frequency,0.1758782183481263
55,prob_work,0.7745764569859002,N=500000,500000,41.27378511428833,0.7755647564665469,0.000988299480646715,udd1,42583,0.7569922269,0.002078440831126764,Uses total age-cell frequency,0.4755004163919057
56,prob_work,0.7623101377605086,N=500000,500000,41.27378511428833,0.7632594802582918,0.0009493424977832232,udd1,42538,0.7530443368,0.002090890237522,Uses total age-cell frequency,0.4540374624869491
57,prob_work,0.7482070731330379,N=500000,500000,41.27378511428833,0.7489944785071087,0.0007874053740707376,udd1,41686,0.7471813079,0.002128739296911431,Uses total age-cell frequency,0.36989281647272504
58,prob_work,0.7302977784780211,N=500000,500000,41.27378511428833,0.7307244358608406,0.00042665738281943977,udd1,40096,0.7387270551,0.002194010481356121,Uses total age-cell frequency,0.1944646055454221
59,prob_work,0.7105326029274027,N=500000,500000,41.27378511428833,0.7097918840156904,0.0007407189117123458,udd1,38600,0.7272279793,0.002266947946080665,Uses total age-cell frequency,0.32674720784523426
60,prob_work,0.6879530923653737,N=500000,500000,41.27378511428833,0.6855956931966858,0.0023573991686879348,udd1,36987,0.7127909806,0.002352640566524788,Uses total age-cell frequency,1.002022664333369
61,prob_work,0.6601556129674612,N=500000,500000,41.27378511428833,0.6597356701530855,0.00041994281437562897,udd1,35482,0.6865171073,0.0024627966771964926,Uses total age-cell frequency,0.17051460977837113
62,prob_work,0.6295388665308588,N=500000,500000,41.27378511428833,0.6292249382561057,0.0003139282747530725,udd1,34081,0.6530911652,0.0025783295133971025,Uses total age-cell frequency,0.12175646018939346
63,prob_work,0.5973089230446414,N=500000,500000,41.27378511428833,0.5988116141876395,0.0015026911429980583,udd1,32751,0.608439437,0.002697092662546113,Uses total age-cell frequency,0.5571522120339335
64,prob_work,0.561600070701826,N=500000,500000,41.27378511428833,0.5623299199519358,0.0007298492501097709,udd1,31813,0.5374218087,0.002795425401590887,Uses total age-cell frequency,0.2610870065409046
65,prob_work,0.5171135726021885,N=500000,500000,41.27378511428833,0.517231437007302,0.00011786440511352136,udd1,31074,0.4617365,0.0028281079857679146,Uses total age-cell frequency,0.041676062479459285
66,prob_work,0.44519111425180513,N=500000,500000,41.27378511428833,0.44552538654089346,0.0003342722890883332,udd1,30479,0.369729978,0.0027650647198966876,Uses total age-cell frequency,0.12089130741967687
67,prob_work,0.37081809803754834,N=500000,500000,41.27378511428833,0.37107423299844333,0.00025613496089499366,udd1,30295,0.2943389998,0.0026184029670637456,Uses total age-cell frequency,0.09782106273054723
68,prob_work,0.32418304927980346,N=500000,500000,41.27378511428833,0.32468857507409876,0.0005055257942953029,udd1,29842,0.2285369613,0.002430646617745015,Uses total age-cell frequency,0.20797996327590168
69,prob_work,0.2871206121104444,N=500000,500000,41.27378511428833,0.28681176455207874,0.0003088475583656325,udd1,29091,0.1882712867,0.0022920187942329336,Uses total age-cell frequency,0.13474913868190772
70,prob_work,0.25398924232903336,N=500000,500000,41.27378511428833,0.2535312866358486,0.0004579556931847417,udd1,28733,0.1609299412,0.0021678391339006327,Uses total age-cell frequency,0.211249850610794
71,prob_work,0.22186897856648655,N=500000,500000,41.27378511428833,0.2216758657780664,0.00019311278842015778,udd1,28201,0.1363072231,0.0020431809215295735,Uses total age-cell frequency,0.09451575549931672
72,prob_work,0.19425400100628676,N=500000,500000,41.27378511428833,0.19313771804171365,0.001116282964573112,udd1,27755,0.1211313277,0.0019584821378455207,Uses total age-cell frequency,0.5699735233741311
73,prob_work,0.16847668637200017,N=500000,500000,41.27378511428833,0.16780046534436527,0.000676221027634899,udd1,27615,0.1057758465,0.0018507336830483588,Uses total age-cell frequency,0.36537997542741524
74,prob_work,0.14559021242269427,N=500000,500000,41.27378511428833,0.14563273773853128,4.252531583701091e-05,udd1,27541,0.0951672053,0.0017682268125482755,Uses total age-cell frequency,0.024049695172151397
75,prob_work,0.12481869460112813,N=500000,500000,41.27378511428833,0.12457173648270489,0.000246958118423235,udd1,27329,0.085733104,0.0016935534234307523,Uses total age-cell frequency,0.14582245532175436
76,prob_work,0.10792839169546582,N=500000,500000,41.27378511428833,0.10751288990336536,0.0004155017921004672,udd1,25186,0.0762725324,0.0016725396125979084,Uses total age-cell frequency,0.24842568090514763
77,prob_work,0.09289194276091244,N=500000,500000,41.27378511428833,0.0932165494225829,0.0003246066616704596,udd1,22442,0.0706710632,0.001710703577368741,Uses total age-cell frequency,0.1897503845579969
78,prob_work,0.08041372506511582,N=500000,500000,41.27378511428833,0.080256574888502,0.00015715017661381558,udd1,19392,0.0636344884,0.001752902182840434,Uses total age-cell frequency,0.08965142387989193
79,prob_work,0.07183755191314604,N=500000,500000,41.27378511428833,0.07151689038049786,0.0003206615326481893,udd1,16359,0.0566660554,0.0018076562448152392,Uses total age-cell frequency,0.17739076971515907
80,prob_work,0.0632582685300236,N=500000,500000,41.27378511428833,0.06333574662212259,7.747809209898704e-05,udd1,13610,0.0522409993,0.001907329096678725,Uses total age-cell frequency,0.04062125001600478
81,prob_work,0.0601874179211895,N=500000,500000,41.27378511428833,0.0601730461839719,1.4371737217598601e-05,udd1,11239,0.0477800516,0.0020120006158682985,Uses total age-cell frequency,0.007143008359068686
82,prob_work,0.06351053016104952,N=500000,500000,41.27378511428833,0.06397020451654764,0.0004596743554981242,udd1,7491,0.0392470965,0.0022435704994076444,Uses total age-cell frequency,0.2048851844056111
83,prob_work,0.07668975430700715,N=500000,500000,41.27378511428833,0.07691797767945924,0.00022822337245208268,udd1,4499,0.0384529896,0.002866766492096879,Uses total age-cell frequency,0.07961003209757418
84,prob_work,0.8021673410539044,N=500000,500000,41.27378511428833,0.799192605624801,0.0029747354291034256,udd1,1982,0.0363269425,0.004202690968497573,Uses total age-cell frequency,0.7078168372124845
30,hours_0,0.316886,N=500000,500000,41.27378511428833,0.316171,0.0007150000000000212,udd1,2840,0.2591549296,0.008222128593867357,Uses total age-cell frequency,0.08696044969830788
31,hours_0,0.302682,N=500000,500000,41.27378511428833,0.303127,0.0004449999999999732,udd1,5097,0.2744751815,0.00625058060855109,Uses total age-cell frequency,0.07119338632177499
32,hours_0,0.289282199803189,N=500000,500000,41.27378511428833,0.2891668800102405,0.00011531979294848727,udd1,7282,0.2716286734,0.005212413841895232,Uses total age-cell frequency,0.022124066976722825
33,hours_0,0.27920373807847404,N=500000,500000,41.27378511428833,0.27872562795977457,0.00047811011869947073,udd1,9171,0.2705266601,0.00463875463007704,Uses total age-cell frequency,0.10306863734491822
34,hours_0,0.2713054229075683,N=500000,500000,41.27378511428833,0.2705210985130762,0.0007843243944921086,udd1,11180,0.2771019678,0.004232894306220716,Uses total age-cell frequency,0.1852926951989931
35,hours_0,0.2639229057612576,N=500000,500000,41.27378511428833,0.2630973391121303,0.0008255666491273073,udd1,13112,0.2811165345,0.003925888602819014,Uses total age-cell frequency,0.21028784375962753
36,hours_0,0.2573177956941898,N=500000,500000,41.27378511428833,0.25633963786079067,0.000978157833399107,udd1,17702,0.2521184047,0.0032636796977581362,Uses total age-cell frequency,0.29971011985980617
37,hours_0,0.25116782898938994,N=500000,500000,41.27378511428833,0.2499867353159948,0.0011810936733951394,udd1,22115,0.2366719421,0.0028581533632124284,Uses total age-cell frequency,0.41323663334414157
38,hours_0,0.24472790205756043,N=500000,500000,41.27378511428833,0.24476886668208991,4.0964624529488125e-05,udd1,26699,0.2224802427,0.0025453877161882243,Uses total age-cell frequency,0.016093667879734087
39,hours_0,0.23894550154808067,N=500000,500000,41.27378511428833,0.23997190439880522,0.001026402850724556,udd1,31731,0.2131039047,0.0022988599768867745,Uses total age-cell frequency,0.4464834139722418
40,hours_0,0.23435892602537545,N=500000,500000,41.27378511428833,0.2344266667201402,6.77406947647563e-05,udd1,32214,0.2126094245,0.002279628274445702,Uses total age-cell frequency,0.02971567580737594
41,hours_0,0.22830573744338511,N=500000,500000,41.27378511428833,0.2283880198378418,8.228239445667862e-05,udd1,32959,0.2158135866,0.0022660111095178944,Uses total age-cell frequency,0.03631155827571588
42,hours_0,0.22351478536466818,N=500000,500000,41.27378511428833,0.22363212804627017,0.00011734268160198957,udd1,33929,0.2110583866,0.0022153288792549682,Uses total age-cell frequency,0.05296851528494171
43,hours_0,0.21942731693783638,N=500000,500000,41.27378511428833,0.21928646666720272,0.0001408502706336523,udd1,34810,0.2128411376,0.0021938501947408816,Uses total age-cell frequency,0.06420231927015796
44,hours_0,0.21671909497271916,N=500000,500000,41.27378511428833,0.21510428039134202,0.001614814581377133,udd1,35491,0.2131526302,0.0021738595353921033,Uses total age-cell frequency,0.7428329913164633
45,hours_0,0.211500599514343,N=500000,500000,41.27378511428833,0.2110273648958389,0.0004732346185040981,udd1,36530,0.210511908,0.0021329775752958625,Uses total age-cell frequency,0.22186572610284305
46,hours_0,0.20748023392379314,N=500000,500000,41.27378511428833,0.20754395275117082,6.371882737768453e-05,udd1,37648,0.2112462813,0.002103750786040311,Uses total age-cell frequency,0.030288201340433665
47,hours_0,0.20362412580345232,N=500000,500000,41.27378511428833,0.20331121210008216,0.00031291370337016566,udd1,38609,0.2123080111,0.002081215868645027,Uses total age-cell frequency,0.15035139222433844
48,hours_0,0.20031429155807204,N=500000,500000,41.27378511428833,0.20002774099227708,0.00028655056579496296,udd1,39731,0.2165311721,0.002066361617364992,Uses total age-cell frequency,0.13867396848010077
49,hours_0,0.1967824871195995,N=500000,500000,41.27378511428833,0.19707517500253627,0.0002926878829367652,udd1,40045,0.221126233,0.002073860420280879,Uses total age-cell frequency,0.14113191036122102
50,hours_0,0.1946700347588743,N=500000,500000,41.27378511428833,0.1957621224569481,0.0010920876980738126,udd1,40332,0.2276852127,0.002088044301422947,Uses total age-cell frequency,0.5230194097556184
51,hours_0,0.19717218355314545,N=500000,500000,41.27378511428833,0.1974042260342059,0.0002320424810604571,udd1,40778,0.2333366031,0.002094502289083435,Uses total age-cell frequency,0.11078645378898111
52,hours_0,0.20064263566525678,N=500000,500000,41.27378511428833,0.20126756631562157,0.0006249306503647856,udd1,41035,0.2350188863,0.0020931459883932807,Uses total age-cell frequency,0.29856047013925124
53,hours_0,0.20683187112000412,N=500000,500000,41.27378511428833,0.20651791384895093,0.0003139572710531835,udd1,41296,0.2390304146,0.0020987283947791133,Uses total age-cell frequency,0.1495940455345232
54,hours_0,0.21569309918010673,N=500000,500000,41.27378511428833,0.21532577623633503,0.00036732294377170294,udd1,42101,0.2423932923,0.0020885073047798696,Uses total age-cell frequency,0.175878218348113
55,hours_0,0.22542354301409984,N=500000,500000,41.27378511428833,0.22443524353345315,0.0009882994806466872,udd1,42583,0.2430077731,0.002078440831126764,Uses total age-cell frequency,0.47550041639189233
56,hours_0,0.23768986223949135,N=500000,500000,41.27378511428833,0.23674051974170815,0.0009493424977831955,udd1,42538,0.2469556632,0.002090890237522,Uses total age-cell frequency,0.45403746248693583
57,hours_0,0.2517929268669621,N=500000,500000,41.27378511428833,0.2510055214928914,0.0007874053740706821,udd1,41686,0.2528186921,0.0021287392969114314,Uses total age-cell frequency,0.3698928164726989
58,hours_0,0.26970222152197887,N=500000,500000,41.27378511428833,0.26927556413915943,0.00042665738281943977,udd1,40096,0.2612729449,0.002194010481356121,Uses total age-cell frequency,0.1944646055454221
59,hours_0,0.2894673970725973,N=500000,500000,41.27378511428833,0.2902081159843096,0.0007407189117123458,udd1,38600,0.2727720207,0.0022669479460806653,Uses total age-cell frequency,0.32674720784523414
60,hours_0,0.31204690763462634,N=500000,500000,41.27378511428833,0.3144043068033142,0.0023573991686878792,udd1,36987,0.2872090194,0.002352640566524788,Uses total age-cell frequency,1.0020226643333454
61,hours_0,0.33984438703253883,N=500000,500000,41.27378511428833,0.3402643298469144,0.00041994281437557346,udd1,35482,0.3134828927,0.002462796677196493,Uses total age-cell frequency,0.17051460977834856
62,hours_0,0.3704611334691412,N=500000,500000,41.27378511428833,0.37077506174389435,0.000313928274753128,udd1,34081,0.3469088348,0.0025783295133971025,Uses total age-cell frequency,0.12175646018941498
63,hours_0,0.40269107695535855,N=500000,500000,41.27378511428833,0.4011883858123605,0.0015026911429980583,udd1,32751,0.391560563,0.002697092662546113,Uses total age-cell frequency,0.5571522120339335
64,hours_0,0.4383999292981739,N=500000,500000,41.27378511428833,0.4376700800480642,0.0007298492501097154,udd1,31813,0.4625781913,0.002795425401590887,Uses total age-cell frequency,0.26108700654088474
65,hours_0,0.48288642739781146,N=500000,500000,41.27378511428833,0.48276856299269794,0.00011786440511352136,udd1,31074,0.5382635,0.0028281079857679146,Uses total age-cell frequency,0.041676062479459285
66,hours_0,0.5548088857481949,N=500000,500000,41.27378511428833,0.5544746134591065,0.0003342722890883332,udd1,30479,0.630270022,0.0027650647198966876,Uses total age-cell frequency,0.12089130741967687
67,hours_0,0.6291819019624516,N=500000,500000,41.27378511428833,0.6289257670015567,0.00025613496089493815,udd1,30295,0.7056610002,0.0026184029670637456,Uses total age-cell frequency,0.09782106273052603
68,hours_0,0.6758169507201965,N=500000,500000,41.27378511428833,0.6753114249259012,0.0005055257942953029,udd1,29842,0.7714630387,0.002430646617745015,Uses total age-cell frequency,0.20797996327590168
69,hours_0,0.7128793878895556,N=500000,500000,41.27378511428833,0.7131882354479213,0.000308847558365688,udd1,29091,0.8117287133,0.0022920187942329336,Uses total age-cell frequency,0.13474913868193195
70,hours_0,0.7460107576709667,N=500000,500000,41.27378511428833,0.7464687133641514,0.0004579556931847417,udd1,28733,0.8390700588,0.0021678391339006327,Uses total age-cell frequency,0.211249850610794
71,hours_0,0.7781310214335134,N=500000,500000,41.27378511428833,0.7783241342219336,0.00019311278842015778,udd1,28201,0.8636927769,0.0020431809215295735,Uses total age-cell frequency,0.09451575549931672
72,hours_0,0.8057459989937132,N=500000,500000,41.27378511428833,0.8068622819582864,0.001116282964573112,udd1,27755,0.8788686723,0.0019584821378455207,Uses total age-cell frequency,0.5699735233741311
73,hours_0,0.8315233136279998,N=500000,500000,41.27378511428833,0.8321995346556348,0.0006762210276349823,udd1,27615,0.8942241535,0.001850733683048359,Uses total age-cell frequency,0.36537997542746015
74,hours_0,0.8544097875773057,N=500000,500000,41.27378511428833,0.8543672622614688,4.2525315836927646e-05,udd1,27541,0.9048327947,0.0017682268125482755,Uses total age-cell frequency,0.024049695172104306
75,hours_0,0.8751813053988718,N=500000,500000,41.27378511428833,0.8754282635172951,0.000246958118423235,udd1,27329,0.914266896,0.0016935534234307523,Uses total age-cell frequency,0.14582245532175436
76,hours_0,0.8920716083045341,N=500000,500000,41.27378511428833,0.8924871100966346,0.0004155017921004811,udd1,25186,0.9237274676,0.0016725396125979082,Uses total age-cell frequency,0.24842568090515596
77,hours_0,0.9071080572390876,N=500000,500000,41.27378511428833,0.9067834505774172,0.0003246066616704457,udd1,22442,0.9293289368,0.0017107035773687416,Uses total age-cell frequency,0.1897503845579887
78,hours_0,0.9195862749348842,N=500000,500000,41.27378511428833,0.919743425111498,0.00015715017661377395,udd1,19392,0.9363655116,0.0017529021828404337,Uses total age-cell frequency,0.0896514238798682
79,hours_0,0.928162448086854,N=500000,500000,41.27378511428833,0.9284831096195022,0.0003206615326482032,udd1,16359,0.9433339446,0.0018076562448152398,Uses total age-cell frequency,0.17739076971516668
80,hours_0,0.9367417314699764,N=500000,500000,41.27378511428833,0.9366642533778774,7.74780920990148e-05,udd1,13610,0.9477590007,0.0019073290966787255,Uses total age-cell frequency,0.04062125001601932
81,hours_0,0.9398125820788105,N=500000,500000,41.27378511428833,0.9398269538160281,1.4371737217633296e-05,udd1,11239,0.9522199484,0.002012000615868298,Uses total age-cell frequency,0.007143008359085931
82,hours_0,0.9364894698389504,N=500000,500000,41.27378511428833,0.9360297954834523,0.00045967435549809643,udd1,7491,0.9607529035,0.002243570499407645,Uses total age-cell frequency,0.20488518440559866
83,hours_0,0.9233102456929928,N=500000,500000,41.27378511428833,0.9230820223205407,0.00022822337245209656,udd1,4499,0.9615470104,0.0028667664920968786,Uses total age-cell frequency,0.07961003209757904
84,hours_0,0.19783265894609553,N=500000,500000,41.27378511428833,0.200807394375199,0.002974735429103481,udd1,1982,0.9636730575,0.004202690968497574,Uses total age-cell frequency,0.7078168372124976
30,hours_1,0.093298,N=500000,500000,41.27378511428833,0.094294,0.0009959999999999969,udd1,2840,0.1183098592,0.006060511657851703,Uses total age-cell frequency,0.1643425598744007
31,hours_1,0.085364,N=500000,500000,41.27378511428833,0.085412,4.800000000000637e-05,udd1,5097,0.1071218364,0.004331893678080904,Uses total age-cell frequency,0.011080604365449505
32,hours_1,0.08384669541494323,N=500000,500000,41.27378511428833,0.08316299182360753,0.0006837035913356965,udd1,7282,0.1038176325,0.0035744433669348003,Uses total age-cell frequency,0.19127554171378416
33,hours_1,0.08240654803814888,N=500000,500000,41.27378511428833,0.08218109444775044,0.00022545359039843893,udd1,9171,0.1065314579,0.0032215896517352335,Uses total age-cell frequency,0.06998209417422348
34,hours_1,0.08170271335431249,N=500000,500000,41.27378511428833,0.08203337951316125,0.00033066615884876083,udd1,11180,0.0989266547,0.002823682298947707,Uses total age-cell frequency,0.11710459033298086
35,hours_1,0.08073004210088204,N=500000,500000,41.27378511428833,0.08153246171146836,0.0008024196105863163,udd1,13112,0.0928920073,0.0025350364040468225,Uses total age-cell frequency,0.31653178995984765
36,hours_1,0.0797091296306675,N=500000,500000,41.27378511428833,0.08040699379221379,0.0006978641615462966,udd1,17702,0.0856400407,0.0021032256234948215,Uses total age-cell frequency,0.33180660873971846
37,hours_1,0.07991694548396075,N=500000,500000,41.27378511428833,0.07965317606590495,0.00026376941805579535,udd1,22115,0.0814379381,0.0018391797011797866,Uses total age-cell frequency,0.1434168819319798
38,hours_1,0.07966837061726813,N=500000,500000,41.27378511428833,0.07878873462307698,0.0008796359941911497,udd1,26699,0.0749840818,0.0016118018295973031,Uses total age-cell frequency,0.5457469882702145
39,hours_1,0.07879279766735804,N=500000,500000,41.27378511428833,0.07868070912335512,0.00011208854400292234,udd1,31731,0.0734612839,0.0014646004502355855,Uses total age-cell frequency,0.07653182407863698
40,hours_1,0.078296111063206,N=500000,500000,41.27378511428833,0.07756136590139345,0.0007347451618125445,udd1,32214,0.0723288011,0.001443212702723746,Uses total age-cell frequency,0.5091038628096016
41,hours_1,0.07764843284375797,N=500000,500000,41.27378511428833,0.07751727985182821,0.00013115299192975605,udd1,32959,0.068630723,0.0013926219231663126,Uses total age-cell frequency,0.09417702662009093
42,hours_1,0.07744064463908767,N=500000,500000,41.27378511428833,0.0771269919368605,0.0003136527022271768,udd1,33929,0.0686138701,0.0013724145421682345,Uses total age-cell frequency,0.22854078894533333
43,hours_1,0.07636913389879235,N=500000,500000,41.27378511428833,0.07660090699301261,0.00023177309422026116,udd1,34810,0.0652398736,0.0013235935225971284,Uses total age-cell frequency,0.17510896681141253
44,hours_1,0.07567386977251549,N=500000,500000,41.27378511428833,0.07561095620797113,6.291356454435348e-05,udd1,35491,0.0657631512,0.001315711546537924,Uses total age-cell frequency,0.04781714100624872
45,hours_1,0.07473676786200087,N=500000,500000,41.27378511428833,0.07539174388367728,0.0006549760216764122,udd1,36530,0.062168081,0.001263343353061447,Uses total age-cell frequency,0.5184465648940295
46,hours_1,0.07452991246019543,N=500000,500000,41.27378511428833,0.07457994426833525,5.0031808139824885e-05,udd1,37648,0.0624734382,0.0012472931563161074,Uses total age-cell frequency,0.04011230871144545
47,hours_1,0.0741884626268343,N=500000,500000,41.27378511428833,0.07401063314829917,0.00017782947853513253,udd1,38609,0.0610738429,0.0012187063281124406,Uses total age-cell frequency,0.14591659568270132
48,hours_1,0.07430808267974055,N=500000,500000,41.27378511428833,0.07350755486439312,0.0008005278153474377,udd1,39731,0.0571845662,0.001164898293518894,Uses total age-cell frequency,0.687208333810177
49,hours_1,0.07340458560520127,N=500000,500000,41.27378511428833,0.07369179263467586,0.0002872070294745871,udd1,40045,0.0590585591,0.0011780089024832003,Uses total age-cell frequency,0.24380718080242436
50,hours_1,0.07320719258531586,N=500000,500000,41.27378511428833,0.07363055485508366,0.0004233622697678019,udd1,40332,0.0581176237,0.001165003903383576,Uses total age-cell frequency,0.3633998723422392
51,hours_1,0.07336293166212222,N=500000,500000,41.27378511428833,0.07375321795427318,0.0003902862921509598,udd1,40778,0.0571386532,0.0011494126035636256,Uses total age-cell frequency,0.3395528211026403
52,hours_1,0.07389082965859725,N=500000,500000,41.27378511428833,0.07344031363983569,0.0004505160187615598,udd1,41035,0.057779944,0.0011518276815362333,Uses total age-cell frequency,0.39113143917559845
53,hours_1,0.07421887024780668,N=500000,500000,41.27378511428833,0.07430048315424101,8.161290643432517e-05,udd1,41296,0.0593762108,0.0011629478093617745,Uses total age-cell frequency,0.07017761741097764
54,hours_1,0.07488399776748478,N=500000,500000,41.27378511428833,0.07520368738003246,0.00031968961254767725,udd1,42101,0.0570057718,0.001129972115609378,Uses total age-cell frequency,0.28291814296255724
55,hours_1,0.07603401167781154,N=500000,500000,41.27378511428833,0.07544873399003571,0.0005852776877758314,udd1,42583,0.0551393749,0.001106105794570444,Uses total age-cell frequency,0.529133551825505
56,hours_1,0.07679473060859808,N=500000,500000,41.27378511428833,0.07668143174130924,0.00011329886728883576,udd1,42538,0.0563496168,0.0011180533065796494,Uses total age-cell frequency,0.10133583669229497
57,hours_1,0.07751458776256928,N=500000,500000,41.27378511428833,0.07732073942897238,0.00019384833359689657,udd1,41686,0.0563258648,0.0011291973440931066,Uses total age-cell frequency,0.17166913702988043
58,hours_1,0.0788572028780001,N=500000,500000,41.27378511428833,0.07865339638711494,0.00020380649088516667,udd1,40096,0.0542946927,0.0011316342366709572,Uses total age-cell frequency,0.18009926200600365
59,hours_1,0.07964624222217054,N=500000,500000,41.27378511428833,0.07965782260937214,1.1580387201601261e-05,udd1,38600,0.0550518135,0.0011609036069908578,Uses total age-cell frequency,0.009975321923254614
60,hours_1,0.0814113168500859,N=500000,500000,41.27378511428833,0.08094524836828831,0.000466068481797588,udd1,36987,0.0578581664,0.001213992275733719,Uses total age-cell frequency,0.38391387747166933
61,hours_1,0.0816109761645223,N=500000,500000,41.27378511428833,0.08129553596046746,0.00031544020405484263,udd1,35482,0.0615523364,0.0012759194392775028,Uses total age-cell frequency,0.24722579995604002
62,hours_1,0.08164060555022763,N=500000,500000,41.27378511428833,0.08149436458443816,0.0001462409657894681,udd1,34081,0.0618233033,0.001304554595963407,Uses total age-cell frequency,0.11210030323144114
63,hours_1,0.08068203675532008,N=500000,500000,41.27378511428833,0.08124096500074848,0.0005589282454284,udd1,32751,0.0672651217,0.0013840819088407554,Uses total age-cell frequency,0.40382598880765164
64,hours_1,0.07968537687387457,N=500000,500000,41.27378511428833,0.07979846618720292,0.00011308931332834615,udd1,31813,0.0708515387,0.001438516628452891,Uses total age-cell frequency,0.07861522841760438
65,hours_1,0.08205707132238703,N=500000,500000,41.27378511428833,0.0818110498447729,0.00024602147761412785,udd1,31074,0.0767200875,0.0015098112513191968,Uses total age-cell frequency,0.16294849929033625
66,hours_1,0.12628760905607045,N=500000,500000,41.27378511428833,0.1268823242380981,0.0005947151820276386,udd1,30479,0.0778568851,0.0015347841985944811,Uses total age-cell frequency,0.38749107696851753
67,hours_1,0.11967760543667365,N=500000,500000,41.27378511428833,0.11935296719456363,0.0003246382421100147,udd1,30295,0.0827859383,0.0015831722227347964,Uses total age-cell frequency,0.20505554446201027
68,hours_1,0.11038031330360834,N=500000,500000,41.27378511428833,0.11034090683576399,3.940646784435231e-05,udd1,29842,0.0816634274,0.0015852610123329443,Uses total age-cell frequency,0.024858031288084167
69,hours_1,0.10150863247924233,N=500000,500000,41.27378511428833,0.10092951228237397,0.0005791201968683574,udd1,29091,0.07679351,0.0015611058760430082,Uses total age-cell frequency,0.3709679181634204
70,hours_1,0.0936140582428167,N=500000,500000,41.27378511428833,0.09325191158053492,0.0003621466622817787,udd1,28733,0.0722862214,0.0015277218102385834,Uses total age-cell frequency,0.2370501356036951
71,hours_1,0.08450651833739618,N=500000,500000,41.27378511428833,0.08468304579397791,0.00017652745658172653,udd1,28201,0.0690046452,0.0015093177043471182,Uses total age-cell frequency,0.1169584482268341
72,hours_1,0.07699364209734554,N=500000,500000,41.27378511428833,0.07614824296729755,0.000845399130047983,udd1,27755,0.0658259773,0.001488476338116762,Uses total age-cell frequency,0.5679627605754163
73,hours_1,0.06945151313471401,N=500000,500000,41.27378511428833,0.0690647725968511,0.0003867405378629035,udd1,27615,0.059967409,0.0014287510877519466,Uses total age-cell frequency,0.270684334855987
74,hours_1,0.06155955902124227,N=500000,500000,41.27378511428833,0.06197446529489064,0.00041490627364836746,udd1,27541,0.0567880614,0.0013945796178282007,Uses total age-cell frequency,0.29751350754323164
75,hours_1,0.054491650226458084,N=500000,500000,41.27378511428833,0.05439970891274187,9.194131371621089e-05,udd1,27329,0.0530206008,0.0013554413103115037,Uses total age-cell frequency,0.06783127606984414
76,hours_1,0.048457527605399155,N=500000,500000,41.27378511428833,0.04866172685797618,0.00020419925257702393,udd1,25186,0.0495116334,0.0013669336362937621,Uses total age-cell frequency,0.14938490586176512
77,hours_1,0.04313043895908192,N=500000,500000,41.27378511428833,0.04358538810592783,0.00045494914684591353,udd1,22442,0.0462971215,0.0014026611314735453,Uses total age-cell frequency,0.3243471545889158
78,hours_1,0.037643074158207106,N=500000,500000,41.27378511428833,0.0380011522636329,0.0003580781054257909,udd1,19392,0.0436262376,0.001466818589881631,Uses total age-cell frequency,0.24411887597817192
79,hours_1,0.03414290858991175,N=500000,500000,41.27378511428833,0.034203371307731295,6.04627178195441e-05,udd1,16359,0.03973348,0.0015271996622671755,Uses total age-cell frequency,0.03959057830708613
80,hours_1,0.029709467100395102,N=500000,500000,41.27378511428833,0.029938155840304247,0.00022868873990914557,udd1,13610,0.0368846436,0.0016155964375791274,Uses total age-cell frequency,0.14155065868542127
81,hours_1,0.02750428479214121,N=500000,500000,41.27378511428833,0.027679601244627077,0.0001753164524858665,udd1,11239,0.0344336685,0.0017199620651680767,Uses total age-cell frequency,0.10193041813903865
82,hours_1,0.027921603506877165,N=500000,500000,41.27378511428833,0.02794616335528574,2.4559848408576418e-05,udd1,7491,0.0288346015,0.0019334532639831167,Uses total age-cell frequency,0.012702581886039776
83,hours_1,0.040351320016941396,N=500000,500000,41.27378511428833,0.0398639127022652,0.000487407314676197,udd1,4499,0.0295621249,0.0025251878805889133,Uses total age-cell frequency,0.19301823774099772
84,hours_1,0.2003162643597972,N=500000,500000,41.27378511428833,0.19952216383551838,0.0007941005242788346,udd1,1982,0.0277497477,0.003689493305175329,Uses total age-cell frequency,0.21523294897023754
30,hours_2,0.082704,N=500000,500000,41.27378511428833,0.082324,0.00038000000000000533,udd1,2840,0.1080985915,0.005826520414997181,Uses total age-cell frequency,0.06521902832810879
31,hours_2,0.078256,N=500000,500000,41.27378511428833,0.07898,0.0007239999999999885,udd1,5097,0.0980969198,0.004166297746094687,Uses total age-cell frequency,0.1737753862355699
32,hours_2,0.07773035289976239,N=500000,500000,41.27378511428833,0.07759972478678977,0.000130628112972625,udd1,7282,0.0961274375,0.0034542355305845944,Uses total age-cell frequency,0.0378167938509154
33,hours_2,0.07817000576073738,N=500000,500000,41.27378511428833,0.07768948808089092,0.00048051767984645666,udd1,9171,0.0858139788,0.0029247446870282142,Uses total age-cell frequency,0.16429388930173694
34,hours_2,0.07722546868029312,N=500000,500000,41.27378511428833,0.07759711517782568,0.00037164649753256007,udd1,11180,0.081216458,0.002583495589090335,Uses total age-cell frequency,0.1438541250474591
35,hours_2,0.07714226256223086,N=500000,500000,41.27378511428833,0.0771153238167273,2.6938745503565786e-05,udd1,13112,0.0790115924,0.00235579783838509,Uses total age-cell frequency,0.011435083717553803
36,hours_2,0.07718913379396482,N=500000,500000,41.27378511428833,0.07655802623822967,0.0006311075557351442,udd1,17702,0.07631906,0.001995567071818575,Uses total age-cell frequency,0.31625474515372276
37,hours_2,0.07616467540060588,N=500000,500000,41.27378511428833,0.07647065301288526,0.0003059776122793789,udd1,22115,0.0699525209,0.001715184222470771,Uses total age-cell frequency,0.17839343918323222
38,hours_2,0.0759526632908147,N=500000,500000,41.27378511428833,0.07581925962425375,0.00013340366656094949,udd1,26699,0.0680175287,0.0015408728347377878,Uses total age-cell frequency,0.08657668793521885
39,hours_2,0.07629182072323924,N=500000,500000,41.27378511428833,0.07593527591102793,0.0003565448122113124,udd1,31731,0.0629037849,0.001362977231911488,Uses total age-cell frequency,0.2615926398941244
40,hours_2,0.07561698995931185,N=500000,500000,41.27378511428833,0.07577267595635757,0.0001556859970457264,udd1,32214,0.0626435711,0.001350107369104211,Uses total age-cell frequency,0.11531378956106521
41,hours_2,0.07549922439863302,N=500000,500000,41.27378511428833,0.07576446225020844,0.0002652378515754228,udd1,32959,0.0602263418,0.0013104421779777853,Uses total age-cell frequency,0.20240332311703044
42,hours_2,0.07583788419553678,N=500000,500000,41.27378511428833,0.0759190272017994,8.114300626262116e-05,udd1,33929,0.0575319049,0.0012641603819396497,Uses total age-cell frequency,0.0641872719805697
43,hours_2,0.07525135048742192,N=500000,500000,41.27378511428833,0.07525609687457284,4.746387150922349e-06,udd1,34810,0.0554151106,0.0012262600718364065,Uses total age-cell frequency,0.0038706203194028136
44,hours_2,0.07505600067623458,N=500000,500000,41.27378511428833,0.075206452735983,0.0001504520597484238,udd1,35491,0.0567467809,0.0012280771334046918,Uses total age-cell frequency,0.12251026882270342
45,hours_2,0.0751539089342751,N=500000,500000,41.27378511428833,0.07475902952902073,0.0003948794052543586,udd1,36530,0.0545305229,0.0011880063212054033,Uses total age-cell frequency,0.33238830316466383
46,hours_2,0.0746994224552312,N=500000,500000,41.27378511428833,0.07514291075871336,0.00044348830348216184,udd1,37648,0.0524065023,0.001148504413959016,Uses total age-cell frequency,0.3861441872508011
47,hours_2,0.07439058899624044,N=500000,500000,41.27378511428833,0.07490902402816642,0.0005184350319259734,udd1,38609,0.0495221321,0.0011041457238933944,Uses total age-cell frequency,0.46953497233851393
48,hours_2,0.07431820805210111,N=500000,500000,41.27378511428833,0.07411400940358892,0.00020419864851219105,udd1,39731,0.0501623417,0.0010950875591040489,Uses total age-cell frequency,0.18646787356369673
49,hours_2,0.07420815214193095,N=500000,500000,41.27378511428833,0.07404788475195292,0.0001602673899780277,udd1,40045,0.0498439256,0.0010875004494888488,Uses total age-cell frequency,0.14737225171112084
50,hours_2,0.0739027768455864,N=500000,500000,41.27378511428833,0.07357157964094263,0.00033119720464376556,udd1,40332,0.0478528216,0.0010628719319140307,Uses total age-cell frequency,0.31160593736570147
51,hours_2,0.07322221383806846,N=500000,500000,41.27378511428833,0.07296306680600514,0.0002591470320633116,udd1,40778,0.0466673206,0.0010445174812094254,Uses total age-cell frequency,0.24810214929409372
52,hours_2,0.07241616283921427,N=500000,500000,41.27378511428833,0.07207314990638457,0.000343012932829706,udd1,41035,0.0463750457,0.0010381348248745675,Uses total age-cell frequency,0.3304127022914875
53,hours_2,0.0714319429480273,N=500000,500000,41.27378511428833,0.07124601261803112,0.0001859303299961701,udd1,41296,0.0447985277,0.0010179474729707025,Uses total age-cell frequency,0.18265218484561369
54,hours_2,0.06987319560664071,N=500000,500000,41.27378511428833,0.06954925156730128,0.00032394403933942717,udd1,42101,0.0450345597,0.0010106960822572613,Uses total age-cell frequency,0.3205157762320987
55,hours_2,0.06898926741692021,N=500000,500000,41.27378511428833,0.06847911285202274,0.0005101545648974748,udd1,42583,0.0444543597,0.0009987683465998794,Uses total age-cell frequency,0.5107836733454768
56,hours_2,0.06718889604587862,N=500000,500000,41.27378511428833,0.0668812173291559,0.00030767871672271463,udd1,42538,0.0444778786,0.0009995485006794248,Uses total age-cell frequency,0.3078176962034115
57,hours_2,0.06620776649555371,N=500000,500000,41.27378511428833,0.0651354478172979,0.0010723186782558153,udd1,41686,0.0428201315,0.0009915752182179296,Uses total age-cell frequency,1.0814294856854114
58,hours_2,0.06350506801113387,N=500000,500000,41.27378511428833,0.06350116519271626,3.902818417611531e-06,udd1,40096,0.0431464485,0.0010147165381913371,Uses total age-cell frequency,0.0038462154411793054
59,hours_2,0.06141921734368756,N=500000,500000,41.27378511428833,0.06140526119406929,1.395614961827163e-05,udd1,38600,0.043238342,0.0010352440549919332,Uses total age-cell frequency,0.013481023678402461
60,hours_2,0.05940952417450696,N=500000,500000,41.27378511428833,0.059211093616763064,0.00019843055774389912,udd1,36987,0.0436369535,0.0010622189651592572,Uses total age-cell frequency,0.18680758323134314
61,hours_2,0.05611250826130619,N=500000,500000,41.27378511428833,0.05681085471084967,0.0006983464495434813,udd1,35482,0.0432331887,0.0010797112821044473,Uses total age-cell frequency,0.6467899901743601
62,hours_2,0.053209706295583505,N=500000,500000,41.27378511428833,0.05319174266053954,1.7963635043964643e-05,udd1,34081,0.0443942373,0.0011156976413512737,Uses total age-cell frequency,0.016100809375386008
63,hours_2,0.04974514329678784,N=500000,500000,41.27378511428833,0.05031736544611999,0.000572222149332148,udd1,32751,0.0475710665,0.0011761844992375157,Uses total age-cell frequency,0.48650713361985476
64,hours_2,0.047122767092718815,N=500000,500000,41.27378511428833,0.047126530720432575,3.7636277137598206e-06,udd1,31813,0.0463018263,0.0011781544377581718,Uses total age-cell frequency,0.0031945113417569996
65,hours_2,0.04630087071210614,N=500000,500000,41.27378511428833,0.04649548846804601,0.0001946177559398743,udd1,31074,0.0473064298,0.0012043095298290424,Uses total age-cell frequency,0.16160110928251248
66,hours_2,0.047484122885693834,N=500000,500000,41.27378511428833,0.047592900576598894,0.00010877769090505973,udd1,30479,0.0360904229,0.0010683505457980311,Uses total age-cell frequency,0.10181835103927009
67,hours_2,0.03993390313914125,N=500000,500000,41.27378511428833,0.040374065840642896,0.0004401627015016493,udd1,30295,0.0384221819,0.0011043271554883596,Uses total age-cell frequency,0.3985799853911941
68,hours_2,0.03445545571964769,N=500000,500000,41.27378511428833,0.03438836272963612,6.709299001157049e-05,udd1,29842,0.0315997587,0.0010126406675504552,Uses total age-cell frequency,0.06625547655899129
69,hours_2,0.030274921690486553,N=500000,500000,41.27378511428833,0.029828537607750807,0.0004463840827357464,udd1,29091,0.0279811626,0.0009669207788116671,Uses total age-cell frequency,0.46165527985068905
70,hours_2,0.026015901167233988,N=500000,500000,41.27378511428833,0.025701923158523887,0.00031397800871010156,udd1,28733,0.0253019177,0.0009264485133560915,Uses total age-cell frequency,0.3389049733295005
71,hours_2,0.021959245822039595,N=500000,500000,41.27378511428833,0.02203573402465048,7.648820261088596e-05,udd1,28201,0.0194673948,0.0008227211912272667,Uses total age-cell frequency,0.0929697732676452
72,hours_2,0.018855170941691275,N=500000,500000,41.27378511428833,0.018737364501742303,0.00011780643994897116,udd1,27755,0.0192037471,0.0008237810021588854,Uses total age-cell frequency,0.14300698807114448
73,hours_2,0.015939135314306595,N=500000,500000,41.27378511428833,0.015576254916895339,0.00036288039741125613,udd1,27615,0.0164403404,0.0007652145741357449,Uses total age-cell frequency,0.4742204470178885
74,hours_2,0.013310029577843507,N=500000,500000,41.27378511428833,0.013023989508788808,0.000286040069054699,udd1,27541,0.0134708253,0.0006946438834035003,Uses total age-cell frequency,0.4117794396363322
75,hours_2,0.011100614076523381,N=500000,500000,41.27378511428833,0.011121310892579636,2.0696816056254425e-05,udd1,27329,0.0135753229,0.0006999953870974111,Uses total age-cell frequency,0.02956707492327269
76,hours_2,0.009211887831718755,N=500000,500000,41.27378511428833,0.008883874147277773,0.0003280136844409816,udd1,25186,0.011355515,0.0006676423731352384,Uses total age-cell frequency,0.4913014776168779
77,hours_2,0.007420548796412201,N=500000,500000,41.27378511428833,0.007475810904900243,5.5262108488041833e-05,udd1,22442,0.0105159968,0.0006809242989268433,Uses total age-cell frequency,0.08115749221335843
78,hours_2,0.0065508563241684185,N=500000,500000,41.27378511428833,0.006249538859070623,0.00030131746509779594,udd1,19392,0.0086633663,0.0006654916567716492,Uses total age-cell frequency,0.4527742189278675
79,hours_2,0.00513762559099214,N=500000,500000,41.27378511428833,0.005203389466768137,6.576387577599766e-05,udd1,16359,0.0067241274,0.0006389612684507127,Uses total age-cell frequency,0.10292310195178984
80,hours_2,0.004216287154285395,N=500000,500000,41.27378511428833,0.004336941636209799,0.00012065448192440358,udd1,13610,0.006098457,0.0006673483680921346,Uses total age-cell frequency,0.18079684868240503
81,hours_2,0.003928653573627939,N=500000,500000,41.27378511428833,0.0037197883095546266,0.00020886526407331261,udd1,11239,0.005516505,0.0006986617419108037,Uses total age-cell frequency,0.2989504813904321
82,hours_2,0.003454464597693847,N=500000,500000,41.27378511428833,0.0036212544819224993,0.0001667898842286522,udd1,7491,0.0044052863,0.0007651709291892821,Uses total age-cell frequency,0.2179772882973616
83,hours_2,0.004466367482791223,N=500000,500000,41.27378511428833,0.004593267057422253,0.00012689957463103002,udd1,4499,0.0031118026,0.0008303692348246553,Uses total age-cell frequency,0.1528230687133137
84,hours_2,0.20058601925491837,N=500000,500000,41.27378511428833,0.19972203693933852,0.0008639823155798532,udd1,1982,0.0015136226,0.00087322879595392,Uses total age-cell frequency,0.9894111595759207
30,hours_3,0.088694,N=500000,500000,41.27378511428833,0.088833,0.00013900000000000023,udd1,2840,0.1084507042,0.00583485003966647,Uses total age-cell frequency,0.02382237744844351
31,hours_3,0.087882,N=500000,500000,41.27378511428833,0.088053,0.00017100000000000448,udd1,5097,0.1012360212,0.004225061611070564,Uses total age-cell frequency,0.04047278258663683
32,hours_3,0.08822294048466714,N=500000,500000,41.27378511428833,0.08883626414067876,0.000613323656011619,udd1,7282,0.0994232354,0.0035065414537082825,Uses total age-cell frequency,0.1749084287490767
33,hours_3,0.08898939064200218,N=500000,500000,41.27378511428833,0.0891830397103609,0.00019364906835872553,udd1,9171,0.1036964344,0.003183472679039799,Uses total age-cell frequency,0.0608295053492132
34,hours_3,0.08960290960887127,N=500000,500000,41.27378511428833,0.08942448597850387,0.00017842363036739417,udd1,11180,0.0994633274,0.0028304878291297345,Uses total age-cell frequency,0.0630363531442043
35,hours_3,0.0893223038627159,N=500000,500000,41.27378511428833,0.09017164307524841,0.00084933921253251,udd1,13112,0.1045607077,0.002672193236843696,Uses total age-cell frequency,0.31784348557655984
36,hours_3,0.09070984219501846,N=500000,500000,41.27378511428833,0.09027159940313982,0.00043824279187863746,udd1,17702,0.0982939781,0.002237611950357781,Uses total age-cell frequency,0.19585290103968428
37,hours_3,0.09039086480414713,N=500000,500000,41.27378511428833,0.09046414380719456,7.327900304743284e-05,udd1,22115,0.0951842641,0.001973418425832658,Uses total age-cell frequency,0.037133028701966095
38,hours_3,0.09057312031280046,N=500000,500000,41.27378511428833,0.0911163122826099,0.0005431919698094395,udd1,26699,0.0934866474,0.0017816172041403198,Uses total age-cell frequency,0.30488702542112284
39,hours_3,0.08988286690514123,N=500000,500000,41.27378511428833,0.09114437471756606,0.0012615078124248308,udd1,31731,0.0898490435,0.0016053567721710758,Uses total age-cell frequency,0.785811499532764
40,hours_3,0.0906669928670406,N=500000,500000,41.27378511428833,0.0912933712193371,0.0006263783522965083,udd1,32214,0.0900540138,0.001594913069640975,Uses total age-cell frequency,0.3927351052665899
41,hours_3,0.09091693540133608,N=500000,500000,41.27378511428833,0.0917876431877401,0.0008707077864040236,udd1,32959,0.0858035741,0.0015427140527699578,Uses total age-cell frequency,0.5643999838081849
42,hours_3,0.09195386138733176,N=500000,500000,41.27378511428833,0.09141170209561297,0.0005421592917187884,udd1,33929,0.085325238,0.0015166542007455748,Uses total age-cell frequency,0.3574706030235945
43,hours_3,0.0922472874653457,N=500000,500000,41.27378511428833,0.09139884374472328,0.0008484437206224271,udd1,34810,0.0850617639,0.0014952405601530551,Uses total age-cell frequency,0.567429578378732
44,hours_3,0.0922214909764948,N=500000,500000,41.27378511428833,0.09152444478879787,0.0006970461876969342,udd1,35491,0.0792313544,0.0014337211201329695,Uses total age-cell frequency,0.48617975832865395
45,hours_3,0.09214384313883543,N=500000,500000,41.27378511428833,0.09182115945912998,0.00032268367970544887,udd1,36530,0.0787571859,0.0014093125372991154,Uses total age-cell frequency,0.22896530837925969
46,hours_3,0.09197531611596098,N=500000,500000,41.27378511428833,0.09177261803631638,0.00020269807964459763,udd1,37648,0.0762324692,0.001367667053932353,Uses total age-cell frequency,0.14820718175655007
47,hours_3,0.09168452116263087,N=500000,500000,41.27378511428833,0.09215833103430156,0.00047380987167068567,udd1,38609,0.0751897226,0.0013420271080220347,Uses total age-cell frequency,0.3530553659001843
48,hours_3,0.09227251832186129,N=500000,500000,41.27378511428833,0.0923299193688823,5.7401047021010676e-05,udd1,39731,0.0714555385,0.0012922738380231288,Uses total age-cell frequency,0.04441864048630793
49,hours_3,0.09191096645109709,N=500000,500000,41.27378511428833,0.09234655574718474,0.0004355892960876545,udd1,40045,0.070320889,0.0012777166780465119,Uses total age-cell frequency,0.3409122723150351
50,hours_3,0.09204898377580222,N=500000,500000,41.27378511428833,0.09212030130233542,7.131752653320722e-05,udd1,40332,0.0698204899,0.0012689658976204653,Uses total age-cell frequency,0.05620129482355685
51,hours_3,0.08971882947243053,N=500000,500000,41.27378511428833,0.09096016108887926,0.0012413316164487376,udd1,40778,0.066874295,0.0012370484918612407,Uses total age-cell frequency,1.00346237404247
52,hours_3,0.08873158200456513,N=500000,500000,41.27378511428833,0.08901595910575016,0.0002843771011850349,udd1,41035,0.0671134397,0.0012352132688172822,Uses total age-cell frequency,0.23022510230749563
53,hours_3,0.08712739212970089,N=500000,500000,41.27378511428833,0.08673075206461482,0.0003966400650860652,udd1,41296,0.0668829911,0.001229339688759101,Uses total age-cell frequency,0.3226448057545712
54,hours_3,0.08402001025638914,N=500000,500000,41.27378511428833,0.08385782662064306,0.00016218363574607708,udd1,42101,0.0644402746,0.0011966530286784312,Uses total age-cell frequency,0.13553104522301732
55,hours_3,0.08015206388668841,N=500000,500000,41.27378511428833,0.08079073143795486,0.0006386675512664447,udd1,42583,0.0643684099,0.001189243267493641,Uses total age-cell frequency,0.5370369282076762
56,hours_3,0.07800195316558273,N=500000,500000,41.27378511428833,0.07807344862834396,7.149546276123686e-05,udd1,42538,0.0642954535,0.0011892439982196489,Uses total age-cell frequency,0.06011841377233667
57,hours_3,0.07448634785913881,N=500000,500000,41.27378511428833,0.07427807106938203,0.0002082767897567811,udd1,41686,0.0635465144,0.0011947962755573247,Uses total age-cell frequency,0.17431991881597414
58,hours_3,0.06985557481224726,N=500000,500000,41.27378511428833,0.07065510190579109,0.0007995270935438337,udd1,40096,0.061277933,0.001197760654211734,Uses total age-cell frequency,0.6675182481010913
59,hours_3,0.06639195397681504,N=500000,500000,41.27378511428833,0.06647471246507881,8.275848826377885e-05,udd1,38600,0.0641450777,0.001247074158234503,Uses total age-cell frequency,0.06636212266714032
60,hours_3,0.061921824867092905,N=500000,500000,41.27378511428833,0.06208009572566591,0.00015827085857300638,udd1,36987,0.0634276908,0.0012673178537371092,Uses total age-cell frequency,0.12488647430184305
61,hours_3,0.05810595071540766,N=500000,500000,41.27378511428833,0.05800386871267137,0.00010208200273628676,udd1,35482,0.0656389155,0.0013147222828494647,Uses total age-cell frequency,0.07764529746543827
62,hours_3,0.053517114176049464,N=500000,500000,41.27378511428833,0.05288545831177799,0.0006316558642714756,udd1,34081,0.0674569408,0.0013585999782640566,Uses total age-cell frequency,0.46493145471603076
63,hours_3,0.04924242424242424,N=500000,500000,41.27378511428833,0.048515555769232874,0.0007268684731913666,udd1,32751,0.0684864584,0.0013956761529034037,Uses total age-cell frequency,0.5208002384215517
64,hours_3,0.04448249577446117,N=500000,500000,41.27378511428833,0.04461840221943419,0.0001359064449730149,udd1,31813,0.0596925785,0.0013282896504643858,Uses total age-cell frequency,0.10231687412869656
65,hours_3,0.04171370449439458,N=500000,500000,41.27378511428833,0.04162969453006086,8.400996433371999e-05,udd1,31074,0.0552873785,0.0012964753893933939,Uses total age-cell frequency,0.06479873433851088
66,hours_3,0.03287083593799545,N=500000,500000,41.27378511428833,0.03283432376712786,3.651217086759334e-05,udd1,30479,0.0468191214,0.0012100377895715012,Uses total age-cell frequency,0.030174405446067133
67,hours_3,0.02665018075514974,N=500000,500000,41.27378511428833,0.026696996329421498,4.681557427175728e-05,udd1,30295,0.039973593,0.0011254927565131358,Uses total age-cell frequency,0.04159562467269499
68,hours_3,0.022725839489707973,N=500000,500000,41.27378511428833,0.022553573492313458,0.0001722659973945155,udd1,29842,0.0289859929,0.000971164670636326,Uses total age-cell frequency,0.17738083211124583
69,hours_3,0.01883709480624193,N=500000,500000,41.27378511428833,0.018666308537227436,0.00017078626901449387,udd1,29091,0.022721804,0.0008736775659181141,Uses total age-cell frequency,0.19547974639250482
70,hours_3,0.016051590238032272,N=500000,500000,41.27378511428833,0.016047941360819842,3.6488772124296243e-06,udd1,28733,0.0184108864,0.0007930703788629058,Uses total age-cell frequency,0.004600950066577115
71,hours_3,0.013205305929120366,N=500000,500000,41.27378511428833,0.01299689452539277,0.00020841140372759685,udd1,28201,0.0150349278,0.0007246508972931206,Uses total age-cell frequency,0.28760249177376596
72,hours_3,0.010827747086596565,N=500000,500000,41.27378511428833,0.010810652931435596,1.7094155160969626e-05,udd1,27755,0.011385336,0.0006368187385093998,Uses total age-cell frequency,0.026843046737258198
73,hours_3,0.008445888632241057,N=500000,500000,41.27378511428833,0.008727815281241197,0.00028192664900014014,udd1,27615,0.00854608,0.0005539202220604675,Uses total age-cell frequency,0.5089661611403749
74,hours_3,0.007082549072331272,N=500000,500000,41.27378511428833,0.007044751572741125,3.7797499590147034e-05,udd1,27541,0.0076249955,0.0005241647987015627,Uses total age-cell frequency,0.07210995412850556
75,hours_3,0.005621162021728862,N=500000,500000,41.27378511428833,0.005250958602003447,0.0003702034197254145,udd1,27329,0.0064034542,0.0004825033355883769,Uses total age-cell frequency,0.7672556693809774
76,hours_3,0.0046376494121512755,N=500000,500000,41.27378511428833,0.004442657582491059,0.00019499182966021666,udd1,25186,0.0048042563,0.00043570018026375354,Uses total age-cell frequency,0.4475367201872105
77,hours_3,0.003590200793086162,N=500000,500000,41.27378511428833,0.003469304458476387,0.0001208963346097749,udd1,22442,0.0043222529,0.00043790883630197123,Uses total age-cell frequency,0.2760764903277899
78,hours_3,0.0029690931541194988,N=500000,500000,41.27378511428833,0.00269070826537228,0.0002783848887472186,udd1,19392,0.0028877888,0.00038533941174575495,Uses total age-cell frequency,0.7224407373385819
79,hours_3,0.0023457968936362824,N=500000,500000,41.27378511428833,0.002231910710365013,0.00011388618327126936,udd1,16359,0.00311755,0.0004358633101230322,Uses total age-cell frequency,0.2612887587145668
80,hours_3,0.0017660937914473593,N=500000,500000,41.27378511428833,0.0018614307022670378,9.533691081967848e-05,udd1,13610,0.0031594416,0.0004810485981348847,Uses total age-cell frequency,0.19818561199287868
81,hours_3,0.0016360115448252324,N=500000,500000,41.27378511428833,0.0016392287465833949,3.2172017581624975e-06,udd1,11239,0.0020464454,0.0004262765184553196,Uses total age-cell frequency,0.0075472178712084285
82,hours_3,0.001528699850703599,N=500000,500000,41.27378511428833,0.0015437457462661394,1.5045895562540348e-05,udd1,7491,0.0017354158,0.00048089992231491055,Uses total age-cell frequency,0.031286957773072284
83,hours_3,0.0017968145045711816,N=500000,500000,41.27378511428833,0.0016700845306549254,0.00012672997391625614,udd1,4499,0.0017781729,0.0006281198639504679,Uses total age-cell frequency,0.20176081221059708
84,hours_3,0.20027440584158876,N=500000,500000,41.27378511428833,0.20001952248921034,0.00025488335237841553,udd1,1982,0.0005045409,0.0005044135870906817,Uses total age-cell frequency,0.5053062782240112
30,hours_4,0.418418,N=500000,500000,41.27378511428833,0.418378,3.999999999998449e-05,udd1,2840,0.4059859155,0.00921498610874567,Uses total age-cell frequency,0.004340755322682655
31,hours_4,0.445816,N=500000,500000,41.27378511428833,0.444428,0.0013880000000000003,udd1,5097,0.4190700412,0.006911111146729345,Uses total age-cell frequency,0.20083601182667501
32,hours_4,0.46091781139743826,N=500000,500000,41.27378511428833,0.46123413923868345,0.00031632784124518976,udd1,7282,0.4290030211,0.0057999165270096065,Uses total age-cell frequency,0.0545400679082335
33,hours_4,0.47123031748063754,N=500000,500000,41.27378511428833,0.47222074980122314,0.0009904323205855992,udd1,9171,0.4334314688,0.005174615648613852,Uses total age-cell frequency,0.19140210362307986
34,hours_4,0.4801634854489548,N=500000,500000,41.27378511428833,0.48042392081743296,0.0002604353684781402,udd1,11180,0.4432915921,0.004698267450558872,Uses total age-cell frequency,0.055432214368120035
35,hours_4,0.4888824857129136,N=500000,500000,41.27378511428833,0.4880832322844257,0.0007992534284879116,udd1,13112,0.442419158,0.0043374692990578384,Uses total age-cell frequency,0.18426722436087814
36,hours_4,0.4950740986861594,N=500000,500000,41.27378511428833,0.49642374270562606,0.0013496440194666337,udd1,17702,0.4876285166,0.003756867296173463,Uses total age-cell frequency,0.3592471900301899
37,hours_4,0.5023596853218963,N=500000,500000,41.27378511428833,0.5034252917980204,0.0010656064761240813,udd1,22115,0.5167533348,0.0033603352287813176,Uses total age-cell frequency,0.31711314603291574
38,hours_4,0.5090779437215563,N=500000,500000,41.27378511428833,0.5095068267879694,0.00042888306641308827,udd1,26699,0.5410314993,0.003049686645988458,Uses total age-cell frequency,0.1406318472021507
39,hours_4,0.5160870131561808,N=500000,500000,41.27378511428833,0.5142677358492457,0.0018192773069350965,udd1,31731,0.5606819829,0.0027861591994010637,Uses total age-cell frequency,0.6529696175746826
40,hours_4,0.5210609800850661,N=500000,500000,41.27378511428833,0.5209459202027716,0.00011505988229443265,udd1,32214,0.5623641895,0.002764031114803372,Uses total age-cell frequency,0.041627564059682376
41,hours_4,0.5276296699128878,N=500000,500000,41.27378511428833,0.5265425948723814,0.0010870750405064245,udd1,32959,0.5695257744,0.002727364950947533,Uses total age-cell frequency,0.3985807033740593
42,hours_4,0.5312528244133756,N=500000,500000,41.27378511428833,0.531910150719457,0.0006573263060813961,udd1,33929,0.5774706004,0.0026816856978213095,Uses total age-cell frequency,0.24511683327223238
43,hours_4,0.5367049112106037,N=500000,500000,41.27378511428833,0.5374576857204886,0.0007527745098848682,udd1,34810,0.5814421143,0.00264410681206735,Uses total age-cell frequency,0.2846989790462723
44,hours_4,0.540329543602036,N=500000,500000,41.27378511428833,0.5425538658759059,0.0022243222738699275,udd1,35491,0.5851060832,0.00261533136470357,Uses total age-cell frequency,0.850493480057369
45,hours_4,0.5464648805505457,N=500000,500000,41.27378511428833,0.5470007022323331,0.0005358216817874517,udd1,36530,0.5940323022,0.0025693657707320863,Uses total age-cell frequency,0.20854239123563192
46,hours_4,0.5513151150448192,N=500000,500000,41.27378511428833,0.5509605741854642,0.00035454085935504587,udd1,37648,0.597641309,0.0025272956073500163,Uses total age-cell frequency,0.1402846815085466
47,hours_4,0.5561123014108421,N=500000,500000,41.27378511428833,0.5556107996891507,0.0005015017216913886,udd1,38609,0.6019062913,0.0024912242449413777,Uses total age-cell frequency,0.2013073382332909
48,hours_4,0.558786899388225,N=500000,500000,41.27378511428833,0.5600207753708586,0.001233875982633581,udd1,39731,0.6046663814,0.0024528728566577266,Uses total age-cell frequency,0.5030329963024887
49,hours_4,0.5636938086821712,N=500000,500000,41.27378511428833,0.5628385918636502,0.0008552168185210762,udd1,40045,0.5996503933,0.0024484690323141535,Uses total age-cell frequency,0.34928635291448795
50,hours_4,0.5661710120344212,N=500000,500000,41.27378511428833,0.5649154417446902,0.0012555702897310006,udd1,40332,0.596523852,0.0024428565249446994,Uses total age-cell frequency,0.5139762720037042
51,hours_4,0.5665238414742333,N=500000,500000,41.27378511428833,0.5649193281166365,0.0016045133575968151,udd1,40778,0.5959831282,0.0024299860072059254,Uses total age-cell frequency,0.6602973650213465
52,hours_4,0.5643187898323666,N=500000,500000,41.27378511428833,0.564203011032408,0.00011577879995861018,udd1,41035,0.5937126843,0.00242453008113409,Uses total age-cell frequency,0.04775308867459127
53,hours_4,0.560389923554461,N=500000,500000,41.27378511428833,0.5612048383141621,0.0008149147597010797,udd1,41296,0.5899118559,0.0024203500164373796,Uses total age-cell frequency,0.33669293869346584
54,hours_4,0.5555296971893786,N=500000,500000,41.27378511428833,0.5560634581956881,0.0005337610063095299,udd1,42101,0.5911261015,0.0023960096120189487,Uses total age-cell frequency,0.22277081178308258
55,hours_4,0.54940111400448,N=500000,500000,41.27378511428833,0.5508461781865336,0.0014450641820535903,udd1,42583,0.5930300824,0.002380682003539841,Uses total age-cell frequency,0.6069958860128826
56,hours_4,0.5403245579404492,N=500000,500000,41.27378511428833,0.5416233825594827,0.0012988246190335229,udd1,42538,0.5879213879,0.0023864983224430717,Uses total age-cell frequency,0.5442386474019847
57,hours_4,0.5299983710157761,N=500000,500000,41.27378511428833,0.5322602201914564,0.002261849175680286,udd1,41686,0.5844887972,0.0024137059022581874,Uses total age-cell frequency,0.937085654703902
58,hours_4,0.5180799327766399,N=500000,500000,41.27378511428833,0.5179147723752183,0.0001651604014215602,udd1,40096,0.5800079808,0.0024648300440511376,Uses total age-cell frequency,0.06700681120800782
59,hours_4,0.5030751893847295,N=500000,500000,41.27378511428833,0.5022540877471701,0.0008211016375594404,udd1,38600,0.5647927461,0.002523474761481624,Uses total age-cell frequency,0.32538531793254066
60,hours_4,0.4852104264736879,N=500000,500000,41.27378511428833,0.48335925548596853,0.0018511709877193638,udd1,36987,0.5478681699,0.002587891250822338,Uses total age-cell frequency,0.7153202388744616
61,hours_4,0.46432617782622504,N=500000,500000,41.27378511428833,0.4636254107690971,0.0007007670571279601,udd1,35482,0.5160926667,0.002653022297651055,Uses total age-cell frequency,0.26413915094057383
62,hours_4,0.4411714405089982,N=500000,500000,41.27378511428833,0.44165337269935,0.0004819321903518081,udd1,34081,0.4794166838,0.002706110521891471,Uses total age-cell frequency,0.17809035752721414
63,hours_4,0.4176393187501093,N=500000,500000,41.27378511428833,0.4187377279715382,0.0010984092214288976,udd1,32751,0.4251167903,0.002731691547452209,Uses total age-cell frequency,0.40209855408212564
64,hours_4,0.39030943096077153,N=500000,500000,41.27378511428833,0.39078652082486615,0.0004770898640946153,udd1,31813,0.3605758652,0.0026920959002591,Uses total age-cell frequency,0.17721874768603074
65,hours_4,0.34704192607330075,N=500000,500000,41.27378511428833,0.3472952041644223,0.00025327809112152266,udd1,31074,0.2824226041,0.0025537919916284466,Uses total age-cell frequency,0.09917725952301143
66,hours_4,0.2385485463720454,N=500000,500000,41.27378511428833,0.23821583795906862,0.0003327084129767788,udd1,30479,0.2089635487,0.0023288051817227096,Uses total age-cell frequency,0.14286657191764798
67,hours_4,0.1845564087065837,N=500000,500000,41.27378511428833,0.18465020363381526,9.37949272315497e-05,udd1,30295,0.1331572867,0.0019519430457098721,Uses total age-cell frequency,0.048052081969143144
68,hours_4,0.15662144076683943,N=500000,500000,41.27378511428833,0.1574057320163852,0.0007842912495457655,udd1,29842,0.0862877823,0.0016254192792777352,Uses total age-cell frequency,0.4825162710597785
69,hours_4,0.13649996313447355,N=500000,500000,41.27378511428833,0.1373874061247265,0.0008874429902529513,udd1,29091,0.0607748101,0.0014007716578385027,Uses total age-cell frequency,0.6335386537034475
70,hours_4,0.11830769268095039,N=500000,500000,41.27378511428833,0.11852951053596997,0.00022181785501958207,udd1,28733,0.0449309157,0.0012220797334726802,Uses total age-cell frequency,0.18150849649495546
71,hours_4,0.1021979084779304,N=500000,500000,41.27378511428833,0.10196019143404522,0.00023771704388517167,udd1,28201,0.0328002553,0.0010606313122945468,Uses total age-cell frequency,0.22412787660483055
72,hours_4,0.08757744088065338,N=500000,500000,41.27378511428833,0.0874414576412382,0.00013598323941517443,udd1,27755,0.0247162673,0.0009319364882404979,Uses total age-cell frequency,0.1459147067756856
73,hours_4,0.07464014929073849,N=500000,500000,41.27378511428833,0.07443162254937763,0.00020852674136086213,udd1,27615,0.020822017,0.0008592503039551779,Uses total age-cell frequency,0.24268451276770195
74,hours_4,0.06363807475127722,N=500000,500000,41.27378511428833,0.06358953136211071,4.854338916651657e-05,udd1,27541,0.017283323,0.000785304224416068,Uses total age-cell frequency,0.06181475618905805
75,hours_4,0.053605268276417796,N=500000,500000,41.27378511428833,0.053799758075379935,0.00019448979896213858,udd1,27329,0.0127337261,0.0006782394270407979,Uses total age-cell frequency,0.28675684604581314
76,hours_4,0.04562132684619664,N=500000,500000,41.27378511428833,0.045524631315620345,9.669553057629204e-05,udd1,25186,0.0106011276,0.0006453304190122713,Uses total age-cell frequency,0.14983879223343
77,hours_4,0.03875075421233216,N=500000,500000,41.27378511428833,0.03868604595327843,6.470825905372651e-05,udd1,22442,0.009535692,0.0006487311375715493,Uses total age-cell frequency,0.09974588131526178
78,hours_4,0.0332507014286208,N=500000,500000,41.27378511428833,0.03331517550042621,6.44740718054107e-05,udd1,19392,0.0084570957,0.0006575898130504886,Uses total age-cell frequency,0.0980460319272928
79,hours_4,0.03021122083860587,N=500000,500000,41.27378511428833,0.029878218895633413,0.0003330019429724565,udd1,16359,0.007090898,0.0006560349681438074,Uses total age-cell frequency,0.5075978555147082
80,hours_4,0.027566420483895737,N=500000,500000,41.27378511428833,0.027199218443341503,0.0003672020405542341,udd1,13610,0.006098457,0.0006673483680921346,Uses total age-cell frequency,0.5502404113222285
81,hours_4,0.027118468010595122,N=500000,500000,41.27378511428833,0.027134427883206805,1.5959872611683718e-05,udd1,11239,0.0057834327,0.000715269168667739,Uses total age-cell frequency,0.022313100173757792
82,hours_4,0.030605762205774913,N=500000,500000,41.27378511428833,0.030859040933073265,0.00025327872729835263,udd1,7491,0.0042717928,0.0007535387600949321,Uses total age-cell frequency,0.33611904351999644
83,hours_4,0.03007525230270335,N=500000,500000,41.27378511428833,0.030790713389116865,0.0007154610864135158,udd1,4499,0.0040008891,0.0009411302557820629,Uses total age-cell frequency,0.7602147333144443
84,hours_4,0.2009906515976001,N=500000,500000,41.27378511428833,0.19992888236073378,0.0010617692368663223,udd1,1982,0.0065590313,0.0018131722328885006,Uses total age-cell frequency,0.5855865303953256
30,work_work,0.560004,N=500000,500000,41.27378511428833,0.561155,0.0011510000000000131,udd1,2840,,,Approximate: uses total age-cell frequency,
31,work_work,0.54578,N=500000,500000,41.27378511428833,0.545674,0.0001060000000000505,udd1,5097,0.6723826715,0.0065740707206424585,Approximate: uses total age-cell frequency,0.016123951886798615
32,work_work,0.5621834822750074,N=500000,500000,41.27378511428833,0.5618879706225899,0.00029551165241747945,udd1,7282,0.6603319702,0.0055498744802939615,Approximate: uses total age-cell frequency,0.05324654701052393
33,work_work,0.5763577737950457,N=500000,500000,41.27378511428833,0.576458821940962,0.00010104814591627154,udd1,9171,0.6692446931,0.0049128955598924055,Approximate: uses total age-cell frequency,0.020567940979898326
34,work_work,0.5872732619668268,N=500000,500000,41.27378511428833,0.5881586252081843,0.0008853632413574619,udd1,11180,0.6661116803,0.00446018873057357,Approximate: uses total age-cell frequency,0.19850353759438477
35,work_work,0.5968480366261666,N=500000,500000,41.27378511428833,0.5977232980762689,0.0008752614501023048,udd1,13112,0.6699896158,0.004106420018226304,Approximate: uses total age-cell frequency,0.21314464818929035
36,work_work,0.605743749049247,N=500000,500000,41.27378511428833,0.6065066166013997,0.0007628675521527128,udd1,17702,0.6784866234,0.0035104193512207438,Approximate: uses total age-cell frequency,0.21731521958692104
37,work_work,0.6138365459893359,N=500000,500000,41.27378511428833,0.6150939089572156,0.001257362967879705,udd1,22115,0.7102259215,0.0030505950015394375,Approximate: uses total age-cell frequency,0.4121697463102101
38,work_work,0.6211020126914941,N=500000,500000,41.27378511428833,0.6223168314650178,0.001214818773523696,udd1,26699,0.7299515991,0.0027171920762399143,Approximate: uses total age-cell frequency,0.4470860871951231
39,work_work,0.6292742557689802,N=500000,500000,41.27378511428833,0.6286681342376563,0.0006061215313238888,udd1,31731,0.7458161438,0.0024442633303284507,Approximate: uses total age-cell frequency,0.2479771814285004
40,work_work,0.6360446065642478,N=500000,500000,41.27378511428833,0.6353869846738147,0.0006576218904330577,udd1,32214,0.7468616044,0.002422572321862663,Approximate: uses total age-cell frequency,0.27145604054760547
41,work_work,0.6430407587046956,N=500000,500000,41.27378511428833,0.6430753671435494,3.460843885383369e-05,udd1,32959,0.746649244,0.0023956998403133114,Approximate: uses total age-cell frequency,0.01444606635249747
42,work_work,0.6493690386048352,N=500000,500000,41.27378511428833,0.6498107220676982,0.0004416834628629962,udd1,33929,0.7506724827,0.002348685272502447,Approximate: uses total age-cell frequency,0.18805561904528698
43,work_work,0.6556825012615272,N=500000,500000,41.27378511428833,0.6554893983130573,0.00019310294846985876,udd1,34810,0.7516776153,0.00231564367494827,Approximate: uses total age-cell frequency,0.08339061426373061
44,work_work,0.6601257071783508,N=500000,500000,41.27378511428833,0.6609969098752178,0.0008712026968669129,udd1,35491,0.7511925337,0.0022948178405947112,Approximate: uses total age-cell frequency,0.37963915107141455
45,work_work,0.6655636946204923,N=500000,500000,41.27378511428833,0.6666058804149719,0.0010421857944796775,udd1,36530,0.7543883338,0.0022521491127892946,Approximate: uses total age-cell frequency,0.46275168396329086
46,work_work,0.6713019578404427,N=500000,500000,41.27378511428833,0.6713930293045245,9.107146408182665e-05,udd1,37648,0.7576997349,0.0022082821266600438,Approximate: uses total age-cell frequency,0.0412408645536471
47,work_work,0.676280470550188,N=500000,500000,41.27378511428833,0.6768996318517463,0.0006191613015582575,udd1,38609,0.7577128754,0.0021805860269879717,Approximate: uses total age-cell frequency,0.2839426162945292
48,work_work,0.6807024578328869,N=500000,500000,41.27378511428833,0.6812114511576296,0.0005089933247427458,udd1,39731,0.7561473508,0.0021542802923518794,Approximate: uses total age-cell frequency,0.2362707056039888
49,work_work,0.6857567831364663,N=500000,500000,41.27378511428833,0.6854377599675358,0.0003190231689305101,udd1,40045,0.7491597922,0.00216626537038045,Approximate: uses total age-cell frequency,0.14726873876697835
50,work_work,0.6896616246977157,N=500000,500000,41.27378511428833,0.6886657772933223,0.0009958474043934018,udd1,40332,0.7449686671,0.0021704055664326836,Approximate: uses total age-cell frequency,0.45883010060197826
51,work_work,0.6888504577408059,N=500000,500000,41.27378511428833,0.6879800168225728,0.000870440918233073,udd1,40778,0.73708627,0.0021799816266490682,Approximate: uses total age-cell frequency,0.3992881901353731
52,work_work,0.6850737537940457,N=500000,500000,41.27378511428833,0.6844704720242715,0.0006032817697741999,udd1,41035,0.7332190971,0.0021833181952265746,Approximate: uses total age-cell frequency,0.2763141767852093
53,work_work,0.6787542968549587,N=500000,500000,41.27378511428833,0.6783787194617072,0.00037557739325144723,udd1,41296,0.7302130898,0.002184143912406664,Approximate: uses total age-cell frequency,0.17195634001864193
54,work_work,0.6680657644614058,N=500000,500000,41.27378511428833,0.6687886676497483,0.0007229031883425607,udd1,42101,0.7277731347,0.002169288406902525,Approximate: uses total age-cell frequency,0.3332443883636372
55,work_work,0.6555893613192659,N=500000,500000,41.27378511428833,0.6569064395576669,0.0013170782384009927,udd1,42583,0.7300996078,0.002151169779622585,Approximate: uses total age-cell frequency,0.6122614081311933
56,work_work,0.6417478754129698,N=500000,500000,41.27378511428833,0.6428209326097616,0.001073057196791738,udd1,42538,0.7255845362,0.002163514280890745,Approximate: uses total age-cell frequency,0.4959787907431548
57,work_work,0.6243604148479823,N=500000,500000,41.27378511428833,0.6255387841021101,0.0011783692541277313,udd1,41686,0.7195160232,0.0022002860789693173,Approximate: uses total age-cell frequency,0.5355527471590041
58,work_work,0.60416574759729,N=500000,500000,41.27378511428833,0.6050842099846356,0.0009184623873456088,udd1,40096,0.7155067517,0.0022531615190435656,Approximate: uses total age-cell frequency,0.4076327327547662
59,work_work,0.5807868848299819,N=500000,500000,41.27378511428833,0.5803898065554051,0.0003970782745768009,udd1,38600,0.7042536736,0.002322900393663822,Approximate: uses total age-cell frequency,0.17094072378648337
60,work_work,0.5550332241121253,N=500000,500000,41.27378511428833,0.5532756126304225,0.0017576114817028365,udd1,36987,0.692141219,0.002400206324669604,Approximate: uses total age-cell frequency,0.7322751646964256
61,work_work,0.5250972044598179,N=500000,500000,41.27378511428833,0.523296495092228,0.0018007093675899144,udd1,35482,0.6680743243,0.002499935298813833,Approximate: uses total age-cell frequency,0.7203023888035476
62,work_work,0.49070307646013334,N=500000,500000,41.27378511428833,0.4902313691451528,0.00047170731498052954,udd1,34081,0.6330191334,0.0026108021689551656,Approximate: uses total age-cell frequency,0.18067524249426575
63,work_work,0.455609907499694,N=500000,500000,41.27378511428833,0.45643914767518473,0.0008292401754907419,udd1,32751,0.5905721693,0.002717145444577835,Approximate: uses total age-cell frequency,0.30518799689045784
64,work_work,0.4177174357331448,N=500000,500000,41.27378511428833,0.41944832217137,0.001730886438225221,udd1,31813,0.5234845597,0.0028001939585507196,Approximate: uses total age-cell frequency,0.618130909446382
65,work_work,0.372231101970559,N=500000,500000,41.27378511428833,0.3722812907205711,5.0188750012114536e-05,udd1,31074,0.451007183,0.002822776412639654,Approximate: uses total age-cell frequency,0.01777992397392243
66,work_work,0.3042720988593845,N=500000,500000,41.27378511428833,0.30435885214591474,8.675328653023895e-05,udd1,30479,0.3638179712,0.002755703039724757,Approximate: uses total age-cell frequency,0.03148136257051267
67,work_work,0.23459099694566313,N=500000,500000,41.27378511428833,0.23377047108629592,0.0008205258593672049,udd1,30295,0.2869565217,0.0025988461920787285,Approximate: uses total age-cell frequency,0.3157269798682831
68,work_work,0.1827222893071772,N=500000,500000,41.27378511428833,0.18382096291618172,0.001098673609004508,udd1,29842,0.2166905885,0.002384914059505271,Approximate: uses total age-cell frequency,0.4606763940300716
69,work_work,0.14935295055024772,N=500000,500000,41.27378511428833,0.1505391551552218,0.001186204604974067,udd1,29091,0.1757674887,0.0022315921199712293,Approximate: uses total age-cell frequency,0.5315508126948217
70,work_work,0.12464244209320889,N=500000,500000,41.27378511428833,0.12422757840602007,0.00041486368718882116,udd1,28733,0.1487553905,0.0020992929975565833,Approximate: uses total age-cell frequency,0.19762066927850985
71,work_work,0.10113156452496856,N=500000,500000,41.27378511428833,0.10116833258567318,3.676806070461447e-05,udd1,28201,0.1242171641,0.0019640691104851186,Approximate: uses total age-cell frequency,0.01872034976179269
72,work_work,0.08205048713426813,N=500000,500000,41.27378511428833,0.0812024422703768,0.0008480448638913257,udd1,27755,0.1086475482,0.001867944984217995,Approximate: uses total age-cell frequency,0.45399884421454473
73,work_work,0.0658393036578841,N=500000,500000,41.27378511428833,0.06500735577976482,0.0008319478781192713,udd1,27615,0.0970778497,0.0017816102549106615,Approximate: uses total age-cell frequency,0.4669640151801827
74,work_work,0.05154073675719279,N=500000,500000,41.27378511428833,0.0519535312438696,0.000412794486676811,udd1,27541,0.0861905835,0.0016910944814589534,Approximate: uses total age-cell frequency,0.24409900877961704
75,work_work,0.040273416877379196,N=500000,500000,41.27378511428833,0.04049945907210381,0.00022604219472461412,udd1,27329,0.078566939,0.0016275709947572911,Approximate: uses total age-cell frequency,0.1388831549915414
76,work_work,0.03148067550001009,N=500000,500000,41.27378511428833,0.03153379042414915,5.3114924139063824e-05,udd1,25186,0.0695135434,0.0016025446626705602,Approximate: uses total age-cell frequency,0.0331441147172463
77,work_work,0.024636101930483385,N=500000,500000,41.27378511428833,0.024478703992701255,0.00015739793778212982,udd1,22442,0.0632012352,0.0016242585397078944,Approximate: uses total age-cell frequency,0.09690448529852652
78,work_work,0.019275541270394842,N=500000,500000,41.27378511428833,0.019208580125493126,6.696114490171642e-05,udd1,19392,0.056398872,0.0016566018173123271,Approximate: uses total age-cell frequency,0.04042078440451929
79,work_work,0.01513534587288424,N=500000,500000,41.27378511428833,0.014868949532734965,0.0002663963401492754,udd1,16359,0.0523964833,0.0017421519259807428,Approximate: uses total age-cell frequency,0.15291223238140259
80,work_work,0.01198570371507951,N=500000,500000,41.27378511428833,0.012009455439930917,2.3751724851407002e-05,udd1,13610,0.0474093264,0.0018216124775568378,Approximate: uses total age-cell frequency,0.013038846156380646
81,work_work,0.010246403371445107,N=500000,500000,41.27378511428833,0.009942923686855388,0.00030347968458971884,udd1,11239,0.0412920761,0.0018767770426771275,Approximate: uses total age-cell frequency,0.16170257717817157
82,work_work,0.009541469457768178,N=500000,500000,41.27378511428833,0.00966726127995968,0.00012579182219150248,udd1,7491,0.0362027353,0.002158209692576769,Approximate: uses total age-cell frequency,0.05828526422810882
83,work_work,0.012564867142679906,N=500000,500000,41.27378511428833,0.012511734428760524,5.313271391938282e-05,udd1,4499,0.0355386679,0.0027601646284504144,Approximate: uses total age-cell frequency,0.0192498350901671
84,work_work,0.06127621971071113,N=500000,500000,41.27378511428833,0.06095432434756538,0.00032189536314574524,udd1,1982,0.0344478217,0.004096537466321932,Approximate: uses total age-cell frequency,0.07857742442052125
30,nowork_nowork,0.136868,N=500000,500000,41.27378511428833,0.136219,0.0006489999999999829,udd1,2840,,,Approximate: uses total age-cell frequency,
31,nowork_nowork,0.165348,N=500000,500000,41.27378511428833,0.164972,0.00037599999999998746,udd1,5097,0.2378158845,0.0059633878968959365,Approximate: uses total age-cell frequency,0.06305140743832931
32,nowork_nowork,0.15414463209939758,N=500000,500000,41.27378511428833,0.15418140070723393,3.676860783635716e-05,udd1,7282,0.2383930719,0.004993291505791284,Approximate: uses total age-cell frequency,0.0073636013026102025
33,nowork_nowork,0.1448465403571657,N=500000,500000,41.27378511428833,0.1443534877208423,0.0004930526363234045,udd1,9171,0.2363008063,0.004435937525928501,Approximate: uses total age-cell frequency,0.1111495897860288
34,nowork_nowork,0.13777830236805833,N=500000,500000,41.27378511428833,0.1374041601856529,0.0003741421824054181,udd1,11180,0.2392418033,0.004034790150820682,Approximate: uses total age-cell frequency,0.09272903135478236
35,nowork_nowork,0.13208151243016536,N=500000,500000,41.27378511428833,0.13133856786684756,0.0007429445633178045,udd1,13112,0.2414330218,0.0037373247017370875,Approximate: uses total age-cell frequency,0.19879047784434892
36,nowork_nowork,0.12696855909880625,N=500000,500000,41.27378511428833,0.1259340951873895,0.0010344639114167609,udd1,17702,0.2296184898,0.00316115059146382,Approximate: uses total age-cell frequency,0.32724284449154833
37,nowork_nowork,0.12231919924874507,N=500000,500000,41.27378511428833,0.12142441682943018,0.0008947824193148851,udd1,22115,0.2094530321,0.0027362998878739083,Approximate: uses total age-cell frequency,0.3270045155796599
38,nowork_nowork,0.11699971155695148,N=500000,500000,41.27378511428833,0.11708444626051459,8.473470356311352e-05,udd1,26699,0.1965455063,0.0024320063456893955,Approximate: uses total age-cell frequency,0.03484148127873982
39,nowork_nowork,0.11295678400016032,N=500000,500000,41.27378511428833,0.11341244322514256,0.0004556592249822383,udd1,31731,0.1839339924,0.002174962449571994,Approximate: uses total age-cell frequency,0.20950211120744014
40,nowork_nowork,0.10932257941608796,N=500000,500000,41.27378511428833,0.10977182171654078,0.0004492423004528179,udd1,32214,0.1850505205,0.002163655792257215,Approximate: uses total age-cell frequency,0.20763113156004806
41,nowork_nowork,0.10569048588967396,N=500000,500000,41.27378511428833,0.10588142043442185,0.0001909345447478894,udd1,32959,0.1879783461,0.0021520418080539284,Approximate: uses total age-cell frequency,0.08872250717124765
42,nowork_nowork,0.10120689066482423,N=500000,500000,41.27378511428833,0.1018465894827742,0.0006396988179499657,udd1,33929,0.188258815,0.002122271397809841,Approximate: uses total age-cell frequency,0.30142177791687125
43,nowork_nowork,0.09863634444616445,N=500000,500000,41.27378511428833,0.09839627875561845,0.0002400656905460069,udd1,34810,0.1874690966,0.0020918607704401918,Approximate: uses total age-cell frequency,0.11476179195974391
44,nowork_nowork,0.0963030496972039,N=500000,500000,41.27378511428833,0.09540445819174874,0.0008985915054551541,udd1,35491,0.1887659869,0.002077188114816216,Approximate: uses total age-cell frequency,0.43259996484943253
45,nowork_nowork,0.09376202807137747,N=500000,500000,41.27378511428833,0.09274101329002397,0.0010210147813534964,udd1,36530,0.1890359168,0.0020485574031201934,Approximate: uses total age-cell frequency,0.49840672260312113
46,nowork_nowork,0.09027416223720906,N=500000,500000,41.27378511428833,0.08997576620950021,0.0002983960277088554,udd1,37648,0.1884593984,0.0020155476580170323,Approximate: uses total age-cell frequency,0.14804712085172328
47,nowork_nowork,0.08737922949427983,N=500000,500000,41.27378511428833,0.08773913720116376,0.0003599077068839329,udd1,38609,0.1894440401,0.001994287185095793,Approximate: uses total age-cell frequency,0.1804693474308442
48,nowork_nowork,0.08463798756199259,N=500000,500000,41.27378511428833,0.08454927974664576,8.870781534682515e-05,udd1,39731,0.1923850175,0.001977529902021881,Approximate: uses total age-cell frequency,0.04485788824539535
49,nowork_nowork,0.08283837557807075,N=500000,500000,41.27378511428833,0.08255351526833722,0.0002848603097335284,udd1,40045,0.1996333639,0.0019975005227955175,Approximate: uses total age-cell frequency,0.14260837806183108
50,nowork_nowork,0.08115353090366971,N=500000,500000,41.27378511428833,0.08148442647621063,0.00033089557254091517,udd1,40332,0.2031513618,0.002003424161403428,Approximate: uses total age-cell frequency,0.1651650104434789
51,nowork_nowork,0.08073736139804177,N=500000,500000,41.27378511428833,0.08113373945403105,0.00039637805598927156,udd1,40778,0.2109614298,0.002020401516996144,Approximate: uses total age-cell frequency,0.19618776399385768
52,nowork_nowork,0.08283291472703325,N=500000,500000,41.27378511428833,0.08312805426116407,0.0002951395341308227,udd1,41035,0.2166450012,0.002033651011381355,Approximate: uses total age-cell frequency,0.14512791648078768
53,nowork_nowork,0.08623262018367452,N=500000,500000,41.27378511428833,0.08616746542558922,6.515475808530069e-05,udd1,41296,0.2208757757,0.0020413778776379094,Approximate: uses total age-cell frequency,0.031917049165190156
54,nowork_nowork,0.0905569136918676,N=500000,500000,41.27378511428833,0.09063161623567598,7.470254380838315e-05,udd1,42101,0.2236663881,0.00203085235708332,Approximate: uses total age-cell frequency,0.03678383785400817
55,nowork_nowork,0.09671321106723946,N=500000,500000,41.27378511428833,0.09667505640843221,3.815465880724345e-05,udd1,42583,0.2249216964,0.0020233468516735018,Approximate: uses total age-cell frequency,0.018857201263187223
56,nowork_nowork,0.10483720157084381,N=500000,500000,41.27378511428833,0.10400651547008619,0.0008306861007576216,udd1,42538,0.2267522017,0.0020302362081057045,Approximate: uses total age-cell frequency,0.4091573667345272
57,nowork_nowork,0.11390985451917815,N=500000,500000,41.27378511428833,0.11327413669245034,0.0006357178267278052,udd1,41686,0.233712867,0.00207272633816718,Approximate: uses total age-cell frequency,0.30670610732429937
58,nowork_nowork,0.12561104983981933,N=500000,500000,41.27378511428833,0.12539132936989275,0.00021972046992657646,udd1,40096,0.2394717317,0.002131249445124024,Approximate: uses total age-cell frequency,0.10309467548684347
59,nowork_nowork,0.14003370128483505,N=500000,500000,41.27378511428833,0.13984117269641747,0.0001925285884175898,udd1,38600,0.2504253674,0.0022052252053439635,Approximate: uses total age-cell frequency,0.0873056357015291
60,nowork_nowork,0.15656317265254244,N=500000,500000,41.27378511428833,0.15790902442218085,0.0013458517696384176,udd1,36987,0.2606027326,0.0022824635438857183,Approximate: uses total age-cell frequency,0.589648747400017
61,nowork_nowork,0.17689924210562455,N=500000,500000,41.27378511428833,0.17792859725370752,0.0010293551480829721,udd1,35482,0.2778040541,0.0023778955105194003,Approximate: uses total age-cell frequency,0.43288493692396585
62,nowork_nowork,0.20102094053822359,N=500000,500000,41.27378511428833,0.20131107017699557,0.00029012963877197984,udd1,34081,0.3056767023,0.0024954902311029063,Approximate: uses total age-cell frequency,0.11626158065293415
63,nowork_nowork,0.22866722621483151,N=500000,500000,41.27378511428833,0.22842554177215466,0.0002416844426768594,udd1,32751,0.3404534998,0.0026184201177384928,Approximate: uses total age-cell frequency,0.09230162915399542
64,nowork_nowork,0.2588327570398029,N=500000,500000,41.27378511428833,0.25820801894294143,0.0006247380968614769,udd1,31813,0.3903164316,0.0027350064183156012,Approximate: uses total age-cell frequency,0.2284228997335341
65,nowork_nowork,0.2934243911162775,N=500000,500000,41.27378511428833,0.292677393615238,0.0007469975010395147,udd1,31074,0.467988757,0.0028306067261004274,Approximate: uses total age-cell frequency,0.26390013637415904
66,nowork_nowork,0.34217333007184336,N=500000,500000,41.27378511428833,0.34161984324389805,0.0005534868279453153,udd1,30479,0.539813816,0.002854883751424113,Approximate: uses total age-cell frequency,0.1938736831820971
67,nowork_nowork,0.41865328795111223,N=500000,500000,41.27378511428833,0.417177618087508,0.0014756698636042564,udd1,30295,0.6314256825,0.002771648662609021,Approximate: uses total age-cell frequency,0.5324159167472446
68,nowork_nowork,0.4878347857161209,N=500000,500000,41.27378511428833,0.4880513922629102,0.0002166065467893441,udd1,29842,0.7120360878,0.0026212356880075983,Approximate: uses total age-cell frequency,0.08263528067328686
69,nowork_nowork,0.5380131146137326,N=500000,500000,41.27378511428833,0.5390897886758996,0.001076674062167049,udd1,29091,0.7710954538,0.002463212927763735,Approximate: uses total age-cell frequency,0.43710149862867265
70,nowork_nowork,0.5834956850433437,N=500000,500000,41.27378511428833,0.5839198099997454,0.00042412495640165027,udd1,28733,0.8070961957,0.002327783363356363,Approximate: uses total age-cell frequency,0.18220121471704173
71,nowork_nowork,0.6252768154505799,N=500000,500000,41.27378511428833,0.6260740902297753,0.0007972747791954449,udd1,28201,0.8336716624,0.0022174221883415916,Approximate: uses total age-cell frequency,0.359550284734783
72,nowork_nowork,0.6659687034655906,N=500000,500000,41.27378511428833,0.666351731634716,0.00038302816912538784,udd1,27755,0.856346256,0.00210529306804352,Approximate: uses total age-cell frequency,0.18193579551437064
73,nowork_nowork,0.7029975596706208,N=500000,500000,41.27378511428833,0.7040263764698518,0.0010288167992309472,udd1,27615,0.8718269016,0.0020115973300965846,Approximate: uses total age-cell frequency,0.5114427146219913
74,nowork_nowork,0.7373030384511966,N=500000,500000,41.27378511428833,0.7385715936483026,0.0012685551971060027,udd1,27541,0.8887136743,0.001895012070113755,Approximate: uses total age-cell frequency,0.6694180037754868
75,nowork_nowork,0.7699435938759065,N=500000,500000,41.27378511428833,0.7703021557955667,0.00035856191966021633,udd1,27329,0.8978180839,0.001832185008002886,Approximate: uses total age-cell frequency,0.19570180854773786
76,nowork_nowork,0.7987969205316147,N=500000,500000,41.27378511428833,0.7994939145822345,0.000696994050619848,udd1,25186,0.9088815183,0.0018133317839947713,Approximate: uses total age-cell frequency,0.3843720475049357
77,nowork_nowork,0.8237709716055942,N=500000,500000,41.27378511428833,0.8236762022520467,9.476935354746363e-05,udd1,22442,0.9167267113,0.0018443444032827103,Approximate: uses total age-cell frequency,0.051383761828206066
78,nowork_nowork,0.8460250283556251,N=500000,500000,41.27378511428833,0.8457002827284472,0.00032474562717788036,udd1,19392,0.9263214736,0.00187603108541212,Approximate: uses total age-cell frequency,0.17310247666100978
79,nowork_nowork,0.8627609699044171,N=500000,500000,41.27378511428833,0.8631254343724154,0.00036446446799831556,udd1,16359,0.9325723199,0.00196056837544874,Approximate: uses total age-cell frequency,0.18589735127952167
80,nowork_nowork,0.8771447917684672,N=500000,500000,41.27378511428833,0.8769571626702023,0.00018762909826486318,udd1,13610,0.9380829016,0.00206584077643286,Approximate: uses total age-cell frequency,0.09082456905940599
81,nowork_nowork,0.8867627746162235,N=500000,500000,41.27378511428833,0.8864407596823901,0.0003220149338334366,udd1,11239,0.9424001673,0.002197679983646345,Approximate: uses total age-cell frequency,0.1465249427713111
82,nowork_nowork,0.8859272259458085,N=500000,500000,41.27378511428833,0.8854969254061261,0.00043030053968240445,udd1,7491,0.9497184232,0.0025248290421263082,Approximate: uses total age-cell frequency,0.1704275943055625
83,nowork_nowork,0.8723106606715808,N=500000,500000,41.27378511428833,0.8716194687805389,0.0006911918910419423,udd1,4499,0.9532856504,0.0031461446377548307,Approximate: uses total age-cell frequency,0.21969488711593202
84,nowork_nowork,0.1824008185665783,N=500000,500000,41.27378511428833,0.18495234420937404,0.0025515256427957322,udd1,1982,0.9549138804,0.004660705990802418,Approximate: uses total age-cell frequency,0.5474547520978565
30,prob_work,0.683829,N=1000000,1000000,90.34131908416748,0.683829,0.0,udd1,2840,0.7408450704,0.008222128593867357,Uses total age-cell frequency,0.0
31,prob_work,0.696873,N=1000000,1000000,90.34131908416748,0.696873,0.0,udd1,5097,0.7255248185,0.00625058060855109,Uses total age-cell frequency,0.0
32,prob_work,0.7108331199897595,N=1000000,1000000,90.34131908416748,0.7108331199897595,0.0,udd1,7282,0.7283713266,0.005212413841895231,Uses total age-cell frequency,0.0
33,prob_work,0.7212743720402254,N=1000000,1000000,90.34131908416748,0.7212743720402254,0.0,udd1,9171,0.7294733399,0.00463875463007704,Uses total age-cell frequency,0.0
34,prob_work,0.7294789014869237,N=1000000,1000000,90.34131908416748,0.7294789014869237,0.0,udd1,11180,0.7228980322,0.004232894306220716,Uses total age-cell frequency,0.0
35,prob_work,0.7369026608878697,N=1000000,1000000,90.34131908416748,0.7369026608878697,0.0,udd1,13112,0.7188834655,0.003925888602819013,Uses total age-cell frequency,0.0
36,prob_work,0.7436603621392094,N=1000000,1000000,90.34131908416748,0.7436603621392094,0.0,udd1,17702,0.7478815953,0.0032636796977581362,Uses total age-cell frequency,0.0
37,prob_work,0.7500132646840052,N=1000000,1000000,90.34131908416748,0.7500132646840052,0.0,udd1,22115,0.7633280579,0.0028581533632124284,Uses total age-cell frequency,0.0
38,prob_work,0.7552311333179101,N=1000000,1000000,90.34131908416748,0.7552311333179101,0.0,udd1,26699,0.7775197573,0.0025453877161882243,Uses total age-cell frequency,0.0
39,prob_work,0.7600280956011948,N=1000000,1000000,90.34131908416748,0.7600280956011948,0.0,udd1,31731,0.7868960953,0.0022988599768867745,Uses total age-cell frequency,0.0
40,prob_work,0.7655733332798598,N=1000000,1000000,90.34131908416748,0.7655733332798598,0.0,udd1,32214,0.7873905755,0.0022796282744457015,Uses total age-cell frequency,0.0
41,prob_work,0.7716119801621582,N=1000000,1000000,90.34131908416748,0.7716119801621582,0.0,udd1,32959,0.7841864134,0.0022660111095178944,Uses total age-cell frequency,0.0
42,prob_work,0.7763678719537298,N=1000000,1000000,90.34131908416748,0.7763678719537298,0.0,udd1,33929,0.7889416134,0.002215328879254968,Uses total age-cell frequency,0.0
43,prob_work,0.7807135333327972,N=1000000,1000000,90.34131908416748,0.7807135333327972,0.0,udd1,34810,0.7871588624,0.0021938501947408816,Uses total age-cell frequency,0.0
44,prob_work,0.784895719608658,N=1000000,1000000,90.34131908416748,0.784895719608658,0.0,udd1,35491,0.7868473698,0.0021738595353921033,Uses total age-cell frequency,0.0
45,prob_work,0.7889726351041612,N=1000000,1000000,90.34131908416748,0.7889726351041612,0.0,udd1,36530,0.789488092,0.002132977575295862,Uses total age-cell frequency,0.0
46,prob_work,0.7924560472488291,N=1000000,1000000,90.34131908416748,0.7924560472488291,0.0,udd1,37648,0.7887537187,0.002103750786040311,Uses total age-cell frequency,0.0
47,prob_work,0.7966887878999178,N=1000000,1000000,90.34131908416748,0.7966887878999178,0.0,udd1,38609,0.7876919889,0.002081215868645027,Uses total age-cell frequency,0.0
48,prob_work,0.799972259007723,N=1000000,1000000,90.34131908416748,0.799972259007723,0.0,udd1,39731,0.7834688279,0.002066361617364992,Uses total age-cell frequency,0.0
49,prob_work,0.8029248249974638,N=1000000,1000000,90.34131908416748,0.8029248249974638,0.0,udd1,40045,0.778873767,0.002073860420280879,Uses total age-cell frequency,0.0
50,prob_work,0.8042378775430519,N=1000000,1000000,90.34131908416748,0.8042378775430519,0.0,udd1,40332,0.7723147873,0.002088044301422947,Uses total age-cell frequency,0.0
51,prob_work,0.8025957739657941,N=1000000,1000000,90.34131908416748,0.8025957739657941,0.0,udd1,40778,0.7666633969,0.002094502289083435,Uses total age-cell frequency,0.0
52,prob_work,0.7987324336843784,N=1000000,1000000,90.34131908416748,0.7987324336843784,0.0,udd1,41035,0.7649811137,0.0020931459883932807,Uses total age-cell frequency,0.0
53,prob_work,0.7934820861510491,N=1000000,1000000,90.34131908416748,0.7934820861510491,0.0,udd1,41296,0.7609695854,0.0020987283947791133,Uses total age-cell frequency,0.0
54,prob_work,0.784674223763665,N=1000000,1000000,90.34131908416748,0.784674223763665,0.0,udd1,42101,0.7576067077,0.0020885073047798696,Uses total age-cell frequency,0.0
55,prob_work,0.7755647564665469,N=1000000,1000000,90.34131908416748,0.7755647564665469,0.0,udd1,42583,0.7569922269,0.002078440831126764,Uses total age-cell frequency,0.0
56,prob_work,0.7632594802582918,N=1000000,1000000,90.34131908416748,0.7632594802582918,0.0,udd1,42538,0.7530443368,0.002090890237522,Uses total age-cell frequency,0.0
57,prob_work,0.7489944785071087,N=1000000,1000000,90.34131908416748,0.7489944785071087,0.0,udd1,41686,0.7471813079,0.002128739296911431,Uses total age-cell frequency,0.0
58,prob_work,0.7307244358608406,N=1000000,1000000,90.34131908416748,0.7307244358608406,0.0,udd1,40096,0.7387270551,0.002194010481356121,Uses total age-cell frequency,0.0
59,prob_work,0.7097918840156904,N=1000000,1000000,90.34131908416748,0.7097918840156904,0.0,udd1,38600,0.7272279793,0.002266947946080665,Uses total age-cell frequency,0.0
60,prob_work,0.6855956931966858,N=1000000,1000000,90.34131908416748,0.6855956931966858,0.0,udd1,36987,0.7127909806,0.002352640566524788,Uses total age-cell frequency,0.0
61,prob_work,0.6597356701530855,N=1000000,1000000,90.34131908416748,0.6597356701530855,0.0,udd1,35482,0.6865171073,0.0024627966771964926,Uses total age-cell frequency,0.0
62,prob_work,0.6292249382561057,N=1000000,1000000,90.34131908416748,0.6292249382561057,0.0,udd1,34081,0.6530911652,0.0025783295133971025,Uses total age-cell frequency,0.0
63,prob_work,0.5988116141876395,N=1000000,1000000,90.34131908416748,0.5988116141876395,0.0,udd1,32751,0.608439437,0.002697092662546113,Uses total age-cell frequency,0.0
64,prob_work,0.5623299199519358,N=1000000,1000000,90.34131908416748,0.5623299199519358,0.0,udd1,31813,0.5374218087,0.002795425401590887,Uses total age-cell frequency,0.0
65,prob_work,0.517231437007302,N=1000000,1000000,90.34131908416748,0.517231437007302,0.0,udd1,31074,0.4617365,0.0028281079857679146,Uses total age-cell frequency,0.0
66,prob_work,0.44552538654089346,N=1000000,1000000,90.34131908416748,0.44552538654089346,0.0,udd1,30479,0.369729978,0.0027650647198966876,Uses total age-cell frequency,0.0
67,prob_work,0.37107423299844333,N=1000000,1000000,90.34131908416748,0.37107423299844333,0.0,udd1,30295,0.2943389998,0.0026184029670637456,Uses total age-cell frequency,0.0
68,prob_work,0.32468857507409876,N=1000000,1000000,90.34131908416748,0.32468857507409876,0.0,udd1,29842,0.2285369613,0.002430646617745015,Uses total age-cell frequency,0.0
69,prob_work,0.28681176455207874,N=1000000,1000000,90.34131908416748,0.28681176455207874,0.0,udd1,29091,0.1882712867,0.0022920187942329336,Uses total age-cell frequency,0.0
70,prob_work,0.2535312866358486,N=1000000,1000000,90.34131908416748,0.2535312866358486,0.0,udd1,28733,0.1609299412,0.0021678391339006327,Uses total age-cell frequency,0.0
71,prob_work,0.2216758657780664,N=1000000,1000000,90.34131908416748,0.2216758657780664,0.0,udd1,28201,0.1363072231,0.0020431809215295735,Uses total age-cell frequency,0.0
72,prob_work,0.19313771804171365,N=1000000,1000000,90.34131908416748,0.19313771804171365,0.0,udd1,27755,0.1211313277,0.0019584821378455207,Uses total age-cell frequency,0.0
73,prob_work,0.16780046534436527,N=1000000,1000000,90.34131908416748,0.16780046534436527,0.0,udd1,27615,0.1057758465,0.0018507336830483588,Uses total age-cell frequency,0.0
74,prob_work,0.14563273773853128,N=1000000,1000000,90.34131908416748,0.14563273773853128,0.0,udd1,27541,0.0951672053,0.0017682268125482755,Uses total age-cell frequency,0.0
75,prob_work,0.12457173648270489,N=1000000,1000000,90.34131908416748,0.12457173648270489,0.0,udd1,27329,0.085733104,0.0016935534234307523,Uses total age-cell frequency,0.0
76,prob_work,0.10751288990336536,N=1000000,1000000,90.34131908416748,0.10751288990336536,0.0,udd1,25186,0.0762725324,0.0016725396125979084,Uses total age-cell frequency,0.0
77,prob_work,0.0932165494225829,N=1000000,1000000,90.34131908416748,0.0932165494225829,0.0,udd1,22442,0.0706710632,0.001710703577368741,Uses total age-cell frequency,0.0
78,prob_work,0.080256574888502,N=1000000,1000000,90.34131908416748,0.080256574888502,0.0,udd1,19392,0.0636344884,0.001752902182840434,Uses total age-cell frequency,0.0
79,prob_work,0.07151689038049786,N=1000000,1000000,90.34131908416748,0.07151689038049786,0.0,udd1,16359,0.0566660554,0.0018076562448152392,Uses total age-cell frequency,0.0
80,prob_work,0.06333574662212259,N=1000000,1000000,90.34131908416748,0.06333574662212259,0.0,udd1,13610,0.0522409993,0.001907329096678725,Uses total age-cell frequency,0.0
81,prob_work,0.0601730461839719,N=1000000,1000000,90.34131908416748,0.0601730461839719,0.0,udd1,11239,0.0477800516,0.0020120006158682985,Uses total age-cell frequency,0.0
82,prob_work,0.06397020451654764,N=1000000,1000000,90.34131908416748,0.06397020451654764,0.0,udd1,7491,0.0392470965,0.0022435704994076444,Uses total age-cell frequency,0.0
83,prob_work,0.07691797767945924,N=1000000,1000000,90.34131908416748,0.07691797767945924,0.0,udd1,4499,0.0384529896,0.002866766492096879,Uses total age-cell frequency,0.0
84,prob_work,0.799192605624801,N=1000000,1000000,90.34131908416748,0.799192605624801,0.0,udd1,1982,0.0363269425,0.004202690968497573,Uses total age-cell frequency,0.0
30,hours_0,0.316171,N=1000000,1000000,90.34131908416748,0.316171,0.0,udd1,2840,0.2591549296,0.008222128593867357,Uses total age-cell frequency,0.0
31,hours_0,0.303127,N=1000000,1000000,90.34131908416748,0.303127,0.0,udd1,5097,0.2744751815,0.00625058060855109,Uses total age-cell frequency,0.0
32,hours_0,0.2891668800102405,N=1000000,1000000,90.34131908416748,0.2891668800102405,0.0,udd1,7282,0.2716286734,0.005212413841895232,Uses total age-cell frequency,0.0
33,hours_0,0.27872562795977457,N=1000000,1000000,90.34131908416748,0.27872562795977457,0.0,udd1,9171,0.2705266601,0.00463875463007704,Uses total age-cell frequency,0.0
34,hours_0,0.2705210985130762,N=1000000,1000000,90.34131908416748,0.2705210985130762,0.0,udd1,11180,0.2771019678,0.004232894306220716,Uses total age-cell frequency,0.0
35,hours_0,0.2630973391121303,N=1000000,1000000,90.34131908416748,0.2630973391121303,0.0,udd1,13112,0.2811165345,0.003925888602819014,Uses total age-cell frequency,0.0
36,hours_0,0.25633963786079067,N=1000000,1000000,90.34131908416748,0.25633963786079067,0.0,udd1,17702,0.2521184047,0.0032636796977581362,Uses total age-cell frequency,0.0
37,hours_0,0.2499867353159948,N=1000000,1000000,90.34131908416748,0.2499867353159948,0.0,udd1,22115,0.2366719421,0.0028581533632124284,Uses total age-cell frequency,0.0
38,hours_0,0.24476886668208991,N=1000000,1000000,90.34131908416748,0.24476886668208991,0.0,udd1,26699,0.2224802427,0.0025453877161882243,Uses total age-cell frequency,0.0
39,hours_0,0.23997190439880522,N=1000000,1000000,90.34131908416748,0.23997190439880522,0.0,udd1,31731,0.2131039047,0.0022988599768867745,Uses total age-cell frequency,0.0
40,hours_0,0.2344266667201402,N=1000000,1000000,90.34131908416748,0.2344266667201402,0.0,udd1,32214,0.2126094245,0.002279628274445702,Uses total age-cell frequency,0.0
41,hours_0,0.2283880198378418,N=1000000,1000000,90.34131908416748,0.2283880198378418,0.0,udd1,32959,0.2158135866,0.0022660111095178944,Uses total age-cell frequency,0.0
42,hours_0,0.22363212804627017,N=1000000,1000000,90.34131908416748,0.22363212804627017,0.0,udd1,33929,0.2110583866,0.0022153288792549682,Uses total age-cell frequency,0.0
43,hours_0,0.21928646666720272,N=1000000,1000000,90.34131908416748,0.21928646666720272,0.0,udd1,34810,0.2128411376,0.0021938501947408816,Uses total age-cell frequency,0.0
44,hours_0,0.21510428039134202,N=1000000,1000000,90.34131908416748,0.21510428039134202,0.0,udd1,35491,0.2131526302,0.0021738595353921033,Uses total age-cell frequency,0.0
45,hours_0,0.2110273648958389,N=1000000,1000000,90.34131908416748,0.2110273648958389,0.0,udd1,36530,0.210511908,0.0021329775752958625,Uses total age-cell frequency,0.0
46,hours_0,0.20754395275117082,N=1000000,1000000,90.34131908416748,0.20754395275117082,0.0,udd1,37648,0.2112462813,0.002103750786040311,Uses total age-cell frequency,0.0
47,hours_0,0.20331121210008216,N=1000000,1000000,90.34131908416748,0.20331121210008216,0.0,udd1,38609,0.2123080111,0.002081215868645027,Uses total age-cell frequency,0.0
48,hours_0,0.20002774099227708,N=1000000,1000000,90.34131908416748,0.20002774099227708,0.0,udd1,39731,0.2165311721,0.002066361617364992,Uses total age-cell frequency,0.0
49,hours_0,0.19707517500253627,N=1000000,1000000,90.34131908416748,0.19707517500253627,0.0,udd1,40045,0.221126233,0.002073860420280879,Uses total age-cell frequency,0.0
50,hours_0,0.1957621224569481,N=1000000,1000000,90.34131908416748,0.1957621224569481,0.0,udd1,40332,0.2276852127,0.002088044301422947,Uses total age-cell frequency,0.0
51,hours_0,0.1974042260342059,N=1000000,1000000,90.34131908416748,0.1974042260342059,0.0,udd1,40778,0.2333366031,0.002094502289083435,Uses total age-cell frequency,0.0
52,hours_0,0.20126756631562157,N=1000000,1000000,90.34131908416748,0.20126756631562157,0.0,udd1,41035,0.2350188863,0.0020931459883932807,Uses total age-cell frequency,0.0
53,hours_0,0.20651791384895093,N=1000000,1000000,90.34131908416748,0.20651791384895093,0.0,udd1,41296,0.2390304146,0.0020987283947791133,Uses total age-cell frequency,0.0
54,hours_0,0.21532577623633503,N=1000000,1000000,90.34131908416748,0.21532577623633503,0.0,udd1,42101,0.2423932923,0.0020885073047798696,Uses total age-cell frequency,0.0
55,hours_0,0.22443524353345315,N=1000000,1000000,90.34131908416748,0.22443524353345315,0.0,udd1,42583,0.2430077731,0.002078440831126764,Uses total age-cell frequency,0.0
56,hours_0,0.23674051974170815,N=1000000,1000000,90.34131908416748,0.23674051974170815,0.0,udd1,42538,0.2469556632,0.002090890237522,Uses total age-cell frequency,0.0
57,hours_0,0.2510055214928914,N=1000000,1000000,90.34131908416748,0.2510055214928914,0.0,udd1,41686,0.2528186921,0.0021287392969114314,Uses total age-cell frequency,0.0
58,hours_0,0.26927556413915943,N=1000000,1000000,90.34131908416748,0.26927556413915943,0.0,udd1,40096,0.2612729449,0.002194010481356121,Uses total age-cell frequency,0.0
59,hours_0,0.2902081159843096,N=1000000,1000000,90.34131908416748,0.2902081159843096,0.0,udd1,38600,0.2727720207,0.0022669479460806653,Uses total age-cell frequency,0.0
60,hours_0,0.3144043068033142,N=1000000,1000000,90.34131908416748,0.3144043068033142,0.0,udd1,36987,0.2872090194,0.002352640566524788,Uses total age-cell frequency,0.0
61,hours_0,0.3402643298469144,N=1000000,1000000,90.34131908416748,0.3402643298469144,0.0,udd1,35482,0.3134828927,0.002462796677196493,Uses total age-cell frequency,0.0
62,hours_0,0.37077506174389435,N=1000000,1000000,90.34131908416748,0.37077506174389435,0.0,udd1,34081,0.3469088348,0.0025783295133971025,Uses total age-cell frequency,0.0
63,hours_0,0.4011883858123605,N=1000000,1000000,90.34131908416748,0.4011883858123605,0.0,udd1,32751,0.391560563,0.002697092662546113,Uses total age-cell frequency,0.0
64,hours_0,0.4376700800480642,N=1000000,1000000,90.34131908416748,0.4376700800480642,0.0,udd1,31813,0.4625781913,0.002795425401590887,Uses total age-cell frequency,0.0
65,hours_0,0.48276856299269794,N=1000000,1000000,90.34131908416748,0.48276856299269794,0.0,udd1,31074,0.5382635,0.0028281079857679146,Uses total age-cell frequency,0.0
66,hours_0,0.5544746134591065,N=1000000,1000000,90.34131908416748,0.5544746134591065,0.0,udd1,30479,0.630270022,0.0027650647198966876,Uses total age-cell frequency,0.0
67,hours_0,0.6289257670015567,N=1000000,1000000,90.34131908416748,0.6289257670015567,0.0,udd1,30295,0.7056610002,0.0026184029670637456,Uses total age-cell frequency,0.0
68,hours_0,0.6753114249259012,N=1000000,1000000,90.34131908416748,0.6753114249259012,0.0,udd1,29842,0.7714630387,0.002430646617745015,Uses total age-cell frequency,0.0
69,hours_0,0.7131882354479213,N=1000000,1000000,90.34131908416748,0.7131882354479213,0.0,udd1,29091,0.8117287133,0.0022920187942329336,Uses total age-cell frequency,0.0
70,hours_0,0.7464687133641514,N=1000000,1000000,90.34131908416748,0.7464687133641514,0.0,udd1,28733,0.8390700588,0.0021678391339006327,Uses total age-cell frequency,0.0
71,hours_0,0.7783241342219336,N=1000000,1000000,90.34131908416748,0.7783241342219336,0.0,udd1,28201,0.8636927769,0.0020431809215295735,Uses total age-cell frequency,0.0
72,hours_0,0.8068622819582864,N=1000000,1000000,90.34131908416748,0.8068622819582864,0.0,udd1,27755,0.8788686723,0.0019584821378455207,Uses total age-cell frequency,0.0
73,hours_0,0.8321995346556348,N=1000000,1000000,90.34131908416748,0.8321995346556348,0.0,udd1,27615,0.8942241535,0.001850733683048359,Uses total age-cell frequency,0.0
74,hours_0,0.8543672622614688,N=1000000,1000000,90.34131908416748,0.8543672622614688,0.0,udd1,27541,0.9048327947,0.0017682268125482755,Uses total age-cell frequency,0.0
75,hours_0,0.8754282635172951,N=1000000,1000000,90.34131908416748,0.8754282635172951,0.0,udd1,27329,0.914266896,0.0016935534234307523,Uses total age-cell frequency,0.0
76,hours_0,0.8924871100966346,N=1000000,1000000,90.34131908416748,0.8924871100966346,0.0,udd1,25186,0.9237274676,0.0016725396125979082,Uses total age-cell frequency,0.0
77,hours_0,0.9067834505774172,N=1000000,1000000,90.34131908416748,0.9067834505774172,0.0,udd1,22442,0.9293289368,0.0017107035773687416,Uses total age-cell frequency,0.0
78,hours_0,0.919743425111498,N=1000000,1000000,90.34131908416748,0.919743425111498,0.0,udd1,19392,0.9363655116,0.0017529021828404337,Uses total age-cell frequency,0.0
79,hours_0,0.9284831096195022,N=1000000,1000000,90.34131908416748,0.9284831096195022,0.0,udd1,16359,0.9433339446,0.0018076562448152398,Uses total age-cell frequency,0.0
80,hours_0,0.9366642533778774,N=1000000,1000000,90.34131908416748,0.9366642533778774,0.0,udd1,13610,0.9477590007,0.0019073290966787255,Uses total age-cell frequency,0.0
81,hours_0,0.9398269538160281,N=1000000,1000000,90.34131908416748,0.9398269538160281,0.0,udd1,11239,0.9522199484,0.002012000615868298,Uses total age-cell frequency,0.0
82,hours_0,0.9360297954834523,N=1000000,1000000,90.34131908416748,0.9360297954834523,0.0,udd1,7491,0.9607529035,0.002243570499407645,Uses total age-cell frequency,0.0
83,hours_0,0.9230820223205407,N=1000000,1000000,90.34131908416748,0.9230820223205407,0.0,udd1,4499,0.9615470104,0.0028667664920968786,Uses total age-cell frequency,0.0
84,hours_0,0.200807394375199,N=1000000,1000000,90.34131908416748,0.200807394375199,0.0,udd1,1982,0.9636730575,0.004202690968497574,Uses total age-cell frequency,0.0
30,hours_1,0.094294,N=1000000,1000000,90.34131908416748,0.094294,0.0,udd1,2840,0.1183098592,0.006060511657851703,Uses total age-cell frequency,0.0
31,hours_1,0.085412,N=1000000,1000000,90.34131908416748,0.085412,0.0,udd1,5097,0.1071218364,0.004331893678080904,Uses total age-cell frequency,0.0
32,hours_1,0.08316299182360753,N=1000000,1000000,90.34131908416748,0.08316299182360753,0.0,udd1,7282,0.1038176325,0.0035744433669348003,Uses total age-cell frequency,0.0
33,hours_1,0.08218109444775044,N=1000000,1000000,90.34131908416748,0.08218109444775044,0.0,udd1,9171,0.1065314579,0.0032215896517352335,Uses total age-cell frequency,0.0
34,hours_1,0.08203337951316125,N=1000000,1000000,90.34131908416748,0.08203337951316125,0.0,udd1,11180,0.0989266547,0.002823682298947707,Uses total age-cell frequency,0.0
35,hours_1,0.08153246171146836,N=1000000,1000000,90.34131908416748,0.08153246171146836,0.0,udd1,13112,0.0928920073,0.0025350364040468225,Uses total age-cell frequency,0.0
36,hours_1,0.08040699379221379,N=1000000,1000000,90.34131908416748,0.08040699379221379,0.0,udd1,17702,0.0856400407,0.0021032256234948215,Uses total age-cell frequency,0.0
37,hours_1,0.07965317606590495,N=1000000,1000000,90.34131908416748,0.07965317606590495,0.0,udd1,22115,0.0814379381,0.0018391797011797866,Uses total age-cell frequency,0.0
38,hours_1,0.07878873462307698,N=1000000,1000000,90.34131908416748,0.07878873462307698,0.0,udd1,26699,0.0749840818,0.0016118018295973031,Uses total age-cell frequency,0.0
39,hours_1,0.07868070912335512,N=1000000,1000000,90.34131908416748,0.07868070912335512,0.0,udd1,31731,0.0734612839,0.0014646004502355855,Uses total age-cell frequency,0.0
40,hours_1,0.07756136590139345,N=1000000,1000000,90.34131908416748,0.07756136590139345,0.0,udd1,32214,0.0723288011,0.001443212702723746,Uses total age-cell frequency,0.0
41,hours_1,0.07751727985182821,N=1000000,1000000,90.34131908416748,0.07751727985182821,0.0,udd1,32959,0.068630723,0.0013926219231663126,Uses total age-cell frequency,0.0
42,hours_1,0.0771269919368605,N=1000000,1000000,90.34131908416748,0.0771269919368605,0.0,udd1,33929,0.0686138701,0.0013724145421682345,Uses total age-cell frequency,0.0
43,hours_1,0.07660090699301261,N=1000000,1000000,90.34131908416748,0.07660090699301261,0.0,udd1,34810,0.0652398736,0.0013235935225971284,Uses total age-cell frequency,0.0
44,hours_1,0.07561095620797113,N=1000000,1000000,90.34131908416748,0.07561095620797113,0.0,udd1,35491,0.0657631512,0.001315711546537924,Uses total age-cell frequency,0.0
45,hours_1,0.07539174388367728,N=1000000,1000000,90.34131908416748,0.07539174388367728,0.0,udd1,36530,0.062168081,0.001263343353061447,Uses total age-cell frequency,0.0
46,hours_1,0.07457994426833525,N=1000000,1000000,90.34131908416748,0.07457994426833525,0.0,udd1,37648,0.0624734382,0.0012472931563161074,Uses total age-cell frequency,0.0
47,hours_1,0.07401063314829917,N=1000000,1000000,90.34131908416748,0.07401063314829917,0.0,udd1,38609,0.0610738429,0.0012187063281124406,Uses total age-cell frequency,0.0
48,hours_1,0.07350755486439312,N=1000000,1000000,90.34131908416748,0.07350755486439312,0.0,udd1,39731,0.0571845662,0.001164898293518894,Uses total age-cell frequency,0.0
49,hours_1,0.07369179263467586,N=1000000,1000000,90.34131908416748,0.07369179263467586,0.0,udd1,40045,0.0590585591,0.0011780089024832003,Uses total age-cell frequency,0.0
50,hours_1,0.07363055485508366,N=1000000,1000000,90.34131908416748,0.07363055485508366,0.0,udd1,40332,0.0581176237,0.001165003903383576,Uses total age-cell frequency,0.0
51,hours_1,0.07375321795427318,N=1000000,1000000,90.34131908416748,0.07375321795427318,0.0,udd1,40778,0.0571386532,0.0011494126035636256,Uses total age-cell frequency,0.0
52,hours_1,0.07344031363983569,N=1000000,1000000,90.34131908416748,0.07344031363983569,0.0,udd1,41035,0.057779944,0.0011518276815362333,Uses total age-cell frequency,0.0
53,hours_1,0.07430048315424101,N=1000000,1000000,90.34131908416748,0.07430048315424101,0.0,udd1,41296,0.0593762108,0.0011629478093617745,Uses total age-cell frequency,0.0
54,hours_1,0.07520368738003246,N=1000000,1000000,90.34131908416748,0.07520368738003246,0.0,udd1,42101,0.0570057718,0.001129972115609378,Uses total age-cell frequency,0.0
55,hours_1,0.07544873399003571,N=1000000,1000000,90.34131908416748,0.07544873399003571,0.0,udd1,42583,0.0551393749,0.001106105794570444,Uses total age-cell frequency,0.0
56,hours_1,0.07668143174130924,N=1000000,1000000,90.34131908416748,0.07668143174130924,0.0,udd1,42538,0.0563496168,0.0011180533065796494,Uses total age-cell frequency,0.0
57,hours_1,0.07732073942897238,N=1000000,1000000,90.34131908416748,0.07732073942897238,0.0,udd1,41686,0.0563258648,0.0011291973440931066,Uses total age-cell frequency,0.0
58,hours_1,0.07865339638711494,N=1000000,1000000,90.34131908416748,0.07865339638711494,0.0,udd1,40096,0.0542946927,0.0011316342366709572,Uses total age-cell frequency,0.0
59,hours_1,0.07965782260937214,N=1000000,1000000,90.34131908416748,0.07965782260937214,0.0,udd1,38600,0.0550518135,0.0011609036069908578,Uses total age-cell frequency,0.0
60,hours_1,0.08094524836828831,N=1000000,1000000,90.34131908416748,0.08094524836828831,0.0,udd1,36987,0.0578581664,0.001213992275733719,Uses total age-cell frequency,0.0
61,hours_1,0.08129553596046746,N=1000000,1000000,90.34131908416748,0.08129553596046746,0.0,udd1,35482,0.0615523364,0.0012759194392775028,Uses total age-cell frequency,0.0
62,hours_1,0.08149436458443816,N=1000000,1000000,90.34131908416748,0.08149436458443816,0.0,udd1,34081,0.0618233033,0.001304554595963407,Uses total age-cell frequency,0.0
63,hours_1,0.08124096500074848,N=1000000,1000000,90.34131908416748,0.08124096500074848,0.0,udd1,32751,0.0672651217,0.0013840819088407554,Uses total age-cell frequency,0.0
64,hours_1,0.07979846618720292,N=1000000,1000000,90.34131908416748,0.07979846618720292,0.0,udd1,31813,0.0708515387,0.001438516628452891,Uses total age-cell frequency,0.0
65,hours_1,0.0818110498447729,N=1000000,1000000,90.34131908416748,0.0818110498447729,0.0,udd1,31074,0.0767200875,0.0015098112513191968,Uses total age-cell frequency,0.0
66,hours_1,0.1268823242380981,N=1000000,1000000,90.34131908416748,0.1268823242380981,0.0,udd1,30479,0.0778568851,0.0015347841985944811,Uses total age-cell frequency,0.0
67,hours_1,0.11935296719456363,N=1000000,1000000,90.34131908416748,0.11935296719456363,0.0,udd1,30295,0.0827859383,0.0015831722227347964,Uses total age-cell frequency,0.0
68,hours_1,0.11034090683576399,N=1000000,1000000,90.34131908416748,0.11034090683576399,0.0,udd1,29842,0.0816634274,0.0015852610123329443,Uses total age-cell frequency,0.0
69,hours_1,0.10092951228237397,N=1000000,1000000,90.34131908416748,0.10092951228237397,0.0,udd1,29091,0.07679351,0.0015611058760430082,Uses total age-cell frequency,0.0
70,hours_1,0.09325191158053492,N=1000000,1000000,90.34131908416748,0.09325191158053492,0.0,udd1,28733,0.0722862214,0.0015277218102385834,Uses total age-cell frequency,0.0
71,hours_1,0.08468304579397791,N=1000000,1000000,90.34131908416748,0.08468304579397791,0.0,udd1,28201,0.0690046452,0.0015093177043471182,Uses total age-cell frequency,0.0
72,hours_1,0.07614824296729755,N=1000000,1000000,90.34131908416748,0.07614824296729755,0.0,udd1,27755,0.0658259773,0.001488476338116762,Uses total age-cell frequency,0.0
73,hours_1,0.0690647725968511,N=1000000,1000000,90.34131908416748,0.0690647725968511,0.0,udd1,27615,0.059967409,0.0014287510877519466,Uses total age-cell frequency,0.0
74,hours_1,0.06197446529489064,N=1000000,1000000,90.34131908416748,0.06197446529489064,0.0,udd1,27541,0.0567880614,0.0013945796178282007,Uses total age-cell frequency,0.0
75,hours_1,0.05439970891274187,N=1000000,1000000,90.34131908416748,0.05439970891274187,0.0,udd1,27329,0.0530206008,0.0013554413103115037,Uses total age-cell frequency,0.0
76,hours_1,0.04866172685797618,N=1000000,1000000,90.34131908416748,0.04866172685797618,0.0,udd1,25186,0.0495116334,0.0013669336362937621,Uses total age-cell frequency,0.0
77,hours_1,0.04358538810592783,N=1000000,1000000,90.34131908416748,0.04358538810592783,0.0,udd1,22442,0.0462971215,0.0014026611314735453,Uses total age-cell frequency,0.0
78,hours_1,0.0380011522636329,N=1000000,1000000,90.34131908416748,0.0380011522636329,0.0,udd1,19392,0.0436262376,0.001466818589881631,Uses total age-cell frequency,0.0
79,hours_1,0.034203371307731295,N=1000000,1000000,90.34131908416748,0.034203371307731295,0.0,udd1,16359,0.03973348,0.0015271996622671755,Uses total age-cell frequency,0.0
80,hours_1,0.029938155840304247,N=1000000,1000000,90.34131908416748,0.029938155840304247,0.0,udd1,13610,0.0368846436,0.0016155964375791274,Uses total age-cell frequency,0.0
81,hours_1,0.027679601244627077,N=1000000,1000000,90.34131908416748,0.027679601244627077,0.0,udd1,11239,0.0344336685,0.0017199620651680767,Uses total age-cell frequency,0.0
82,hours_1,0.02794616335528574,N=1000000,1000000,90.34131908416748,0.02794616335528574,0.0,udd1,7491,0.0288346015,0.0019334532639831167,Uses total age-cell frequency,0.0
83,hours_1,0.0398639127022652,N=1000000,1000000,90.34131908416748,0.0398639127022652,0.0,udd1,4499,0.0295621249,0.0025251878805889133,Uses total age-cell frequency,0.0
84,hours_1,0.19952216383551838,N=1000000,1000000,90.34131908416748,0.19952216383551838,0.0,udd1,1982,0.0277497477,0.003689493305175329,Uses total age-cell frequency,0.0
30,hours_2,0.082324,N=1000000,1000000,90.34131908416748,0.082324,0.0,udd1,2840,0.1080985915,0.005826520414997181,Uses total age-cell frequency,0.0
31,hours_2,0.07898,N=1000000,1000000,90.34131908416748,0.07898,0.0,udd1,5097,0.0980969198,0.004166297746094687,Uses total age-cell frequency,0.0
32,hours_2,0.07759972478678977,N=1000000,1000000,90.34131908416748,0.07759972478678977,0.0,udd1,7282,0.0961274375,0.0034542355305845944,Uses total age-cell frequency,0.0
33,hours_2,0.07768948808089092,N=1000000,1000000,90.34131908416748,0.07768948808089092,0.0,udd1,9171,0.0858139788,0.0029247446870282142,Uses total age-cell frequency,0.0
34,hours_2,0.07759711517782568,N=1000000,1000000,90.34131908416748,0.07759711517782568,0.0,udd1,11180,0.081216458,0.002583495589090335,Uses total age-cell frequency,0.0
35,hours_2,0.0771153238167273,N=1000000,1000000,90.34131908416748,0.0771153238167273,0.0,udd1,13112,0.0790115924,0.00235579783838509,Uses total age-cell frequency,0.0
36,hours_2,0.07655802623822967,N=1000000,1000000,90.34131908416748,0.07655802623822967,0.0,udd1,17702,0.07631906,0.001995567071818575,Uses total age-cell frequency,0.0
37,hours_2,0.07647065301288526,N=1000000,1000000,90.34131908416748,0.07647065301288526,0.0,udd1,22115,0.0699525209,0.001715184222470771,Uses total age-cell frequency,0.0
38,hours_2,0.07581925962425375,N=1000000,1000000,90.34131908416748,0.07581925962425375,0.0,udd1,26699,0.0680175287,0.0015408728347377878,Uses total age-cell frequency,0.0
39,hours_2,0.07593527591102793,N=1000000,1000000,90.34131908416748,0.07593527591102793,0.0,udd1,31731,0.0629037849,0.001362977231911488,Uses total age-cell frequency,0.0
40,hours_2,0.07577267595635757,N=1000000,1000000,90.34131908416748,0.07577267595635757,0.0,udd1,32214,0.0626435711,0.001350107369104211,Uses total age-cell frequency,0.0
41,hours_2,0.07576446225020844,N=1000000,1000000,90.34131908416748,0.07576446225020844,0.0,udd1,32959,0.0602263418,0.0013104421779777853,Uses total age-cell frequency,0.0
42,hours_2,0.0759190272017994,N=1000000,1000000,90.34131908416748,0.0759190272017994,0.0,udd1,33929,0.0575319049,0.0012641603819396497,Uses total age-cell frequency,0.0
43,hours_2,0.07525609687457284,N=1000000,1000000,90.34131908416748,0.07525609687457284,0.0,udd1,34810,0.0554151106,0.0012262600718364065,Uses total age-cell frequency,0.0
44,hours_2,0.075206452735983,N=1000000,1000000,90.34131908416748,0.075206452735983,0.0,udd1,35491,0.0567467809,0.0012280771334046918,Uses total age-cell frequency,0.0
45,hours_2,0.07475902952902073,N=1000000,1000000,90.34131908416748,0.07475902952902073,0.0,udd1,36530,0.0545305229,0.0011880063212054033,Uses total age-cell frequency,0.0
46,hours_2,0.07514291075871336,N=1000000,1000000,90.34131908416748,0.07514291075871336,0.0,udd1,37648,0.0524065023,0.001148504413959016,Uses total age-cell frequency,0.0
47,hours_2,0.07490902402816642,N=1000000,1000000,90.34131908416748,0.07490902402816642,0.0,udd1,38609,0.0495221321,0.0011041457238933944,Uses total age-cell frequency,0.0
48,hours_2,0.07411400940358892,N=1000000,1000000,90.34131908416748,0.07411400940358892,0.0,udd1,39731,0.0501623417,0.0010950875591040489,Uses total age-cell frequency,0.0
49,hours_2,0.07404788475195292,N=1000000,1000000,90.34131908416748,0.07404788475195292,0.0,udd1,40045,0.0498439256,0.0010875004494888488,Uses total age-cell frequency,0.0
50,hours_2,0.07357157964094263,N=1000000,1000000,90.34131908416748,0.07357157964094263,0.0,udd1,40332,0.0478528216,0.0010628719319140307,Uses total age-cell frequency,0.0
51,hours_2,0.07296306680600514,N=1000000,1000000,90.34131908416748,0.07296306680600514,0.0,udd1,40778,0.0466673206,0.0010445174812094254,Uses total age-cell frequency,0.0
52,hours_2,0.07207314990638457,N=1000000,1000000,90.34131908416748,0.07207314990638457,0.0,udd1,41035,0.0463750457,0.0010381348248745675,Uses total age-cell frequency,0.0
53,hours_2,0.07124601261803112,N=1000000,1000000,90.34131908416748,0.07124601261803112,0.0,udd1,41296,0.0447985277,0.0010179474729707025,Uses total age-cell frequency,0.0
54,hours_2,0.06954925156730128,N=1000000,1000000,90.34131908416748,0.06954925156730128,0.0,udd1,42101,0.0450345597,0.0010106960822572613,Uses total age-cell frequency,0.0
55,hours_2,0.06847911285202274,N=1000000,1000000,90.34131908416748,0.06847911285202274,0.0,udd1,42583,0.0444543597,0.0009987683465998794,Uses total age-cell frequency,0.0
56,hours_2,0.0668812173291559,N=1000000,1000000,90.34131908416748,0.0668812173291559,0.0,udd1,42538,0.0444778786,0.0009995485006794248,Uses total age-cell frequency,0.0
57,hours_2,0.0651354478172979,N=1000000,1000000,90.34131908416748,0.0651354478172979,0.0,udd1,41686,0.0428201315,0.0009915752182179296,Uses total age-cell frequency,0.0
58,hours_2,0.06350116519271626,N=1000000,1000000,90.34131908416748,0.06350116519271626,0.0,udd1,40096,0.0431464485,0.0010147165381913371,Uses total age-cell frequency,0.0
59,hours_2,0.06140526119406929,N=1000000,1000000,90.34131908416748,0.06140526119406929,0.0,udd1,38600,0.043238342,0.0010352440549919332,Uses total age-cell frequency,0.0
60,hours_2,0.059211093616763064,N=1000000,1000000,90.34131908416748,0.059211093616763064,0.0,udd1,36987,0.0436369535,0.0010622189651592572,Uses total age-cell frequency,0.0
61,hours_2,0.05681085471084967,N=1000000,1000000,90.34131908416748,0.05681085471084967,0.0,udd1,35482,0.0432331887,0.0010797112821044473,Uses total age-cell frequency,0.0
62,hours_2,0.05319174266053954,N=1000000,1000000,90.34131908416748,0.05319174266053954,0.0,udd1,34081,0.0443942373,0.0011156976413512737,Uses total age-cell frequency,0.0
63,hours_2,0.05031736544611999,N=1000000,1000000,90.34131908416748,0.05031736544611999,0.0,udd1,32751,0.0475710665,0.0011761844992375157,Uses total age-cell frequency,0.0
64,hours_2,0.047126530720432575,N=1000000,1000000,90.34131908416748,0.047126530720432575,0.0,udd1,31813,0.0463018263,0.0011781544377581718,Uses total age-cell frequency,0.0
65,hours_2,0.04649548846804601,N=1000000,1000000,90.34131908416748,0.04649548846804601,0.0,udd1,31074,0.0473064298,0.0012043095298290424,Uses total age-cell frequency,0.0
66,hours_2,0.047592900576598894,N=1000000,1000000,90.34131908416748,0.047592900576598894,0.0,udd1,30479,0.0360904229,0.0010683505457980311,Uses total age-cell frequency,0.0
67,hours_2,0.040374065840642896,N=1000000,1000000,90.34131908416748,0.040374065840642896,0.0,udd1,30295,0.0384221819,0.0011043271554883596,Uses total age-cell frequency,0.0
68,hours_2,0.03438836272963612,N=1000000,1000000,90.34131908416748,0.03438836272963612,0.0,udd1,29842,0.0315997587,0.0010126406675504552,Uses total age-cell frequency,0.0
69,hours_2,0.029828537607750807,N=1000000,1000000,90.34131908416748,0.029828537607750807,0.0,udd1,29091,0.0279811626,0.0009669207788116671,Uses total age-cell frequency,0.0
70,hours_2,0.025701923158523887,N=1000000,1000000,90.34131908416748,0.025701923158523887,0.0,udd1,28733,0.0253019177,0.0009264485133560915,Uses total age-cell frequency,0.0
71,hours_2,0.02203573402465048,N=1000000,1000000,90.34131908416748,0.02203573402465048,0.0,udd1,28201,0.0194673948,0.0008227211912272667,Uses total age-cell frequency,0.0
72,hours_2,0.018737364501742303,N=1000000,1000000,90.34131908416748,0.018737364501742303,0.0,udd1,27755,0.0192037471,0.0008237810021588854,Uses total age-cell frequency,0.0
73,hours_2,0.015576254916895339,N=1000000,1000000,90.34131908416748,0.015576254916895339,0.0,udd1,27615,0.0164403404,0.0007652145741357449,Uses total age-cell frequency,0.0
74,hours_2,0.013023989508788808,N=1000000,1000000,90.34131908416748,0.013023989508788808,0.0,udd1,27541,0.0134708253,0.0006946438834035003,Uses total age-cell frequency,0.0
75,hours_2,0.011121310892579636,N=1000000,1000000,90.34131908416748,0.011121310892579636,0.0,udd1,27329,0.0135753229,0.0006999953870974111,Uses total age-cell frequency,0.0
76,hours_2,0.008883874147277773,N=1000000,1000000,90.34131908416748,0.008883874147277773,0.0,udd1,25186,0.011355515,0.0006676423731352384,Uses total age-cell frequency,0.0
77,hours_2,0.007475810904900243,N=1000000,1000000,90.34131908416748,0.007475810904900243,0.0,udd1,22442,0.0105159968,0.0006809242989268433,Uses total age-cell frequency,0.0
78,hours_2,0.006249538859070623,N=1000000,1000000,90.34131908416748,0.006249538859070623,0.0,udd1,19392,0.0086633663,0.0006654916567716492,Uses total age-cell frequency,0.0
79,hours_2,0.005203389466768137,N=1000000,1000000,90.34131908416748,0.005203389466768137,0.0,udd1,16359,0.0067241274,0.0006389612684507127,Uses total age-cell frequency,0.0
80,hours_2,0.004336941636209799,N=1000000,1000000,90.34131908416748,0.004336941636209799,0.0,udd1,13610,0.006098457,0.0006673483680921346,Uses total age-cell frequency,0.0
81,hours_2,0.0037197883095546266,N=1000000,1000000,90.34131908416748,0.0037197883095546266,0.0,udd1,11239,0.005516505,0.0006986617419108037,Uses total age-cell frequency,0.0
82,hours_2,0.0036212544819224993,N=1000000,1000000,90.34131908416748,0.0036212544819224993,0.0,udd1,7491,0.0044052863,0.0007651709291892821,Uses total age-cell frequency,0.0
83,hours_2,0.004593267057422253,N=1000000,1000000,90.34131908416748,0.004593267057422253,0.0,udd1,4499,0.0031118026,0.0008303692348246553,Uses total age-cell frequency,0.0
84,hours_2,0.19972203693933852,N=1000000,1000000,90.34131908416748,0.19972203693933852,0.0,udd1,1982,0.0015136226,0.00087322879595392,Uses total age-cell frequency,0.0
30,hours_3,0.088833,N=1000000,1000000,90.34131908416748,0.088833,0.0,udd1,2840,0.1084507042,0.00583485003966647,Uses total age-cell frequency,0.0
31,hours_3,0.088053,N=1000000,1000000,90.34131908416748,0.088053,0.0,udd1,5097,0.1012360212,0.004225061611070564,Uses total age-cell frequency,0.0
32,hours_3,0.08883626414067876,N=1000000,1000000,90.34131908416748,0.08883626414067876,0.0,udd1,7282,0.0994232354,0.0035065414537082825,Uses total age-cell frequency,0.0
33,hours_3,0.0891830397103609,N=1000000,1000000,90.34131908416748,0.0891830397103609,0.0,udd1,9171,0.1036964344,0.003183472679039799,Uses total age-cell frequency,0.0
34,hours_3,0.08942448597850387,N=1000000,1000000,90.34131908416748,0.08942448597850387,0.0,udd1,11180,0.0994633274,0.0028304878291297345,Uses total age-cell frequency,0.0
35,hours_3,0.09017164307524841,N=1000000,1000000,90.34131908416748,0.09017164307524841,0.0,udd1,13112,0.1045607077,0.002672193236843696,Uses total age-cell frequency,0.0
36,hours_3,0.09027159940313982,N=1000000,1000000,90.34131908416748,0.09027159940313982,0.0,udd1,17702,0.0982939781,0.002237611950357781,Uses total age-cell frequency,0.0
37,hours_3,0.09046414380719456,N=1000000,1000000,90.34131908416748,0.09046414380719456,0.0,udd1,22115,0.0951842641,0.001973418425832658,Uses total age-cell frequency,0.0
38,hours_3,0.0911163122826099,N=1000000,1000000,90.34131908416748,0.0911163122826099,0.0,udd1,26699,0.0934866474,0.0017816172041403198,Uses total age-cell frequency,0.0
39,hours_3,0.09114437471756606,N=1000000,1000000,90.34131908416748,0.09114437471756606,0.0,udd1,31731,0.0898490435,0.0016053567721710758,Uses total age-cell frequency,0.0
40,hours_3,0.0912933712193371,N=1000000,1000000,90.34131908416748,0.0912933712193371,0.0,udd1,32214,0.0900540138,0.001594913069640975,Uses total age-cell frequency,0.0
41,hours_3,0.0917876431877401,N=1000000,1000000,90.34131908416748,0.0917876431877401,0.0,udd1,32959,0.0858035741,0.0015427140527699578,Uses total age-cell frequency,0.0
42,hours_3,0.09141170209561297,N=1000000,1000000,90.34131908416748,0.09141170209561297,0.0,udd1,33929,0.085325238,0.0015166542007455748,Uses total age-cell frequency,0.0
43,hours_3,0.09139884374472328,N=1000000,1000000,90.34131908416748,0.09139884374472328,0.0,udd1,34810,0.0850617639,0.0014952405601530551,Uses total age-cell frequency,0.0
44,hours_3,0.09152444478879787,N=1000000,1000000,90.34131908416748,0.09152444478879787,0.0,udd1,35491,0.0792313544,0.0014337211201329695,Uses total age-cell frequency,0.0
45,hours_3,0.09182115945912998,N=1000000,1000000,90.34131908416748,0.09182115945912998,0.0,udd1,36530,0.0787571859,0.0014093125372991154,Uses total age-cell frequency,0.0
46,hours_3,0.09177261803631638,N=1000000,1000000,90.34131908416748,0.09177261803631638,0.0,udd1,37648,0.0762324692,0.001367667053932353,Uses total age-cell frequency,0.0
47,hours_3,0.09215833103430156,N=1000000,1000000,90.34131908416748,0.09215833103430156,0.0,udd1,38609,0.0751897226,0.0013420271080220347,Uses total age-cell frequency,0.0
48,hours_3,0.0923299193688823,N=1000000,1000000,90.34131908416748,0.0923299193688823,0.0,udd1,39731,0.0714555385,0.0012922738380231288,Uses total age-cell frequency,0.0
49,hours_3,0.09234655574718474,N=1000000,1000000,90.34131908416748,0.09234655574718474,0.0,udd1,40045,0.070320889,0.0012777166780465119,Uses total age-cell frequency,0.0
50,hours_3,0.09212030130233542,N=1000000,1000000,90.34131908416748,0.09212030130233542,0.0,udd1,40332,0.0698204899,0.0012689658976204653,Uses total age-cell frequency,0.0
51,hours_3,0.09096016108887926,N=1000000,1000000,90.34131908416748,0.09096016108887926,0.0,udd1,40778,0.066874295,0.0012370484918612407,Uses total age-cell frequency,0.0
52,hours_3,0.08901595910575016,N=1000000,1000000,90.34131908416748,0.08901595910575016,0.0,udd1,41035,0.0671134397,0.0012352132688172822,Uses total age-cell frequency,0.0
53,hours_3,0.08673075206461482,N=1000000,1000000,90.34131908416748,0.08673075206461482,0.0,udd1,41296,0.0668829911,0.001229339688759101,Uses total age-cell frequency,0.0
54,hours_3,0.08385782662064306,N=1000000,1000000,90.34131908416748,0.08385782662064306,0.0,udd1,42101,0.0644402746,0.0011966530286784312,Uses total age-cell frequency,0.0
55,hours_3,0.08079073143795486,N=1000000,1000000,90.34131908416748,0.08079073143795486,0.0,udd1,42583,0.0643684099,0.001189243267493641,Uses total age-cell frequency,0.0
56,hours_3,0.07807344862834396,N=1000000,1000000,90.34131908416748,0.07807344862834396,0.0,udd1,42538,0.0642954535,0.0011892439982196489,Uses total age-cell frequency,0.0
57,hours_3,0.07427807106938203,N=1000000,1000000,90.34131908416748,0.07427807106938203,0.0,udd1,41686,0.0635465144,0.0011947962755573247,Uses total age-cell frequency,0.0
58,hours_3,0.07065510190579109,N=1000000,1000000,90.34131908416748,0.07065510190579109,0.0,udd1,40096,0.061277933,0.001197760654211734,Uses total age-cell frequency,0.0
59,hours_3,0.06647471246507881,N=1000000,1000000,90.34131908416748,0.06647471246507881,0.0,udd1,38600,0.0641450777,0.001247074158234503,Uses total age-cell frequency,0.0
60,hours_3,0.06208009572566591,N=1000000,1000000,90.34131908416748,0.06208009572566591,0.0,udd1,36987,0.0634276908,0.0012673178537371092,Uses total age-cell frequency,0.0
61,hours_3,0.05800386871267137,N=1000000,1000000,90.34131908416748,0.05800386871267137,0.0,udd1,35482,0.0656389155,0.0013147222828494647,Uses total age-cell frequency,0.0
62,hours_3,0.05288545831177799,N=1000000,1000000,90.34131908416748,0.05288545831177799,0.0,udd1,34081,0.0674569408,0.0013585999782640566,Uses total age-cell frequency,0.0
63,hours_3,0.048515555769232874,N=1000000,1000000,90.34131908416748,0.048515555769232874,0.0,udd1,32751,0.0684864584,0.0013956761529034037,Uses total age-cell frequency,0.0
64,hours_3,0.04461840221943419,N=1000000,1000000,90.34131908416748,0.04461840221943419,0.0,udd1,31813,0.0596925785,0.0013282896504643858,Uses total age-cell frequency,0.0
65,hours_3,0.04162969453006086,N=1000000,1000000,90.34131908416748,0.04162969453006086,0.0,udd1,31074,0.0552873785,0.0012964753893933939,Uses total age-cell frequency,0.0
66,hours_3,0.03283432376712786,N=1000000,1000000,90.34131908416748,0.03283432376712786,0.0,udd1,30479,0.0468191214,0.0012100377895715012,Uses total age-cell frequency,0.0
67,hours_3,0.026696996329421498,N=1000000,1000000,90.34131908416748,0.026696996329421498,0.0,udd1,30295,0.039973593,0.0011254927565131358,Uses total age-cell frequency,0.0
68,hours_3,0.022553573492313458,N=1000000,1000000,90.34131908416748,0.022553573492313458,0.0,udd1,29842,0.0289859929,0.000971164670636326,Uses total age-cell frequency,0.0
69,hours_3,0.018666308537227436,N=1000000,1000000,90.34131908416748,0.018666308537227436,0.0,udd1,29091,0.022721804,0.0008736775659181141,Uses total age-cell frequency,0.0
70,hours_3,0.016047941360819842,N=1000000,1000000,90.34131908416748,0.016047941360819842,0.0,udd1,28733,0.0184108864,0.0007930703788629058,Uses total age-cell frequency,0.0
71,hours_3,0.01299689452539277,N=1000000,1000000,90.34131908416748,0.01299689452539277,0.0,udd1,28201,0.0150349278,0.0007246508972931206,Uses total age-cell frequency,0.0
72,hours_3,0.010810652931435596,N=1000000,1000000,90.34131908416748,0.010810652931435596,0.0,udd1,27755,0.011385336,0.0006368187385093998,Uses total age-cell frequency,0.0
73,hours_3,0.008727815281241197,N=1000000,1000000,90.34131908416748,0.008727815281241197,0.0,udd1,27615,0.00854608,0.0005539202220604675,Uses total age-cell frequency,0.0
74,hours_3,0.007044751572741125,N=1000000,1000000,90.34131908416748,0.007044751572741125,0.0,udd1,27541,0.0076249955,0.0005241647987015627,Uses total age-cell frequency,0.0
75,hours_3,0.005250958602003447,N=1000000,1000000,90.34131908416748,0.005250958602003447,0.0,udd1,27329,0.0064034542,0.0004825033355883769,Uses total age-cell frequency,0.0
76,hours_3,0.004442657582491059,N=1000000,1000000,90.34131908416748,0.004442657582491059,0.0,udd1,25186,0.0048042563,0.00043570018026375354,Uses total age-cell frequency,0.0
77,hours_3,0.003469304458476387,N=1000000,1000000,90.34131908416748,0.003469304458476387,0.0,udd1,22442,0.0043222529,0.00043790883630197123,Uses total age-cell frequency,0.0
78,hours_3,0.00269070826537228,N=1000000,1000000,90.34131908416748,0.00269070826537228,0.0,udd1,19392,0.0028877888,0.00038533941174575495,Uses total age-cell frequency,0.0
79,hours_3,0.002231910710365013,N=1000000,1000000,90.34131908416748,0.002231910710365013,0.0,udd1,16359,0.00311755,0.0004358633101230322,Uses total age-cell frequency,0.0
80,hours_3,0.0018614307022670378,N=1000000,1000000,90.34131908416748,0.0018614307022670378,0.0,udd1,13610,0.0031594416,0.0004810485981348847,Uses total age-cell frequency,0.0
81,hours_3,0.0016392287465833949,N=1000000,1000000,90.34131908416748,0.0016392287465833949,0.0,udd1,11239,0.0020464454,0.0004262765184553196,Uses total age-cell frequency,0.0
82,hours_3,0.0015437457462661394,N=1000000,1000000,90.34131908416748,0.0015437457462661394,0.0,udd1,7491,0.0017354158,0.00048089992231491055,Uses total age-cell frequency,0.0
83,hours_3,0.0016700845306549254,N=1000000,1000000,90.34131908416748,0.0016700845306549254,0.0,udd1,4499,0.0017781729,0.0006281198639504679,Uses total age-cell frequency,0.0
84,hours_3,0.20001952248921034,N=1000000,1000000,90.34131908416748,0.20001952248921034,0.0,udd1,1982,0.0005045409,0.0005044135870906817,Uses total age-cell frequency,0.0
30,hours_4,0.418378,N=1000000,1000000,90.34131908416748,0.418378,0.0,udd1,2840,0.4059859155,0.00921498610874567,Uses total age-cell frequency,0.0
31,hours_4,0.444428,N=1000000,1000000,90.34131908416748,0.444428,0.0,udd1,5097,0.4190700412,0.006911111146729345,Uses total age-cell frequency,0.0
32,hours_4,0.46123413923868345,N=1000000,1000000,90.34131908416748,0.46123413923868345,0.0,udd1,7282,0.4290030211,0.0057999165270096065,Uses total age-cell frequency,0.0
33,hours_4,0.47222074980122314,N=1000000,1000000,90.34131908416748,0.47222074980122314,0.0,udd1,9171,0.4334314688,0.005174615648613852,Uses total age-cell frequency,0.0
34,hours_4,0.48042392081743296,N=1000000,1000000,90.34131908416748,0.48042392081743296,0.0,udd1,11180,0.4432915921,0.004698267450558872,Uses total age-cell frequency,0.0
35,hours_4,0.4880832322844257,N=1000000,1000000,90.34131908416748,0.4880832322844257,0.0,udd1,13112,0.442419158,0.0043374692990578384,Uses total age-cell frequency,0.0
36,hours_4,0.49642374270562606,N=1000000,1000000,90.34131908416748,0.49642374270562606,0.0,udd1,17702,0.4876285166,0.003756867296173463,Uses total age-cell frequency,0.0
37,hours_4,0.5034252917980204,N=1000000,1000000,90.34131908416748,0.5034252917980204,0.0,udd1,22115,0.5167533348,0.0033603352287813176,Uses total age-cell frequency,0.0
38,hours_4,0.5095068267879694,N=1000000,1000000,90.34131908416748,0.5095068267879694,0.0,udd1,26699,0.5410314993,0.003049686645988458,Uses total age-cell frequency,0.0
39,hours_4,0.5142677358492457,N=1000000,1000000,90.34131908416748,0.5142677358492457,0.0,udd1,31731,0.5606819829,0.0027861591994010637,Uses total age-cell frequency,0.0
40,hours_4,0.5209459202027716,N=1000000,1000000,90.34131908416748,0.5209459202027716,0.0,udd1,32214,0.5623641895,0.002764031114803372,Uses total age-cell frequency,0.0
41,hours_4,0.5265425948723814,N=1000000,1000000,90.34131908416748,0.5265425948723814,0.0,udd1,32959,0.5695257744,0.002727364950947533,Uses total age-cell frequency,0.0
42,hours_4,0.531910150719457,N=1000000,1000000,90.34131908416748,0.531910150719457,0.0,udd1,33929,0.5774706004,0.0026816856978213095,Uses total age-cell frequency,0.0
43,hours_4,0.5374576857204886,N=1000000,1000000,90.34131908416748,0.5374576857204886,0.0,udd1,34810,0.5814421143,0.00264410681206735,Uses total age-cell frequency,0.0
44,hours_4,0.5425538658759059,N=1000000,1000000,90.34131908416748,0.5425538658759059,0.0,udd1,35491,0.5851060832,0.00261533136470357,Uses total age-cell frequency,0.0
45,hours_4,0.5470007022323331,N=1000000,1000000,90.34131908416748,0.5470007022323331,0.0,udd1,36530,0.5940323022,0.0025693657707320863,Uses total age-cell frequency,0.0
46,hours_4,0.5509605741854642,N=1000000,1000000,90.34131908416748,0.5509605741854642,0.0,udd1,37648,0.597641309,0.0025272956073500163,Uses total age-cell frequency,0.0
47,hours_4,0.5556107996891507,N=1000000,1000000,90.34131908416748,0.5556107996891507,0.0,udd1,38609,0.6019062913,0.0024912242449413777,Uses total age-cell frequency,0.0
48,hours_4,0.5600207753708586,N=1000000,1000000,90.34131908416748,0.5600207753708586,0.0,udd1,39731,0.6046663814,0.0024528728566577266,Uses total age-cell frequency,0.0
49,hours_4,0.5628385918636502,N=1000000,1000000,90.34131908416748,0.5628385918636502,0.0,udd1,40045,0.5996503933,0.0024484690323141535,Uses total age-cell frequency,0.0
50,hours_4,0.5649154417446902,N=1000000,1000000,90.34131908416748,0.5649154417446902,0.0,udd1,40332,0.596523852,0.0024428565249446994,Uses total age-cell frequency,0.0
51,hours_4,0.5649193281166365,N=1000000,1000000,90.34131908416748,0.5649193281166365,0.0,udd1,40778,0.5959831282,0.0024299860072059254,Uses total age-cell frequency,0.0
52,hours_4,0.564203011032408,N=1000000,1000000,90.34131908416748,0.564203011032408,0.0,udd1,41035,0.5937126843,0.00242453008113409,Uses total age-cell frequency,0.0
53,hours_4,0.5612048383141621,N=1000000,1000000,90.34131908416748,0.5612048383141621,0.0,udd1,41296,0.5899118559,0.0024203500164373796,Uses total age-cell frequency,0.0
54,hours_4,0.5560634581956881,N=1000000,1000000,90.34131908416748,0.5560634581956881,0.0,udd1,42101,0.5911261015,0.0023960096120189487,Uses total age-cell frequency,0.0
55,hours_4,0.5508461781865336,N=1000000,1000000,90.34131908416748,0.5508461781865336,0.0,udd1,42583,0.5930300824,0.002380682003539841,Uses total age-cell frequency,0.0
56,hours_4,0.5416233825594827,N=1000000,1000000,90.34131908416748,0.5416233825594827,0.0,udd1,42538,0.5879213879,0.0023864983224430717,Uses total age-cell frequency,0.0
57,hours_4,0.5322602201914564,N=1000000,1000000,90.34131908416748,0.5322602201914564,0.0,udd1,41686,0.5844887972,0.0024137059022581874,Uses total age-cell frequency,0.0
58,hours_4,0.5179147723752183,N=1000000,1000000,90.34131908416748,0.5179147723752183,0.0,udd1,40096,0.5800079808,0.0024648300440511376,Uses total age-cell frequency,0.0
59,hours_4,0.5022540877471701,N=1000000,1000000,90.34131908416748,0.5022540877471701,0.0,udd1,38600,0.5647927461,0.002523474761481624,Uses total age-cell frequency,0.0
60,hours_4,0.48335925548596853,N=1000000,1000000,90.34131908416748,0.48335925548596853,0.0,udd1,36987,0.5478681699,0.002587891250822338,Uses total age-cell frequency,0.0
61,hours_4,0.4636254107690971,N=1000000,1000000,90.34131908416748,0.4636254107690971,0.0,udd1,35482,0.5160926667,0.002653022297651055,Uses total age-cell frequency,0.0
62,hours_4,0.44165337269935,N=1000000,1000000,90.34131908416748,0.44165337269935,0.0,udd1,34081,0.4794166838,0.002706110521891471,Uses total age-cell frequency,0.0
63,hours_4,0.4187377279715382,N=1000000,1000000,90.34131908416748,0.4187377279715382,0.0,udd1,32751,0.4251167903,0.002731691547452209,Uses total age-cell frequency,0.0
64,hours_4,0.39078652082486615,N=1000000,1000000,90.34131908416748,0.39078652082486615,0.0,udd1,31813,0.3605758652,0.0026920959002591,Uses total age-cell frequency,0.0
65,hours_4,0.3472952041644223,N=1000000,1000000,90.34131908416748,0.3472952041644223,0.0,udd1,31074,0.2824226041,0.0025537919916284466,Uses total age-cell frequency,0.0
66,hours_4,0.23821583795906862,N=1000000,1000000,90.34131908416748,0.23821583795906862,0.0,udd1,30479,0.2089635487,0.0023288051817227096,Uses total age-cell frequency,0.0
67,hours_4,0.18465020363381526,N=1000000,1000000,90.34131908416748,0.18465020363381526,0.0,udd1,30295,0.1331572867,0.0019519430457098721,Uses total age-cell frequency,0.0
68,hours_4,0.1574057320163852,N=1000000,1000000,90.34131908416748,0.1574057320163852,0.0,udd1,29842,0.0862877823,0.0016254192792777352,Uses total age-cell frequency,0.0
69,hours_4,0.1373874061247265,N=1000000,1000000,90.34131908416748,0.1373874061247265,0.0,udd1,29091,0.0607748101,0.0014007716578385027,Uses total age-cell frequency,0.0
70,hours_4,0.11852951053596997,N=1000000,1000000,90.34131908416748,0.11852951053596997,0.0,udd1,28733,0.0449309157,0.0012220797334726802,Uses total age-cell frequency,0.0
71,hours_4,0.10196019143404522,N=1000000,1000000,90.34131908416748,0.10196019143404522,0.0,udd1,28201,0.0328002553,0.0010606313122945468,Uses total age-cell frequency,0.0
72,hours_4,0.0874414576412382,N=1000000,1000000,90.34131908416748,0.0874414576412382,0.0,udd1,27755,0.0247162673,0.0009319364882404979,Uses total age-cell frequency,0.0
73,hours_4,0.07443162254937763,N=1000000,1000000,90.34131908416748,0.07443162254937763,0.0,udd1,27615,0.020822017,0.0008592503039551779,Uses total age-cell frequency,0.0
74,hours_4,0.06358953136211071,N=1000000,1000000,90.34131908416748,0.06358953136211071,0.0,udd1,27541,0.017283323,0.000785304224416068,Uses total age-cell frequency,0.0
75,hours_4,0.053799758075379935,N=1000000,1000000,90.34131908416748,0.053799758075379935,0.0,udd1,27329,0.0127337261,0.0006782394270407979,Uses total age-cell frequency,0.0
76,hours_4,0.045524631315620345,N=1000000,1000000,90.34131908416748,0.045524631315620345,0.0,udd1,25186,0.0106011276,0.0006453304190122713,Uses total age-cell frequency,0.0
77,hours_4,0.03868604595327843,N=1000000,1000000,90.34131908416748,0.03868604595327843,0.0,udd1,22442,0.009535692,0.0006487311375715493,Uses total age-cell frequency,0.0
78,hours_4,0.03331517550042621,N=1000000,1000000,90.34131908416748,0.03331517550042621,0.0,udd1,19392,0.0084570957,0.0006575898130504886,Uses total age-cell frequency,0.0
79,hours_4,0.029878218895633413,N=1000000,1000000,90.34131908416748,0.029878218895633413,0.0,udd1,16359,0.007090898,0.0006560349681438074,Uses total age-cell frequency,0.0
80,hours_4,0.027199218443341503,N=1000000,1000000,90.34131908416748,0.027199218443341503,0.0,udd1,13610,0.006098457,0.0006673483680921346,Uses total age-cell frequency,0.0
81,hours_4,0.027134427883206805,N=1000000,1000000,90.34131908416748,0.027134427883206805,0.0,udd1,11239,0.0057834327,0.000715269168667739,Uses total age-cell frequency,0.0
82,hours_4,0.030859040933073265,N=1000000,1000000,90.34131908416748,0.030859040933073265,0.0,udd1,7491,0.0042717928,0.0007535387600949321,Uses total age-cell frequency,0.0
83,hours_4,0.030790713389116865,N=1000000,1000000,90.34131908416748,0.030790713389116865,0.0,udd1,4499,0.0040008891,0.0009411302557820629,Uses total age-cell frequency,0.0
84,hours_4,0.19992888236073378,N=1000000,1000000,90.34131908416748,0.19992888236073378,0.0,udd1,1982,0.0065590313,0.0018131722328885006,Uses total age-cell frequency,0.0
30,work_work,0.561155,N=1000000,1000000,90.34131908416748,0.561155,0.0,udd1,2840,,,Approximate: uses total age-cell frequency,
31,work_work,0.545674,N=1000000,1000000,90.34131908416748,0.545674,0.0,udd1,5097,0.6723826715,0.0065740707206424585,Approximate: uses total age-cell frequency,0.0
32,work_work,0.5618879706225899,N=1000000,1000000,90.34131908416748,0.5618879706225899,0.0,udd1,7282,0.6603319702,0.0055498744802939615,Approximate: uses total age-cell frequency,0.0
33,work_work,0.576458821940962,N=1000000,1000000,90.34131908416748,0.576458821940962,0.0,udd1,9171,0.6692446931,0.0049128955598924055,Approximate: uses total age-cell frequency,0.0
34,work_work,0.5881586252081843,N=1000000,1000000,90.34131908416748,0.5881586252081843,0.0,udd1,11180,0.6661116803,0.00446018873057357,Approximate: uses total age-cell frequency,0.0
35,work_work,0.5977232980762689,N=1000000,1000000,90.34131908416748,0.5977232980762689,0.0,udd1,13112,0.6699896158,0.004106420018226304,Approximate: uses total age-cell frequency,0.0
36,work_work,0.6065066166013997,N=1000000,1000000,90.34131908416748,0.6065066166013997,0.0,udd1,17702,0.6784866234,0.0035104193512207438,Approximate: uses total age-cell frequency,0.0
37,work_work,0.6150939089572156,N=1000000,1000000,90.34131908416748,0.6150939089572156,0.0,udd1,22115,0.7102259215,0.0030505950015394375,Approximate: uses total age-cell frequency,0.0
38,work_work,0.6223168314650178,N=1000000,1000000,90.34131908416748,0.6223168314650178,0.0,udd1,26699,0.7299515991,0.0027171920762399143,Approximate: uses total age-cell frequency,0.0
39,work_work,0.6286681342376563,N=1000000,1000000,90.34131908416748,0.6286681342376563,0.0,udd1,31731,0.7458161438,0.0024442633303284507,Approximate: uses total age-cell frequency,0.0
40,work_work,0.6353869846738147,N=1000000,1000000,90.34131908416748,0.6353869846738147,0.0,udd1,32214,0.7468616044,0.002422572321862663,Approximate: uses total age-cell frequency,0.0
41,work_work,0.6430753671435494,N=1000000,1000000,90.34131908416748,0.6430753671435494,0.0,udd1,32959,0.746649244,0.0023956998403133114,Approximate: uses total age-cell frequency,0.0
42,work_work,0.6498107220676982,N=1000000,1000000,90.34131908416748,0.6498107220676982,0.0,udd1,33929,0.7506724827,0.002348685272502447,Approximate: uses total age-cell frequency,0.0
43,work_work,0.6554893983130573,N=1000000,1000000,90.34131908416748,0.6554893983130573,0.0,udd1,34810,0.7516776153,0.00231564367494827,Approximate: uses total age-cell frequency,0.0
44,work_work,0.6609969098752178,N=1000000,1000000,90.34131908416748,0.6609969098752178,0.0,udd1,35491,0.7511925337,0.0022948178405947112,Approximate: uses total age-cell frequency,0.0
45,work_work,0.6666058804149719,N=1000000,1000000,90.34131908416748,0.6666058804149719,0.0,udd1,36530,0.7543883338,0.0022521491127892946,Approximate: uses total age-cell frequency,0.0
46,work_work,0.6713930293045245,N=1000000,1000000,90.34131908416748,0.6713930293045245,0.0,udd1,37648,0.7576997349,0.0022082821266600438,Approximate: uses total age-cell frequency,0.0
47,work_work,0.6768996318517463,N=1000000,1000000,90.34131908416748,0.6768996318517463,0.0,udd1,38609,0.7577128754,0.0021805860269879717,Approximate: uses total age-cell frequency,0.0
48,work_work,0.6812114511576296,N=1000000,1000000,90.34131908416748,0.6812114511576296,0.0,udd1,39731,0.7561473508,0.0021542802923518794,Approximate: uses total age-cell frequency,0.0
49,work_work,0.6854377599675358,N=1000000,1000000,90.34131908416748,0.6854377599675358,0.0,udd1,40045,0.7491597922,0.00216626537038045,Approximate: uses total age-cell frequency,0.0
50,work_work,0.6886657772933223,N=1000000,1000000,90.34131908416748,0.6886657772933223,0.0,udd1,40332,0.7449686671,0.0021704055664326836,Approximate: uses total age-cell frequency,0.0
51,work_work,0.6879800168225728,N=1000000,1000000,90.34131908416748,0.6879800168225728,0.0,udd1,40778,0.73708627,0.0021799816266490682,Approximate: uses total age-cell frequency,0.0
52,work_work,0.6844704720242715,N=1000000,1000000,90.34131908416748,0.6844704720242715,0.0,udd1,41035,0.7332190971,0.0021833181952265746,Approximate: uses total age-cell frequency,0.0
53,work_work,0.6783787194617072,N=1000000,1000000,90.34131908416748,0.6783787194617072,0.0,udd1,41296,0.7302130898,0.002184143912406664,Approximate: uses total age-cell frequency,0.0
54,work_work,0.6687886676497483,N=1000000,1000000,90.34131908416748,0.6687886676497483,0.0,udd1,42101,0.7277731347,0.002169288406902525,Approximate: uses total age-cell frequency,0.0
55,work_work,0.6569064395576669,N=1000000,1000000,90.34131908416748,0.6569064395576669,0.0,udd1,42583,0.7300996078,0.002151169779622585,Approximate: uses total age-cell frequency,0.0
56,work_work,0.6428209326097616,N=1000000,1000000,90.34131908416748,0.6428209326097616,0.0,udd1,42538,0.7255845362,0.002163514280890745,Approximate: uses total age-cell frequency,0.0
57,work_work,0.6255387841021101,N=1000000,1000000,90.34131908416748,0.6255387841021101,0.0,udd1,41686,0.7195160232,0.0022002860789693173,Approximate: uses total age-cell frequency,0.0
58,work_work,0.6050842099846356,N=1000000,1000000,90.34131908416748,0.6050842099846356,0.0,udd1,40096,0.7155067517,0.0022531615190435656,Approximate: uses total age-cell frequency,0.0
59,work_work,0.5803898065554051,N=1000000,1000000,90.34131908416748,0.5803898065554051,0.0,udd1,38600,0.7042536736,0.002322900393663822,Approximate: uses total age-cell frequency,0.0
60,work_work,0.5532756126304225,N=1000000,1000000,90.34131908416748,0.5532756126304225,0.0,udd1,36987,0.692141219,0.002400206324669604,Approximate: uses total age-cell frequency,0.0
61,work_work,0.523296495092228,N=1000000,1000000,90.34131908416748,0.523296495092228,0.0,udd1,35482,0.6680743243,0.002499935298813833,Approximate: uses total age-cell frequency,0.0
62,work_work,0.4902313691451528,N=1000000,1000000,90.34131908416748,0.4902313691451528,0.0,udd1,34081,0.6330191334,0.0026108021689551656,Approximate: uses total age-cell frequency,0.0
63,work_work,0.45643914767518473,N=1000000,1000000,90.34131908416748,0.45643914767518473,0.0,udd1,32751,0.5905721693,0.002717145444577835,Approximate: uses total age-cell frequency,0.0
64,work_work,0.41944832217137,N=1000000,1000000,90.34131908416748,0.41944832217137,0.0,udd1,31813,0.5234845597,0.0028001939585507196,Approximate: uses total age-cell frequency,0.0
65,work_work,0.3722812907205711,N=1000000,1000000,90.34131908416748,0.3722812907205711,0.0,udd1,31074,0.451007183,0.002822776412639654,Approximate: uses total age-cell frequency,0.0
66,work_work,0.30435885214591474,N=1000000,1000000,90.34131908416748,0.30435885214591474,0.0,udd1,30479,0.3638179712,0.002755703039724757,Approximate: uses total age-cell frequency,0.0
67,work_work,0.23377047108629592,N=1000000,1000000,90.34131908416748,0.23377047108629592,0.0,udd1,30295,0.2869565217,0.0025988461920787285,Approximate: uses total age-cell frequency,0.0
68,work_work,0.18382096291618172,N=1000000,1000000,90.34131908416748,0.18382096291618172,0.0,udd1,29842,0.2166905885,0.002384914059505271,Approximate: uses total age-cell frequency,0.0
69,work_work,0.1505391551552218,N=1000000,1000000,90.34131908416748,0.1505391551552218,0.0,udd1,29091,0.1757674887,0.0022315921199712293,Approximate: uses total age-cell frequency,0.0
70,work_work,0.12422757840602007,N=1000000,1000000,90.34131908416748,0.12422757840602007,0.0,udd1,28733,0.1487553905,0.0020992929975565833,Approximate: uses total age-cell frequency,0.0
71,work_work,0.10116833258567318,N=1000000,1000000,90.34131908416748,0.10116833258567318,0.0,udd1,28201,0.1242171641,0.0019640691104851186,Approximate: uses total age-cell frequency,0.0
72,work_work,0.0812024422703768,N=1000000,1000000,90.34131908416748,0.0812024422703768,0.0,udd1,27755,0.1086475482,0.001867944984217995,Approximate: uses total age-cell frequency,0.0
73,work_work,0.06500735577976482,N=1000000,1000000,90.34131908416748,0.06500735577976482,0.0,udd1,27615,0.0970778497,0.0017816102549106615,Approximate: uses total age-cell frequency,0.0
74,work_work,0.0519535312438696,N=1000000,1000000,90.34131908416748,0.0519535312438696,0.0,udd1,27541,0.0861905835,0.0016910944814589534,Approximate: uses total age-cell frequency,0.0
75,work_work,0.04049945907210381,N=1000000,1000000,90.34131908416748,0.04049945907210381,0.0,udd1,27329,0.078566939,0.0016275709947572911,Approximate: uses total age-cell frequency,0.0
76,work_work,0.03153379042414915,N=1000000,1000000,90.34131908416748,0.03153379042414915,0.0,udd1,25186,0.0695135434,0.0016025446626705602,Approximate: uses total age-cell frequency,0.0
77,work_work,0.024478703992701255,N=1000000,1000000,90.34131908416748,0.024478703992701255,0.0,udd1,22442,0.0632012352,0.0016242585397078944,Approximate: uses total age-cell frequency,0.0
78,work_work,0.019208580125493126,N=1000000,1000000,90.34131908416748,0.019208580125493126,0.0,udd1,19392,0.056398872,0.0016566018173123271,Approximate: uses total age-cell frequency,0.0
79,work_work,0.014868949532734965,N=1000000,1000000,90.34131908416748,0.014868949532734965,0.0,udd1,16359,0.0523964833,0.0017421519259807428,Approximate: uses total age-cell frequency,0.0
80,work_work,0.012009455439930917,N=1000000,1000000,90.34131908416748,0.012009455439930917,0.0,udd1,13610,0.0474093264,0.0018216124775568378,Approximate: uses total age-cell frequency,0.0
81,work_work,0.009942923686855388,N=1000000,1000000,90.34131908416748,0.009942923686855388,0.0,udd1,11239,0.0412920761,0.0018767770426771275,Approximate: uses total age-cell frequency,0.0
82,work_work,0.00966726127995968,N=1000000,1000000,90.34131908416748,0.00966726127995968,0.0,udd1,7491,0.0362027353,0.002158209692576769,Approximate: uses total age-cell frequency,0.0
83,work_work,0.012511734428760524,N=1000000,1000000,90.34131908416748,0.012511734428760524,0.0,udd1,4499,0.0355386679,0.0027601646284504144,Approximate: uses total age-cell frequency,0.0
84,work_work,0.06095432434756538,N=1000000,1000000,90.34131908416748,0.06095432434756538,0.0,udd1,1982,0.0344478217,0.004096537466321932,Approximate: uses total age-cell frequency,0.0
30,nowork_nowork,0.136219,N=1000000,1000000,90.34131908416748,0.136219,0.0,udd1,2840,,,Approximate: uses total age-cell frequency,
31,nowork_nowork,0.164972,N=1000000,1000000,90.34131908416748,0.164972,0.0,udd1,5097,0.2378158845,0.0059633878968959365,Approximate: uses total age-cell frequency,0.0
32,nowork_nowork,0.15418140070723393,N=1000000,1000000,90.34131908416748,0.15418140070723393,0.0,udd1,7282,0.2383930719,0.004993291505791284,Approximate: uses total age-cell frequency,0.0
33,nowork_nowork,0.1443534877208423,N=1000000,1000000,90.34131908416748,0.1443534877208423,0.0,udd1,9171,0.2363008063,0.004435937525928501,Approximate: uses total age-cell frequency,0.0
34,nowork_nowork,0.1374041601856529,N=1000000,1000000,90.34131908416748,0.1374041601856529,0.0,udd1,11180,0.2392418033,0.004034790150820682,Approximate: uses total age-cell frequency,0.0
35,nowork_nowork,0.13133856786684756,N=1000000,1000000,90.34131908416748,0.13133856786684756,0.0,udd1,13112,0.2414330218,0.0037373247017370875,Approximate: uses total age-cell frequency,0.0
36,nowork_nowork,0.1259340951873895,N=1000000,1000000,90.34131908416748,0.1259340951873895,0.0,udd1,17702,0.2296184898,0.00316115059146382,Approximate: uses total age-cell frequency,0.0
37,nowork_nowork,0.12142441682943018,N=1000000,1000000,90.34131908416748,0.12142441682943018,0.0,udd1,22115,0.2094530321,0.0027362998878739083,Approximate: uses total age-cell frequency,0.0
38,nowork_nowork,0.11708444626051459,N=1000000,1000000,90.34131908416748,0.11708444626051459,0.0,udd1,26699,0.1965455063,0.0024320063456893955,Approximate: uses total age-cell frequency,0.0
39,nowork_nowork,0.11341244322514256,N=1000000,1000000,90.34131908416748,0.11341244322514256,0.0,udd1,31731,0.1839339924,0.002174962449571994,Approximate: uses total age-cell frequency,0.0
40,nowork_nowork,0.10977182171654078,N=1000000,1000000,90.34131908416748,0.10977182171654078,0.0,udd1,32214,0.1850505205,0.002163655792257215,Approximate: uses total age-cell frequency,0.0
41,nowork_nowork,0.10588142043442185,N=1000000,1000000,90.34131908416748,0.10588142043442185,0.0,udd1,32959,0.1879783461,0.0021520418080539284,Approximate: uses total age-cell frequency,0.0
42,nowork_nowork,0.1018465894827742,N=1000000,1000000,90.34131908416748,0.1018465894827742,0.0,udd1,33929,0.188258815,0.002122271397809841,Approximate: uses total age-cell frequency,0.0
43,nowork_nowork,0.09839627875561845,N=1000000,1000000,90.34131908416748,0.09839627875561845,0.0,udd1,34810,0.1874690966,0.0020918607704401918,Approximate: uses total age-cell frequency,0.0
44,nowork_nowork,0.09540445819174874,N=1000000,1000000,90.34131908416748,0.09540445819174874,0.0,udd1,35491,0.1887659869,0.002077188114816216,Approximate: uses total age-cell frequency,0.0
45,nowork_nowork,0.09274101329002397,N=1000000,1000000,90.34131908416748,0.09274101329002397,0.0,udd1,36530,0.1890359168,0.0020485574031201934,Approximate: uses total age-cell frequency,0.0
46,nowork_nowork,0.08997576620950021,N=1000000,1000000,90.34131908416748,0.08997576620950021,0.0,udd1,37648,0.1884593984,0.0020155476580170323,Approximate: uses total age-cell frequency,0.0
47,nowork_nowork,0.08773913720116376,N=1000000,1000000,90.34131908416748,0.08773913720116376,0.0,udd1,38609,0.1894440401,0.001994287185095793,Approximate: uses total age-cell frequency,0.0
48,nowork_nowork,0.08454927974664576,N=1000000,1000000,90.34131908416748,0.08454927974664576,0.0,udd1,39731,0.1923850175,0.001977529902021881,Approximate: uses total age-cell frequency,0.0
49,nowork_nowork,0.08255351526833722,N=1000000,1000000,90.34131908416748,0.08255351526833722,0.0,udd1,40045,0.1996333639,0.0019975005227955175,Approximate: uses total age-cell frequency,0.0
50,nowork_nowork,0.08148442647621063,N=1000000,1000000,90.34131908416748,0.08148442647621063,0.0,udd1,40332,0.2031513618,0.002003424161403428,Approximate: uses total age-cell frequency,0.0
51,nowork_nowork,0.08113373945403105,N=1000000,1000000,90.34131908416748,0.08113373945403105,0.0,udd1,40778,0.2109614298,0.002020401516996144,Approximate: uses total age-cell frequency,0.0
52,nowork_nowork,0.08312805426116407,N=1000000,1000000,90.34131908416748,0.08312805426116407,0.0,udd1,41035,0.2166450012,0.002033651011381355,Approximate: uses total age-cell frequency,0.0
53,nowork_nowork,0.08616746542558922,N=1000000,1000000,90.34131908416748,0.08616746542558922,0.0,udd1,41296,0.2208757757,0.0020413778776379094,Approximate: uses total age-cell frequency,0.0
54,nowork_nowork,0.09063161623567598,N=1000000,1000000,90.34131908416748,0.09063161623567598,0.0,udd1,42101,0.2236663881,0.00203085235708332,Approximate: uses total age-cell frequency,0.0
55,nowork_nowork,0.09667505640843221,N=1000000,1000000,90.34131908416748,0.09667505640843221,0.0,udd1,42583,0.2249216964,0.0020233468516735018,Approximate: uses total age-cell frequency,0.0
56,nowork_nowork,0.10400651547008619,N=1000000,1000000,90.34131908416748,0.10400651547008619,0.0,udd1,42538,0.2267522017,0.0020302362081057045,Approximate: uses total age-cell frequency,0.0
57,nowork_nowork,0.11327413669245034,N=1000000,1000000,90.34131908416748,0.11327413669245034,0.0,udd1,41686,0.233712867,0.00207272633816718,Approximate: uses total age-cell frequency,0.0
58,nowork_nowork,0.12539132936989275,N=1000000,1000000,90.34131908416748,0.12539132936989275,0.0,udd1,40096,0.2394717317,0.002131249445124024,Approximate: uses total age-cell frequency,0.0
59,nowork_nowork,0.13984117269641747,N=1000000,1000000,90.34131908416748,0.13984117269641747,0.0,udd1,38600,0.2504253674,0.0022052252053439635,Approximate: uses total age-cell frequency,0.0
60,nowork_nowork,0.15790902442218085,N=1000000,1000000,90.34131908416748,0.15790902442218085,0.0,udd1,36987,0.2606027326,0.0022824635438857183,Approximate: uses total age-cell frequency,0.0
61,nowork_nowork,0.17792859725370752,N=1000000,1000000,90.34131908416748,0.17792859725370752,0.0,udd1,35482,0.2778040541,0.0023778955105194003,Approximate: uses total age-cell frequency,0.0
62,nowork_nowork,0.20131107017699557,N=1000000,1000000,90.34131908416748,0.20131107017699557,0.0,udd1,34081,0.3056767023,0.0024954902311029063,Approximate: uses total age-cell frequency,0.0
63,nowork_nowork,0.22842554177215466,N=1000000,1000000,90.34131908416748,0.22842554177215466,0.0,udd1,32751,0.3404534998,0.0026184201177384928,Approximate: uses total age-cell frequency,0.0
64,nowork_nowork,0.25820801894294143,N=1000000,1000000,90.34131908416748,0.25820801894294143,0.0,udd1,31813,0.3903164316,0.0027350064183156012,Approximate: uses total age-cell frequency,0.0
65,nowork_nowork,0.292677393615238,N=1000000,1000000,90.34131908416748,0.292677393615238,0.0,udd1,31074,0.467988757,0.0028306067261004274,Approximate: uses total age-cell frequency,0.0
66,nowork_nowork,0.34161984324389805,N=1000000,1000000,90.34131908416748,0.34161984324389805,0.0,udd1,30479,0.539813816,0.002854883751424113,Approximate: uses total age-cell frequency,0.0
67,nowork_nowork,0.417177618087508,N=1000000,1000000,90.34131908416748,0.417177618087508,0.0,udd1,30295,0.6314256825,0.002771648662609021,Approximate: uses total age-cell frequency,0.0
68,nowork_nowork,0.4880513922629102,N=1000000,1000000,90.34131908416748,0.4880513922629102,0.0,udd1,29842,0.7120360878,0.0026212356880075983,Approximate: uses total age-cell frequency,0.0
69,nowork_nowork,0.5390897886758996,N=1000000,1000000,90.34131908416748,0.5390897886758996,0.0,udd1,29091,0.7710954538,0.002463212927763735,Approximate: uses total age-cell frequency,0.0
70,nowork_nowork,0.5839198099997454,N=1000000,1000000,90.34131908416748,0.5839198099997454,0.0,udd1,28733,0.8070961957,0.002327783363356363,Approximate: uses total age-cell frequency,0.0
71,nowork_nowork,0.6260740902297753,N=1000000,1000000,90.34131908416748,0.6260740902297753,0.0,udd1,28201,0.8336716624,0.0022174221883415916,Approximate: uses total age-cell frequency,0.0
72,nowork_nowork,0.666351731634716,N=1000000,1000000,90.34131908416748,0.666351731634716,0.0,udd1,27755,0.856346256,0.00210529306804352,Approximate: uses total age-cell frequency,0.0
73,nowork_nowork,0.7040263764698518,N=1000000,1000000,90.34131908416748,0.7040263764698518,0.0,udd1,27615,0.8718269016,0.0020115973300965846,Approximate: uses total age-cell frequency,0.0
74,nowork_nowork,0.7385715936483026,N=1000000,1000000,90.34131908416748,0.7385715936483026,0.0,udd1,27541,0.8887136743,0.001895012070113755,Approximate: uses total age-cell frequency,0.0
75,nowork_nowork,0.7703021557955667,N=1000000,1000000,90.34131908416748,0.7703021557955667,0.0,udd1,27329,0.8978180839,0.001832185008002886,Approximate: uses total age-cell frequency,0.0
76,nowork_nowork,0.7994939145822345,N=1000000,1000000,90.34131908416748,0.7994939145822345,0.0,udd1,25186,0.9088815183,0.0018133317839947713,Approximate: uses total age-cell frequency,0.0
77,nowork_nowork,0.8236762022520467,N=1000000,1000000,90.34131908416748,0.8236762022520467,0.0,udd1,22442,0.9167267113,0.0018443444032827103,Approximate: uses total age-cell frequency,0.0
78,nowork_nowork,0.8457002827284472,N=1000000,1000000,90.34131908416748,0.8457002827284472,0.0,udd1,19392,0.9263214736,0.00187603108541212,Approximate: uses total age-cell frequency,0.0
79,nowork_nowork,0.8631254343724154,N=1000000,1000000,90.34131908416748,0.8631254343724154,0.0,udd1,16359,0.9325723199,0.00196056837544874,Approximate: uses total age-cell frequency,0.0
80,nowork_nowork,0.8769571626702023,N=1000000,1000000,90.34131908416748,0.8769571626702023,0.0,udd1,13610,0.9380829016,0.00206584077643286,Approximate: uses total age-cell frequency,0.0
81,nowork_nowork,0.8864407596823901,N=1000000,1000000,90.34131908416748,0.8864407596823901,0.0,udd1,11239,0.9424001673,0.002197679983646345,Approximate: uses total age-cell frequency,0.0
82,nowork_nowork,0.8854969254061261,N=1000000,1000000,90.34131908416748,0.8854969254061261,0.0,udd1,7491,0.9497184232,0.0025248290421263082,Approximate: uses total age-cell frequency,0.0
83,nowork_nowork,0.8716194687805389,N=1000000,1000000,90.34131908416748,0.8716194687805389,0.0,udd1,4499,0.9532856504,0.0031461446377548307,Approximate: uses total age-cell frequency,0.0
84,nowork_nowork,0.18495234420937404,N=1000000,1000000,90.34131908416748,0.18495234420937404,0.0,udd1,1982,0.9549138804,0.004660705990802418,Approximate: uses total age-cell frequency,0.0
