age,moment,sim_value,label,n_individuals,sim_time,benchmark_value,simulation_error
30,prob_work,0.6928,N=10000,10000,3.043421745300293,0.683829,0.008970999999999951
31,prob_work,0.7064,N=10000,10000,3.043421745300293,0.696873,0.009527000000000063
32,prob_work,0.7237723772377238,N=10000,10000,3.043421745300293,0.7108331199897595,0.012939257247964298
33,prob_work,0.7347734773477348,N=10000,10000,3.043421745300293,0.7212743720402254,0.013499105307509418
34,prob_work,0.7307730773077308,N=10000,10000,3.043421745300293,0.7294789014869237,0.001294175820807042
35,prob_work,0.7324197259177754,N=10000,10000,3.043421745300293,0.7369026608878697,0.004482934970094332
36,prob_work,0.745221655158611,N=10000,10000,3.043421745300293,0.7436603621392094,0.001561293019401666
37,prob_work,0.7568811930737664,N=10000,10000,3.043421745300293,0.7500132646840052,0.006867928389761246
38,prob_work,0.7575575575575576,N=10000,10000,3.043421745300293,0.7552311333179101,0.002326424239647462
39,prob_work,0.7606649309032646,N=10000,10000,3.043421745300293,0.7600280956011948,0.0006368353020698159
40,prob_work,0.767157599438934,N=10000,10000,3.043421745300293,0.7655733332798598,0.0015842661590742546
41,prob_work,0.7624586383234734,N=10000,10000,3.043421745300293,0.7716119801621582,0.00915334183868477
42,prob_work,0.773352061803953,N=10000,10000,3.043421745300293,0.7763678719537298,0.0030158101497768097
43,prob_work,0.7853555644837285,N=10000,10000,3.043421745300293,0.7807135333327972,0.004642031150931203
44,prob_work,0.7889447236180904,N=10000,10000,3.043421745300293,0.784895719608658,0.004049004009432422
45,prob_work,0.7777889548335177,N=10000,10000,3.043421745300293,0.7889726351041612,0.011183680270643426
46,prob_work,0.7903696988012491,N=10000,10000,3.043421745300293,0.7924560472488291,0.0020863484475800442
47,prob_work,0.7933225741375832,N=10000,10000,3.043421745300293,0.7966887878999178,0.003366213762334591
48,prob_work,0.8024666397088557,N=10000,10000,3.043421745300293,0.799972259007723,0.0024943807011327257
49,prob_work,0.8001013171225937,N=10000,10000,3.043421745300293,0.8029248249974638,0.002823507874870068
50,prob_work,0.8105006600995227,N=10000,10000,3.043421745300293,0.8042378775430519,0.006262782556470836
51,prob_work,0.8069836098951441,N=10000,10000,3.043421745300293,0.8025957739657941,0.0043878359293499924
52,prob_work,0.8066789215686274,N=10000,10000,3.043421745300293,0.7987324336843784,0.00794648788424901
53,prob_work,0.7922171018945212,N=10000,10000,3.043421745300293,0.7934820861510491,0.001264984256527879
54,prob_work,0.7891002570694088,N=10000,10000,3.043421745300293,0.784674223763665,0.0044260333057437595
55,prob_work,0.7739238154227315,N=10000,10000,3.043421745300293,0.7755647564665469,0.0016409410438154026
56,prob_work,0.7652552926525529,N=10000,10000,3.043421745300293,0.7632594802582918,0.001995812394261054
57,prob_work,0.7574020016680567,N=10000,10000,3.043421745300293,0.7489944785071087,0.00840752316094806
58,prob_work,0.7327396542692509,N=10000,10000,3.043421745300293,0.7307244358608406,0.0020152184084103464
59,prob_work,0.7174599831508003,N=10000,10000,3.043421745300293,0.7097918840156904,0.007668099135109907
60,prob_work,0.6870026525198939,N=10000,10000,3.043421745300293,0.6855956931966858,0.0014069593232081123
61,prob_work,0.6598566691624773,N=10000,10000,3.043421745300293,0.6597356701530855,0.00012099900939177566
62,prob_work,0.627431906614786,N=10000,10000,3.043421745300293,0.6292249382561057,0.00179303164131972
63,prob_work,0.5977312390924956,N=10000,10000,3.043421745300293,0.5988116141876395,0.001080375095143915
64,prob_work,0.563596249310535,N=10000,10000,3.043421745300293,0.5623299199519358,0.0012663293585991608
65,prob_work,0.5200446677833612,N=10000,10000,3.043421745300293,0.517231437007302,0.002813230776059217
66,prob_work,0.4457381867510739,N=10000,10000,3.043421745300293,0.44552538654089346,0.0002128002101804416
67,prob_work,0.36705368433153235,N=10000,10000,3.043421745300293,0.37107423299844333,0.0040205486669109836
68,prob_work,0.3220457730032695,N=10000,10000,3.043421745300293,0.32468857507409876,0.0026428020708292865
69,prob_work,0.29036860879904874,N=10000,10000,3.043421745300293,0.28681176455207874,0.0035568442469700035
70,prob_work,0.24608663997087732,N=10000,10000,3.043421745300293,0.2535312866358486,0.0074446466649712995
71,prob_work,0.22565438531199603,N=10000,10000,3.043421745300293,0.2216758657780664,0.003978519533929636
72,prob_work,0.19672131147540983,N=10000,10000,3.043421745300293,0.19313771804171365,0.003583593433696186
73,prob_work,0.16980392156862745,N=10000,10000,3.043421745300293,0.16780046534436527,0.002003456224262179
74,prob_work,0.1475895502289254,N=10000,10000,3.043421745300293,0.14563273773853128,0.0019568124903941164
75,prob_work,0.12590428491930997,N=10000,10000,3.043421745300293,0.12457173648270489,0.0013325484366050744
76,prob_work,0.10114145354717527,N=10000,10000,3.043421745300293,0.10751288990336536,0.0063714363561900855
77,prob_work,0.09414758269720101,N=10000,10000,3.043421745300293,0.0932165494225829,0.0009310332746181177
78,prob_work,0.08506321211175277,N=10000,10000,3.043421745300293,0.080256574888502,0.004806637223250768
79,prob_work,0.0734156378600823,N=10000,10000,3.043421745300293,0.07151689038049786,0.0018987474795844478
80,prob_work,0.0670147954743255,N=10000,10000,3.043421745300293,0.06333574662212259,0.0036790488522029097
81,prob_work,0.061424606845513416,N=10000,10000,3.043421745300293,0.0601730461839719,0.0012515606615415148
82,prob_work,0.06354845075981844,N=10000,10000,3.043421745300293,0.06397020451654764,0.000421753756729204
83,prob_work,0.06601362862010221,N=10000,10000,3.043421745300293,0.07691797767945924,0.010904349059357027
84,prob_work,0.797312948807042,N=10000,10000,3.043421745300293,0.799192605624801,0.0018796568177590345
30,hours_0,0.3072,N=10000,10000,3.043421745300293,0.316171,0.008971000000000007
31,hours_0,0.2936,N=10000,10000,3.043421745300293,0.303127,0.009526999999999952
32,hours_0,0.27622762276227625,N=10000,10000,3.043421745300293,0.2891668800102405,0.012939257247964242
33,hours_0,0.2652265226522652,N=10000,10000,3.043421745300293,0.27872562795977457,0.013499105307509363
34,hours_0,0.2692269226922692,N=10000,10000,3.043421745300293,0.2705210985130762,0.0012941758208069865
35,hours_0,0.2675802740822247,N=10000,10000,3.043421745300293,0.2630973391121303,0.004482934970094388
36,hours_0,0.25477834484138895,N=10000,10000,3.043421745300293,0.25633963786079067,0.0015612930194017216
37,hours_0,0.2431188069262336,N=10000,10000,3.043421745300293,0.2499867353159948,0.006867928389761191
38,hours_0,0.24244244244244245,N=10000,10000,3.043421745300293,0.24476886668208991,0.002326424239647462
39,hours_0,0.23933506909673544,N=10000,10000,3.043421745300293,0.23997190439880522,0.0006368353020697881
40,hours_0,0.23284240056106603,N=10000,10000,3.043421745300293,0.2344266667201402,0.0015842661590741713
41,hours_0,0.23754136167652662,N=10000,10000,3.043421745300293,0.2283880198378418,0.009153341838684825
42,hours_0,0.22664793819604695,N=10000,10000,3.043421745300293,0.22363212804627017,0.003015810149776782
43,hours_0,0.2146444355162716,N=10000,10000,3.043421745300293,0.21928646666720272,0.00464203115093112
44,hours_0,0.21105527638190955,N=10000,10000,3.043421745300293,0.21510428039134202,0.0040490040094324775
45,hours_0,0.22221104516648224,N=10000,10000,3.043421745300293,0.2110273648958389,0.011183680270643342
46,hours_0,0.20963030119875087,N=10000,10000,3.043421745300293,0.20754395275117082,0.0020863484475800442
47,hours_0,0.20667742586241677,N=10000,10000,3.043421745300293,0.20331121210008216,0.003366213762334619
48,hours_0,0.19753336029114435,N=10000,10000,3.043421745300293,0.20002774099227708,0.0024943807011327257
49,hours_0,0.19989868287740628,N=10000,10000,3.043421745300293,0.19707517500253627,0.0028235078748700126
50,hours_0,0.1894993399004773,N=10000,10000,3.043421745300293,0.1957621224569481,0.006262782556470808
51,hours_0,0.19301639010485594,N=10000,10000,3.043421745300293,0.1974042260342059,0.004387835929349965
52,hours_0,0.19332107843137256,N=10000,10000,3.043421745300293,0.20126756631562157,0.00794648788424901
53,hours_0,0.20778289810547876,N=10000,10000,3.043421745300293,0.20651791384895093,0.0012649842565278235
54,hours_0,0.21089974293059127,N=10000,10000,3.043421745300293,0.21532577623633503,0.0044260333057437595
55,hours_0,0.2260761845772685,N=10000,10000,3.043421745300293,0.22443524353345315,0.0016409410438153471
56,hours_0,0.23474470734744707,N=10000,10000,3.043421745300293,0.23674051974170815,0.0019958123942610817
57,hours_0,0.2425979983319433,N=10000,10000,3.043421745300293,0.2510055214928914,0.008407523160948116
58,hours_0,0.2672603457307491,N=10000,10000,3.043421745300293,0.26927556413915943,0.0020152184084103464
59,hours_0,0.28254001684919966,N=10000,10000,3.043421745300293,0.2902081159843096,0.0076680991351099625
60,hours_0,0.3129973474801061,N=10000,10000,3.043421745300293,0.3144043068033142,0.0014069593232081123
61,hours_0,0.34014333083752274,N=10000,10000,3.043421745300293,0.3402643298469144,0.00012099900939166464
62,hours_0,0.372568093385214,N=10000,10000,3.043421745300293,0.37077506174389435,0.0017930316413196645
63,hours_0,0.40226876090750435,N=10000,10000,3.043421745300293,0.4011883858123605,0.0010803750951438595
64,hours_0,0.43640375068946496,N=10000,10000,3.043421745300293,0.4376700800480642,0.0012663293585992164
65,hours_0,0.4799553322166388,N=10000,10000,3.043421745300293,0.48276856299269794,0.0028132307760591613
66,hours_0,0.5542618132489261,N=10000,10000,3.043421745300293,0.5544746134591065,0.0002128002101804416
67,hours_0,0.6329463156684676,N=10000,10000,3.043421745300293,0.6289257670015567,0.004020548666910928
68,hours_0,0.6779542269967305,N=10000,10000,3.043421745300293,0.6753114249259012,0.002642802070829231
69,hours_0,0.7096313912009512,N=10000,10000,3.043421745300293,0.7131882354479213,0.0035568442469701145
70,hours_0,0.7539133600291227,N=10000,10000,3.043421745300293,0.7464687133641514,0.007444646664971244
71,hours_0,0.774345614688004,N=10000,10000,3.043421745300293,0.7783241342219336,0.003978519533929581
72,hours_0,0.8032786885245902,N=10000,10000,3.043421745300293,0.8068622819582864,0.003583593433696186
73,hours_0,0.8301960784313726,N=10000,10000,3.043421745300293,0.8321995346556348,0.0020034562242622345
74,hours_0,0.8524104497710746,N=10000,10000,3.043421745300293,0.8543672622614688,0.001956812490394144
75,hours_0,0.8740957150806901,N=10000,10000,3.043421745300293,0.8754282635172951,0.0013325484366050189
76,hours_0,0.8988585464528247,N=10000,10000,3.043421745300293,0.8924871100966346,0.0063714363561900855
77,hours_0,0.905852417302799,N=10000,10000,3.043421745300293,0.9067834505774172,0.0009310332746181871
78,hours_0,0.9149367878882473,N=10000,10000,3.043421745300293,0.919743425111498,0.004806637223250698
79,hours_0,0.9265843621399177,N=10000,10000,3.043421745300293,0.9284831096195022,0.0018987474795845172
80,hours_0,0.9329852045256745,N=10000,10000,3.043421745300293,0.9366642533778774,0.0036790488522029374
81,hours_0,0.9385753931544866,N=10000,10000,3.043421745300293,0.9398269538160281,0.0012515606615415287
82,hours_0,0.9364515492401816,N=10000,10000,3.043421745300293,0.9360297954834523,0.0004217537567292595
83,hours_0,0.9339863713798978,N=10000,10000,3.043421745300293,0.9230820223205407,0.01090434905935711
84,hours_0,0.20268705119295807,N=10000,10000,3.043421745300293,0.200807394375199,0.0018796568177590622
30,hours_1,0.0959,N=10000,10000,3.043421745300293,0.094294,0.0016059999999999963
31,hours_1,0.0859,N=10000,10000,3.043421745300293,0.085412,0.0004880000000000023
32,hours_1,0.08720872087208721,N=10000,10000,3.043421745300293,0.08316299182360753,0.0040457290484796765
33,hours_1,0.08340834083408341,N=10000,10000,3.043421745300293,0.08218109444775044,0.001227246386332967
34,hours_1,0.07870787078707871,N=10000,10000,3.043421745300293,0.08203337951316125,0.003325508726082546
35,hours_1,0.08512553766129839,N=10000,10000,3.043421745300293,0.08153246171146836,0.003593075949830035
36,hours_1,0.07885519863904733,N=10000,10000,3.043421745300293,0.08040699379221379,0.0015517951531664603
37,hours_1,0.0792713442097888,N=10000,10000,3.043421745300293,0.07965317606590495,0.00038183185611614934
38,hours_1,0.08028028028028028,N=10000,10000,3.043421745300293,0.07878873462307698,0.0014915456572033026
39,hours_1,0.07941117564590426,N=10000,10000,3.043421745300293,0.07868070912335512,0.0007304665225491419
40,hours_1,0.08365895200881675,N=10000,10000,3.043421745300293,0.07756136590139345,0.0060975861074232945
41,hours_1,0.07740900431164144,N=10000,10000,3.043421745300293,0.07751727985182821,0.00010827554018677521
42,hours_1,0.07645229256546604,N=10000,10000,3.043421745300293,0.0771269919368605,0.0006746993713944577
43,hours_1,0.07703897147448775,N=10000,10000,3.043421745300293,0.07660090699301261,0.00043806448147513943
44,hours_1,0.0770854271356784,N=10000,10000,3.043421745300293,0.07561095620797113,0.0014744709277072637
45,hours_1,0.07323206920832914,N=10000,10000,3.043421745300293,0.07539174388367728,0.002159674675348139
46,hours_1,0.0746449078271381,N=10000,10000,3.043421745300293,0.07457994426833525,6.496355880285243e-05
47,hours_1,0.07302804115392375,N=10000,10000,3.043421745300293,0.07401063314829917,0.0009825919943754202
48,hours_1,0.07147189648200566,N=10000,10000,3.043421745300293,0.07350755486439312,0.0020356583823874508
49,hours_1,0.07163120567375887,N=10000,10000,3.043421745300293,0.07369179263467586,0.002060586960916988
50,hours_1,0.0719000710876409,N=10000,10000,3.043421745300293,0.07363055485508366,0.0017304837674427531
51,hours_1,0.07380637279853405,N=10000,10000,3.043421745300293,0.07375321795427318,5.315484426086925e-05
52,hours_1,0.07659313725490197,N=10000,10000,3.043421745300293,0.07344031363983569,0.0031528236150662747
53,hours_1,0.07670250896057347,N=10000,10000,3.043421745300293,0.07430048315424101,0.002402025806332461
54,hours_1,0.0797943444730077,N=10000,10000,3.043421745300293,0.07520368738003246,0.0045906570929752505
55,hours_1,0.07504903478889233,N=10000,10000,3.043421745300293,0.07544873399003571,0.0003996992011433831
56,hours_1,0.08011623080116231,N=10000,10000,3.043421745300293,0.07668143174130924,0.003434799059853069
57,hours_1,0.0823603002502085,N=10000,10000,3.043421745300293,0.07732073942897238,0.005039560821236119
58,hours_1,0.07700366684127816,N=10000,10000,3.043421745300293,0.07865339638711494,0.001649729545836781
59,hours_1,0.07940185341196293,N=10000,10000,3.043421745300293,0.07965782260937214,0.00025596919740920876
60,hours_1,0.0826525198938992,N=10000,10000,3.043421745300293,0.08094524836828831,0.0017072715256108845
61,hours_1,0.08599850251363782,N=10000,10000,3.043421745300293,0.08129553596046746,0.00470296655317036
62,hours_1,0.08117163856463468,N=10000,10000,3.043421745300293,0.08149436458443816,0.0003227260198034876
63,hours_1,0.0831151832460733,N=10000,10000,3.043421745300293,0.08124096500074848,0.001874218245324813
64,hours_1,0.08284611141753999,N=10000,10000,3.043421745300293,0.07979846618720292,0.0030476452303370705
65,hours_1,0.08084868788386376,N=10000,10000,3.043421745300293,0.0818110498447729,0.0009623619609091388
66,hours_1,0.12593262491521592,N=10000,10000,3.043421745300293,0.1268823242380981,0.0009496993228821637
67,hours_1,0.11840441430049431,N=10000,10000,3.043421745300293,0.11935296719456363,0.0009485528940693239
68,hours_1,0.11163007940214853,N=10000,10000,3.043421745300293,0.11034090683576399,0.0012891725663845416
69,hours_1,0.10107015457788347,N=10000,10000,3.043421745300293,0.10092951228237397,0.00014064229550950214
70,hours_1,0.08724669336245601,N=10000,10000,3.043421745300293,0.09325191158053492,0.006005218218078909
71,hours_1,0.08398461729313982,N=10000,10000,3.043421745300293,0.08468304579397791,0.0006984285008380942
72,hours_1,0.07612148938874062,N=10000,10000,3.043421745300293,0.07614824296729755,2.6753578556928947e-05
73,hours_1,0.06823529411764706,N=10000,10000,3.043421745300293,0.0690647725968511,0.000829478479204046
74,hours_1,0.06544573121465122,N=10000,10000,3.043421745300293,0.06197446529489064,0.0034712659197605814
75,hours_1,0.055926544240400666,N=10000,10000,3.043421745300293,0.05439970891274187,0.0015268353276587932
76,hours_1,0.047247507585609014,N=10000,10000,3.043421745300293,0.04866172685797618,0.0014142192723671648
77,hours_1,0.04280796287980841,N=10000,10000,3.043421745300293,0.04358538810592783,0.00077742522611942
78,hours_1,0.04042453566411737,N=10000,10000,3.043421745300293,0.0380011522636329,0.002423383400484473
79,hours_1,0.034238683127572014,N=10000,10000,3.043421745300293,0.034203371307731295,3.5311819840719294e-05
80,hours_1,0.028894691035683203,N=10000,10000,3.043421745300293,0.029938155840304247,0.0010434648046210443
81,hours_1,0.027567067530064753,N=10000,10000,3.043421745300293,0.027679601244627077,0.00011253371456232397
82,hours_1,0.027827116637063352,N=10000,10000,3.043421745300293,0.02794616335528574,0.00011904671822238894
83,hours_1,0.03534923339011925,N=10000,10000,3.043421745300293,0.0398639127022652,0.004514679312145949
84,hours_1,0.19898077368542968,N=10000,10000,3.043421745300293,0.19952216383551838,0.0005413901500886942
30,hours_2,0.0846,N=10000,10000,3.043421745300293,0.082324,0.0022760000000000002
31,hours_2,0.0801,N=10000,10000,3.043421745300293,0.07898,0.0011200000000000099
32,hours_2,0.08010801080108011,N=10000,10000,3.043421745300293,0.07759972478678977,0.002508286014290345
33,hours_2,0.07950795079507951,N=10000,10000,3.043421745300293,0.07768948808089092,0.00181846271418859
34,hours_2,0.07610761076107611,N=10000,10000,3.043421745300293,0.07759711517782568,0.001489504416749568
35,hours_2,0.07832349704911473,N=10000,10000,3.043421745300293,0.0771153238167273,0.0012081732323874356
36,hours_2,0.07905533873711598,N=10000,10000,3.043421745300293,0.07655802623822967,0.002497312498886309
37,hours_2,0.07396656991292162,N=10000,10000,3.043421745300293,0.07647065301288526,0.0025040830999636388
38,hours_2,0.07867867867867868,N=10000,10000,3.043421745300293,0.07581925962425375,0.0028594190544249387
39,hours_2,0.07470458642098939,N=10000,10000,3.043421745300293,0.07593527591102793,0.0012306894900385446
40,hours_2,0.0739404869251578,N=10000,10000,3.043421745300293,0.07577267595635757,0.0018321890311997768
41,hours_2,0.07379925799659079,N=10000,10000,3.043421745300293,0.07576446225020844,0.001965204253617653
42,hours_2,0.07685361693588844,N=10000,10000,3.043421745300293,0.0759190272017994,0.0009345897340890391
43,hours_2,0.0799517878666131,N=10000,10000,3.043421745300293,0.07525609687457284,0.004695690992040258
44,hours_2,0.07758793969849247,N=10000,10000,3.043421745300293,0.075206452735983,0.002381486962509463
45,hours_2,0.07755758977970023,N=10000,10000,3.043421745300293,0.07475902952902073,0.0027985602506794965
46,hours_2,0.07383902488163595,N=10000,10000,3.043421745300293,0.07514291075871336,0.0013038858770774153
47,hours_2,0.07413758321565463,N=10000,10000,3.043421745300293,0.07490902402816642,0.0007714408125117922
48,hours_2,0.07268499797816418,N=10000,10000,3.043421745300293,0.07411400940358892,0.001429011425424745
49,hours_2,0.07598784194528875,N=10000,10000,3.043421745300293,0.07404788475195292,0.0019399571933358256
50,hours_2,0.07657154463288311,N=10000,10000,3.043421745300293,0.07357157964094263,0.002999964991940482
51,hours_2,0.07370457090501883,N=10000,10000,3.043421745300293,0.07296306680600514,0.0007415040990136901
52,hours_2,0.07230392156862746,N=10000,10000,3.043421745300293,0.07207314990638457,0.00023077166224289014
53,hours_2,0.06625704045058883,N=10000,10000,3.043421745300293,0.07124601261803112,0.0049889721674422904
54,hours_2,0.0689974293059126,N=10000,10000,3.043421745300293,0.06954925156730128,0.000551822261388682
55,hours_2,0.06875193558377207,N=10000,10000,3.043421745300293,0.06847911285202274,0.0002728227317493337
56,hours_2,0.0630967206309672,N=10000,10000,3.043421745300293,0.0668812173291559,0.0037844966981886996
57,hours_2,0.06390742285237698,N=10000,10000,3.043421745300293,0.0651354478172979,0.0012280249649209152
58,hours_2,0.06558407543216344,N=10000,10000,3.043421745300293,0.06350116519271626,0.0020829102394471777
59,hours_2,0.06687026116259477,N=10000,10000,3.043421745300293,0.06140526119406929,0.00546499996852548
60,hours_2,0.06302387267904509,N=10000,10000,3.043421745300293,0.059211093616763064,0.003812779062282029
61,hours_2,0.05594181195849823,N=10000,10000,3.043421745300293,0.05681085471084967,0.0008690427523514385
62,hours_2,0.05490704712494596,N=10000,10000,3.043421745300293,0.05319174266053954,0.001715304464406417
63,hours_2,0.053228621291448515,N=10000,10000,3.043421745300293,0.05031736544611999,0.002911255845328524
64,hours_2,0.04688361831218974,N=10000,10000,3.043421745300293,0.047126530720432575,0.00024291240824283328
65,hours_2,0.0480178671133445,N=10000,10000,3.043421745300293,0.04649548846804601,0.001522378645298486
66,hours_2,0.04691385937146733,N=10000,10000,3.043421745300293,0.047592900576598894,0.0006790412051315628
67,hours_2,0.04011955397172089,N=10000,10000,3.043421745300293,0.040374065840642896,0.00025451186892200967
68,hours_2,0.0338626809901915,N=10000,10000,3.043421745300293,0.03438836272963612,0.0005256817394446237
69,hours_2,0.028180737217598097,N=10000,10000,3.043421745300293,0.029828537607750807,0.00164780039015271
70,hours_2,0.023662176920276664,N=10000,10000,3.043421745300293,0.025701923158523887,0.0020397462382472226
71,hours_2,0.023942438903361864,N=10000,10000,3.043421745300293,0.02203573402465048,0.0019067048787113836
72,hours_2,0.018935061634261025,N=10000,10000,3.043421745300293,0.018737364501742303,0.00019769713251872184
73,hours_2,0.016601307189542485,N=10000,10000,3.043421745300293,0.015576254916895339,0.0010250522726471464
74,hours_2,0.011715593859412874,N=10000,10000,3.043421745300293,0.013023989508788808,0.0013083956493759336
75,hours_2,0.012520868113522538,N=10000,10000,3.043421745300293,0.011121310892579636,0.001399557220942902
76,hours_2,0.00838029186533738,N=10000,10000,3.043421745300293,0.008883874147277773,0.0005035822819403936
77,hours_2,0.00598712767549768,N=10000,10000,3.043421745300293,0.007475810904900243,0.0014886832294025631
78,hours_2,0.0063992508194162636,N=10000,10000,3.043421745300293,0.006249538859070623,0.00014971196034564097
79,hours_2,0.004773662551440329,N=10000,10000,3.043421745300293,0.005203389466768137,0.0004297269153278084
80,hours_2,0.002959094865100087,N=10000,10000,3.043421745300293,0.004336941636209799,0.001377846771109712
81,hours_2,0.004070305272895467,N=10000,10000,3.043421745300293,0.0037197883095546266,0.00035051696334084063
82,hours_2,0.003947108742845865,N=10000,10000,3.043421745300293,0.0036212544819224993,0.0003258542609233658
83,hours_2,0.004258943781942078,N=10000,10000,3.043421745300293,0.004593267057422253,0.0003343232754801752
84,hours_2,0.20083391243919388,N=10000,10000,3.043421745300293,0.19972203693933852,0.0011118754998553637
30,hours_3,0.0905,N=10000,10000,3.043421745300293,0.088833,0.0016670000000000018
31,hours_3,0.0932,N=10000,10000,3.043421745300293,0.088053,0.005146999999999999
32,hours_3,0.09150915091509151,N=10000,10000,3.043421745300293,0.08883626414067876,0.0026728867744127555
33,hours_3,0.09530953095309531,N=10000,10000,3.043421745300293,0.0891830397103609,0.006126491242734414
34,hours_3,0.09160916091609161,N=10000,10000,3.043421745300293,0.08942448597850387,0.002184674937587741
35,hours_3,0.09112733820146043,N=10000,10000,3.043421745300293,0.09017164307524841,0.0009556951262120195
36,hours_3,0.09166416491544081,N=10000,10000,3.043421745300293,0.09027159940313982,0.0013925655123009917
37,hours_3,0.09028125312781503,N=10000,10000,3.043421745300293,0.09046414380719456,0.00018289067937952985
38,hours_3,0.08518518518518518,N=10000,10000,3.043421745300293,0.0911163122826099,0.0059311270974247154
39,hours_3,0.0935309433206489,N=10000,10000,3.043421745300293,0.09114437471756606,0.0023865686030828392
40,hours_3,0.091573990582106,N=10000,10000,3.043421745300293,0.0912933712193371,0.0002806193627688941
41,hours_3,0.09275042615060664,N=10000,10000,3.043421745300293,0.0917876431877401,0.0009627829628665319
42,hours_3,0.09330791612320659,N=10000,10000,3.043421745300293,0.09141170209561297,0.0018962140275936151
43,hours_3,0.09089995982322217,N=10000,10000,3.043421745300293,0.09139884374472328,0.0004988839215011032
44,hours_3,0.08954773869346734,N=10000,10000,3.043421745300293,0.09152444478879787,0.00197670609533053
45,hours_3,0.0919424605170506,N=10000,10000,3.043421745300293,0.09182115945912998,0.00012130105792061696
46,hours_3,0.0918706557872469,N=10000,10000,3.043421745300293,0.09177261803631638,9.803775093052136e-05
47,hours_3,0.08856163001815615,N=10000,10000,3.043421745300293,0.09215833103430156,0.003596701016145412
48,hours_3,0.09401536595228467,N=10000,10000,3.043421745300293,0.0923299193688823,0.0016854465834023752
49,hours_3,0.08824721377912867,N=10000,10000,3.043421745300293,0.09234655574718474,0.004099341968056072
50,hours_3,0.08753935208693003,N=10000,10000,3.043421745300293,0.09212030130233542,0.004580949215405389
51,hours_3,0.09253792120533443,N=10000,10000,3.043421745300293,0.09096016108887926,0.0015777601164551625
52,hours_3,0.08884803921568628,N=10000,10000,3.043421745300293,0.08901595910575016,0.0001679198900638862
53,hours_3,0.08806963645673323,N=10000,10000,3.043421745300293,0.08673075206461482,0.0013388843921184057
54,hours_3,0.07958868894601542,N=10000,10000,3.043421745300293,0.08385782662064306,0.004269137674627638
55,hours_3,0.07917828016929906,N=10000,10000,3.043421745300293,0.08079073143795486,0.001612451268655793
56,hours_3,0.07565379825653798,N=10000,10000,3.043421745300293,0.07807344862834396,0.002419650371805984
57,hours_3,0.07464553794829024,N=10000,10000,3.043421745300293,0.07427807106938203,0.00036746687890820695
58,hours_3,0.06348873755893138,N=10000,10000,3.043421745300293,0.07065510190579109,0.007166364346859716
59,hours_3,0.07192502106149957,N=10000,10000,3.043421745300293,0.06647471246507881,0.005450308596420761
60,hours_3,0.0656763925729443,N=10000,10000,3.043421745300293,0.06208009572566591,0.003596296847278392
61,hours_3,0.05797411487859664,N=10000,10000,3.043421745300293,0.05800386871267137,2.975383407473331e-05
62,hours_3,0.05317769130998703,N=10000,10000,3.043421745300293,0.05288545831177799,0.00029223299820903964
63,hours_3,0.04602966841186736,N=10000,10000,3.043421745300293,0.048515555769232874,0.0024858873573655113
64,hours_3,0.041478212906784336,N=10000,10000,3.043421745300293,0.04461840221943419,0.003140189312649852
65,hours_3,0.04042434394193188,N=10000,10000,3.043421745300293,0.04162969453006086,0.001205350588128977
66,hours_3,0.03120054261813249,N=10000,10000,3.043421745300293,0.03283432376712786,0.001633781148995369
67,hours_3,0.02483044028049201,N=10000,10000,3.043421745300293,0.026696996329421498,0.0018665560489294873
68,hours_3,0.02125175151798225,N=10000,10000,3.043421745300293,0.022553573492313458,0.0013018219743312076
69,hours_3,0.018430439952437573,N=10000,10000,3.043421745300293,0.018666308537227436,0.00023586858478986256
70,hours_3,0.015046717631355419,N=10000,10000,3.043421745300293,0.016047941360819842,0.0010012237294644236
71,hours_3,0.011661084232725468,N=10000,10000,3.043421745300293,0.01299689452539277,0.0013358102926673016
72,hours_3,0.009531071292413268,N=10000,10000,3.043421745300293,0.010810652931435596,0.0012795816390223282
73,hours_3,0.006928104575163399,N=10000,10000,3.043421745300293,0.008727815281241197,0.0017997107060777982
74,hours_3,0.007675733907891193,N=10000,10000,3.043421745300293,0.007044751572741125,0.0006309823351500687
75,hours_3,0.0052865887590428495,N=10000,10000,3.043421745300293,0.005250958602003447,3.563015703940235e-05
76,hours_3,0.004334633723450368,N=10000,10000,3.043421745300293,0.004442657582491059,0.00010802385904069064
77,hours_3,0.00374195479718605,N=10000,10000,3.043421745300293,0.003469304458476387,0.0002726503387096629
78,hours_3,0.003745902918682691,N=10000,10000,3.043421745300293,0.00269070826537228,0.0010551946533104107
79,hours_3,0.0026337448559670784,N=10000,10000,3.043421745300293,0.002231910710365013,0.00040183414560206535
80,hours_3,0.001566579634464752,N=10000,10000,3.043421745300293,0.0018614307022670378,0.00029485106780228576
81,hours_3,0.0020351526364477336,N=10000,10000,3.043421745300293,0.0016392287465833949,0.00039592388986433875
82,hours_3,0.0009867771857114663,N=10000,10000,3.043421745300293,0.0015437457462661394,0.0005569685605546731
83,hours_3,0.0014906303236797275,N=10000,10000,3.043421745300293,0.0016700845306549254,0.00017945420697519795
84,hours_3,0.19851748899698865,N=10000,10000,3.043421745300293,0.20001952248921034,0.0015020334922216938
30,hours_4,0.4218,N=10000,10000,3.043421745300293,0.418378,0.0034219999999999806
31,hours_4,0.4472,N=10000,10000,3.043421745300293,0.444428,0.0027719999999999967
32,hours_4,0.46494649464946497,N=10000,10000,3.043421745300293,0.46123413923868345,0.0037123554107815204
33,hours_4,0.47654765476547656,N=10000,10000,3.043421745300293,0.47222074980122314,0.00432690496425342
34,hours_4,0.48434843484348433,N=10000,10000,3.043421745300293,0.48042392081743296,0.003924514026051373
35,hours_4,0.47784335300590175,N=10000,10000,3.043421745300293,0.4880832322844257,0.010239879278523933
36,hours_4,0.4956469528670069,N=10000,10000,3.043421745300293,0.49642374270562606,0.0007767898386191741
37,hours_4,0.5133620258232409,N=10000,10000,3.043421745300293,0.5034252917980204,0.00993673402522044
38,hours_4,0.5134134134134134,N=10000,10000,3.043421745300293,0.5095068267879694,0.003906586625443964
39,hours_4,0.513018225515722,N=10000,10000,3.043421745300293,0.5142677358492457,0.0012495103335237179
40,hours_4,0.5179841699228535,N=10000,10000,3.043421745300293,0.5209459202027716,0.002961750279918185
41,hours_4,0.5184999498646345,N=10000,10000,3.043421745300293,0.5265425948723814,0.008042645007746874
42,hours_4,0.526738236179392,N=10000,10000,3.043421745300293,0.531910150719457,0.005171914540065048
43,hours_4,0.5374648453194054,N=10000,10000,3.043421745300293,0.5374576857204886,7.1595989168393714e-06
44,hours_4,0.5447236180904522,N=10000,10000,3.043421745300293,0.5425538658759059,0.0021697522145462944
45,hours_4,0.5350568353284377,N=10000,10000,3.043421745300293,0.5470007022323331,0.011943866903895373
46,hours_4,0.5500151103052282,N=10000,10000,3.043421745300293,0.5509605741854642,0.0009454638802359749
47,hours_4,0.5575953197498487,N=10000,10000,3.043421745300293,0.5556107996891507,0.0019845200606979363
48,hours_4,0.5642943792964011,N=10000,10000,3.043421745300293,0.5600207753708586,0.004273603925542546
49,hours_4,0.5642350557244175,N=10000,10000,3.043421745300293,0.5628385918636502,0.0013964638607673052
50,hours_4,0.5744896922920687,N=10000,10000,3.043421745300293,0.5649154417446902,0.009574250547378482
51,hours_4,0.5669347449862567,N=10000,10000,3.043421745300293,0.5649193281166365,0.002015416869620257
52,hours_4,0.5689338235294118,N=10000,10000,3.043421745300293,0.564203011032408,0.0047308124970038
53,hours_4,0.5611879160266257,N=10000,10000,3.043421745300293,0.5612048383141621,1.6922287536469405e-05
54,hours_4,0.560719794344473,N=10000,10000,3.043421745300293,0.5560634581956881,0.004656336148784912
55,hours_4,0.550944564880768,N=10000,10000,3.043421745300293,0.5508461781865336,9.838669423445356e-05
56,hours_4,0.5463885429638854,N=10000,10000,3.043421745300293,0.5416233825594827,0.0047651604044026685
57,hours_4,0.536488740617181,N=10000,10000,3.043421745300293,0.5322602201914564,0.004228520425724636
58,hours_4,0.5266631744368779,N=10000,10000,3.043421745300293,0.5179147723752183,0.00874840206165961
59,hours_4,0.49926284751474304,N=10000,10000,3.043421745300293,0.5022540877471701,0.002991240232427028
60,hours_4,0.47564986737400533,N=10000,10000,3.043421745300293,0.48335925548596853,0.0077093881119632
61,hours_4,0.4599422398117446,N=10000,10000,3.043421745300293,0.4636254107690971,0.0036831709573524885
62,hours_4,0.43817552961521833,N=10000,10000,3.043421745300293,0.44165337269935,0.003477843084131682
63,hours_4,0.41535776614310643,N=10000,10000,3.043421745300293,0.4187377279715382,0.0033799618284317545
64,hours_4,0.39238830667402097,N=10000,10000,3.043421745300293,0.39078652082486615,0.0016017858491548242
65,hours_4,0.3507537688442211,N=10000,10000,3.043421745300293,0.3472952041644223,0.0034585646797988256
66,hours_4,0.2416911598462582,N=10000,10000,3.043421745300293,0.23821583795906862,0.0034753218871895752
67,hours_4,0.18369927577882514,N=10000,10000,3.043421745300293,0.18465020363381526,0.0009509278549901246
68,hours_4,0.15530126109294723,N=10000,10000,3.043421745300293,0.1574057320163852,0.002104470923437962
69,hours_4,0.1426872770511296,N=10000,10000,3.043421745300293,0.1373874061247265,0.005299870926403105
70,hours_4,0.12013105205678923,N=10000,10000,3.043421745300293,0.11852951053596997,0.0016015415208192607
71,hours_4,0.10606624488276889,N=10000,10000,3.043421745300293,0.10196019143404522,0.004106053448723668
72,hours_4,0.09213368915999491,N=10000,10000,3.043421745300293,0.0874414576412382,0.004692231518756709
73,hours_4,0.0780392156862745,N=10000,10000,3.043421745300293,0.07443162254937763,0.003607593136896875
74,hours_4,0.0627524912469701,N=10000,10000,3.043421745300293,0.06358953136211071,0.0008370401151406026
75,hours_4,0.052170283806343906,N=10000,10000,3.043421745300293,0.053799758075379935,0.0016294742690360284
76,hours_4,0.0411790203727785,N=10000,10000,3.043421745300293,0.045524631315620345,0.004345610942841846
77,hours_4,0.041610537344708876,N=10000,10000,3.043421745300293,0.03868604595327843,0.002924491391430445
78,hours_4,0.03449352270953644,N=10000,10000,3.043421745300293,0.03331517550042621,0.0011783472091102323
79,hours_4,0.03176954732510288,N=10000,10000,3.043421745300293,0.029878218895633413,0.0018913284294694646
80,hours_4,0.03359442993907746,N=10000,10000,3.043421745300293,0.027199218443341503,0.006395211495735954
81,hours_4,0.027752081406105456,N=10000,10000,3.043421745300293,0.027134427883206805,0.0006176535228986507
82,hours_4,0.03078744819419775,N=10000,10000,3.043421745300293,0.030859040933073265,7.159273887551512e-05
83,hours_4,0.024914821124361157,N=10000,10000,3.043421745300293,0.030790713389116865,0.0058758922647557076
84,hours_4,0.19898077368542968,N=10000,10000,3.043421745300293,0.19992888236073378,0.0009481086753040935
30,work_work,0.5597,N=10000,10000,3.043421745300293,0.561155,0.001454999999999984
31,work_work,0.5601,N=10000,10000,3.043421745300293,0.545674,0.01442600000000005
32,work_work,0.5741574157415742,N=10000,10000,3.043421745300293,0.5618879706225899,0.012269445118984312
33,work_work,0.5958595859585959,N=10000,10000,3.043421745300293,0.576458821940962,0.01940076401763391
34,work_work,0.5985598559855986,N=10000,10000,3.043421745300293,0.5881586252081843,0.010401230777414283
35,work_work,0.5920776232869861,N=10000,10000,3.043421745300293,0.5977232980762689,0.005645674789282795
36,work_work,0.6063244270989693,N=10000,10000,3.043421745300293,0.6065066166013997,0.00018218950243042986
37,work_work,0.6172555299769793,N=10000,10000,3.043421745300293,0.6150939089572156,0.002161621019763693
38,work_work,0.627927927927928,N=10000,10000,3.043421745300293,0.6223168314650178,0.005611096462910137
39,work_work,0.6314840777087923,N=10000,10000,3.043421745300293,0.6286681342376563,0.0028159434711360065
40,work_work,0.6343051798416992,N=10000,10000,3.043421745300293,0.6353869846738147,0.0010818048321155072
41,work_work,0.6368194124135165,N=10000,10000,3.043421745300293,0.6430753671435494,0.006255954730032931
42,work_work,0.6376040935085783,N=10000,10000,3.043421745300293,0.6498107220676982,0.012206628559119914
43,work_work,0.6567898754519887,N=10000,10000,3.043421745300293,0.6554893983130573,0.001300477138931444
44,work_work,0.6690452261306533,N=10000,10000,3.043421745300293,0.6609969098752178,0.008048316255435561
45,work_work,0.6611004929081581,N=10000,10000,3.043421745300293,0.6666058804149719,0.005505387506813841
46,work_work,0.6613276921527148,N=10000,10000,3.043421745300293,0.6713930293045245,0.010065337151809683
47,work_work,0.6735928989308049,N=10000,10000,3.043421745300293,0.6768996318517463,0.003306732920941413
48,work_work,0.6817630408410837,N=10000,10000,3.043421745300293,0.6812114511576296,0.0005515896834541456
49,work_work,0.6862208713272543,N=10000,10000,3.043421745300293,0.6854377599675358,0.0007831113597185357
50,work_work,0.692698283741241,N=10000,10000,3.043421745300293,0.6886657772933223,0.004032506447918638
51,work_work,0.6958159421765245,N=10000,10000,3.043421745300293,0.6879800168225728,0.007835925353951723
52,work_work,0.6958741830065359,N=10000,10000,3.043421745300293,0.6844704720242715,0.011403710982264448
53,work_work,0.6826420890937019,N=10000,10000,3.043421745300293,0.6783787194617072,0.004263369631994696
54,work_work,0.6734190231362468,N=10000,10000,3.043421745300293,0.6687886676497483,0.004630355486498483
55,work_work,0.6617115722101786,N=10000,10000,3.043421745300293,0.6569064395576669,0.004805132652511701
56,work_work,0.6446658364466583,N=10000,10000,3.043421745300293,0.6428209326097616,0.0018449038368967274
57,work_work,0.6330275229357798,N=10000,10000,3.043421745300293,0.6255387841021101,0.007488738833669739
58,work_work,0.6095337873232058,N=10000,10000,3.043421745300293,0.6050842099846356,0.00444957733857021
59,work_work,0.586352148272957,N=10000,10000,3.043421745300293,0.5803898065554051,0.005962341717551944
60,work_work,0.5525729442970823,N=10000,10000,3.043421745300293,0.5532756126304225,0.0007026683333402062
61,work_work,0.524548080008557,N=10000,10000,3.043421745300293,0.523296495092228,0.0012515849163290405
62,work_work,0.48811067877215736,N=10000,10000,3.043421745300293,0.4902313691451528,0.0021206903729954485
63,work_work,0.45320680628272253,N=10000,10000,3.043421745300293,0.45643914767518473,0.0032323413924622013
64,work_work,0.41963596249310536,N=10000,10000,3.043421745300293,0.41944832217137,0.0001876403217353495
65,work_work,0.3748743718592965,N=10000,10000,3.043421745300293,0.3722812907205711,0.002593081138725417
66,work_work,0.3031878815283744,N=10000,10000,3.043421745300293,0.30435885214591474,0.0011709706175403456
67,work_work,0.23381997930796644,N=10000,10000,3.043421745300293,0.23377047108629592,4.950822167051894e-05
68,work_work,0.1811069593647828,N=10000,10000,3.043421745300293,0.18382096291618172,0.002714003551398919
69,work_work,0.15208085612366232,N=10000,10000,3.043421745300293,0.1505391551552218,0.0015417009684405292
70,work_work,0.12425676495570925,N=10000,10000,3.043421745300293,0.12422757840602007,2.918654968918355e-05
71,work_work,0.10135218955464582,N=10000,10000,3.043421745300293,0.10116833258567318,0.00018385696897264825
72,work_work,0.08476299402719532,N=10000,10000,3.043421745300293,0.0812024422703768,0.0035605517568185197
73,work_work,0.06901960784313725,N=10000,10000,3.043421745300293,0.06500735577976482,0.004012252063372426
74,work_work,0.055615405332615137,N=10000,10000,3.043421745300293,0.0519535312438696,0.0036618740887455342
75,work_work,0.04521424596549805,N=10000,10000,3.043421745300293,0.04049945907210381,0.004714786893394239
76,work_work,0.033810143042912875,N=10000,10000,3.043421745300293,0.03153379042414915,0.002276352618763723
77,work_work,0.024247867085765602,N=10000,10000,3.043421745300293,0.024478703992701255,0.0002308369069356532
78,work_work,0.018417356016856564,N=10000,10000,3.043421745300293,0.019208580125493126,0.0007912241086365616
79,work_work,0.015637860082304528,N=10000,10000,3.043421745300293,0.014868949532734965,0.0007689105495695629
80,work_work,0.014099216710182768,N=10000,10000,3.043421745300293,0.012009455439930917,0.002089761270251851
81,work_work,0.012210915818686401,N=10000,10000,3.043421745300293,0.009942923686855388,0.002267992131831013
82,work_work,0.009078350108545491,N=10000,10000,3.043421745300293,0.00966726127995968,0.0005889111714141894
83,work_work,0.011286201022146508,N=10000,10000,3.043421745300293,0.012511734428760524,0.001225533406614016
84,work_work,0.05096131572851517,N=10000,10000,3.043421745300293,0.06095432434756538,0.009993008619050212
30,nowork_nowork,0.1288,N=10000,10000,3.043421745300293,0.136219,0.007419000000000009
31,nowork_nowork,0.1609,N=10000,10000,3.043421745300293,0.164972,0.00407200000000002
32,nowork_nowork,0.14391439143914392,N=10000,10000,3.043421745300293,0.15418140070723393,0.010267009268090016
33,nowork_nowork,0.13731373137313732,N=10000,10000,3.043421745300293,0.1443534877208423,0.007039756347704984
34,nowork_nowork,0.133013301330133,N=10000,10000,3.043421745300293,0.1374041601856529,0.004390858855519902
35,nowork_nowork,0.12883865159547864,N=10000,10000,3.043421745300293,0.13133856786684756,0.0024999162713689183
36,nowork_nowork,0.1286900830581407,N=10000,10000,3.043421745300293,0.1259340951873895,0.0027559878707512087
37,nowork_nowork,0.11520368331498348,N=10000,10000,3.043421745300293,0.12142441682943018,0.0062207335144467
38,nowork_nowork,0.11351351351351352,N=10000,10000,3.043421745300293,0.11708444626051459,0.003570932747001071
39,nowork_nowork,0.11335870218305628,N=10000,10000,3.043421745300293,0.11341244322514256,5.374104208627495e-05
40,nowork_nowork,0.10640216411181244,N=10000,10000,3.043421745300293,0.10977182171654078,0.003369657604728335
41,nowork_nowork,0.10718941141080919,N=10000,10000,3.043421745300293,0.10588142043442185,0.001307990976387341
42,nowork_nowork,0.10173572790207686,N=10000,10000,3.043421745300293,0.1018465894827742,0.0001108615806973412
43,nowork_nowork,0.09803133788670149,N=10000,10000,3.043421745300293,0.09839627875561845,0.0003649408689169603
44,nowork_nowork,0.09467336683417085,N=10000,10000,3.043421745300293,0.09540445819174874,0.0007310913575778871
45,nowork_nowork,0.09415551755356603,N=10000,10000,3.043421745300293,0.09274101329002397,0.0014145042635420602
46,nowork_nowork,0.09318021557368793,N=10000,10000,3.043421745300293,0.08997576620950021,0.0032044493641877198
47,nowork_nowork,0.08967117207988703,N=10000,10000,3.043421745300293,0.08773913720116376,0.0019320348787232738
48,nowork_nowork,0.08582693085321472,N=10000,10000,3.043421745300293,0.08454927974664576,0.0012776511065689528
49,nowork_nowork,0.08358662613981763,N=10000,10000,3.043421745300293,0.08255351526833722,0.0010331108714804055
50,nowork_nowork,0.08154767949629328,N=10000,10000,3.043421745300293,0.08148442647621063,6.325302008265699e-05
51,nowork_nowork,0.07818385421968849,N=10000,10000,3.043421745300293,0.08113373945403105,0.0029498852343425586
52,nowork_nowork,0.0818014705882353,N=10000,10000,3.043421745300293,0.08312805426116407,0.0013265836729287744
53,nowork_nowork,0.0840757808499744,N=10000,10000,3.043421745300293,0.08616746542558922,0.002091684575614816
54,nowork_nowork,0.09223650385604112,N=10000,10000,3.043421745300293,0.09063161623567598,0.0016048876203651474
55,nowork_nowork,0.09899865799525137,N=10000,10000,3.043421745300293,0.09667505640843221,0.0023236015868191573
56,nowork_nowork,0.10554171855541719,N=10000,10000,3.043421745300293,0.10400651547008619,0.001535203085331005
57,nowork_nowork,0.1104045037531276,N=10000,10000,3.043421745300293,0.11327413669245034,0.0028696329393227415
58,nowork_nowork,0.11932949188056574,N=10000,10000,3.043421745300293,0.12539132936989275,0.00606183748932701
59,nowork_nowork,0.1357413647851727,N=10000,10000,3.043421745300293,0.13984117269641747,0.004099807911244757
60,nowork_nowork,0.1486472148541114,N=10000,10000,3.043421745300293,0.15790902442218085,0.009261809568069462
61,nowork_nowork,0.17798695047598673,N=10000,10000,3.043421745300293,0.17792859725370752,5.835322227920603e-05
62,nowork_nowork,0.20028102031993084,N=10000,10000,3.043421745300293,0.20131107017699557,0.0010300498570647298
63,nowork_nowork,0.2280759162303665,N=10000,10000,3.043421745300293,0.22842554177215466,0.0003496255417881622
64,nowork_nowork,0.25890788747931603,N=10000,10000,3.043421745300293,0.25820801894294143,0.0006998685363746038
65,nowork_nowork,0.2905639307649358,N=10000,10000,3.043421745300293,0.292677393615238,0.0021134628503021724
66,nowork_nowork,0.3375536965860276,N=10000,10000,3.043421745300293,0.34161984324389805,0.004066146657870473
67,nowork_nowork,0.4214277503161283,N=10000,10000,3.043421745300293,0.417177618087508,0.004250132228620307
68,nowork_nowork,0.4919430172816441,N=10000,10000,3.043421745300293,0.4880513922629102,0.0038916250187338575
69,nowork_nowork,0.5393579072532699,N=10000,10000,3.043421745300293,0.5390897886758996,0.0002681185773703021
70,nowork_nowork,0.5873073656109695,N=10000,10000,3.043421745300293,0.5839198099997454,0.003387555611224169
71,nowork_nowork,0.6305669271802505,N=10000,10000,3.043421745300293,0.6260740902297753,0.004492836950475199
72,nowork_nowork,0.6628542381497013,N=10000,10000,3.043421745300293,0.666351731634716,0.0034974934850146022
73,nowork_nowork,0.7033986928104575,N=10000,10000,3.043421745300293,0.7040263764698518,0.0006276836593942514
74,nowork_nowork,0.738082413143011,N=10000,10000,3.043421745300293,0.7385715936483026,0.0004891805052915643
75,nowork_nowork,0.771841958820256,N=10000,10000,3.043421745300293,0.7703021557955667,0.001539803024689257
76,nowork_nowork,0.8062418725617685,N=10000,10000,3.043421745300293,0.7994939145822345,0.006747957979533981
77,nowork_nowork,0.8286184702888789,N=10000,10000,3.043421745300293,0.8236762022520467,0.004942268036832176
78,nowork_nowork,0.840955205244264,N=10000,10000,3.043421745300293,0.8457002827284472,0.00474507748418318
79,nowork_nowork,0.859917695473251,N=10000,10000,3.043421745300293,0.8631254343724154,0.0032077388991643696
80,nowork_nowork,0.8727589208006963,N=10000,10000,3.043421745300293,0.8769571626702023,0.004198241869506014
81,nowork_nowork,0.8839962997224792,N=10000,10000,3.043421745300293,0.8864407596823901,0.0024444599599109385
82,nowork_nowork,0.8829682257746201,N=10000,10000,3.043421745300293,0.8854969254061261,0.0025286996315060373
83,nowork_nowork,0.8805366269165247,N=10000,10000,3.043421745300293,0.8716194687805389,0.008917158135985814
84,nowork_nowork,0.187167014130183,N=10000,10000,3.043421745300293,0.18495234420937404,0.0022146699208089593
30,prob_work,0.68316,N=25000,25000,4.371412992477417,0.683829,0.0006690000000000307
31,prob_work,0.7006,N=25000,25000,4.371412992477417,0.696873,0.003727000000000036
32,prob_work,0.7114284571382855,N=25000,25000,4.371412992477417,0.7108331199897595,0.0005953371485259984
33,prob_work,0.7221377710216818,N=25000,25000,4.371412992477417,0.7212743720402254,0.0008633989814563758
34,prob_work,0.7289274712965556,N=25000,25000,4.371412992477417,0.7294789014869237,0.0005514301903681851
35,prob_work,0.7402072580322491,N=25000,25000,4.371412992477417,0.7369026608878697,0.003304597144379362
36,prob_work,0.7435753742694741,N=25000,25000,4.371412992477417,0.7436603621392094,8.498786973532013e-05
37,prob_work,0.7545545545545546,N=25000,25000,4.371412992477417,0.7500132646840052,0.004541289870549359
38,prob_work,0.7551167541154323,N=25000,25000,4.371412992477417,0.7552311333179101,0.00011437920247781008
39,prob_work,0.7600480865558005,N=25000,25000,4.371412992477417,0.7600280956011948,1.9990954605697553e-05
40,prob_work,0.7689439499639162,N=25000,25000,4.371412992477417,0.7655733332798598,0.003370616684056471
41,prob_work,0.7694251674756308,N=25000,25000,4.371412992477417,0.7716119801621582,0.0021868126865273174
42,prob_work,0.7751555287979129,N=25000,25000,4.371412992477417,0.7763678719537298,0.001212343155816864
43,prob_work,0.7800546448087432,N=25000,25000,4.371412992477417,0.7807135333327972,0.0006588885240540465
44,prob_work,0.7769555600241304,N=25000,25000,4.371412992477417,0.784895719608658,0.00794015958452765
45,prob_work,0.784219001610306,N=25000,25000,4.371412992477417,0.7889726351041612,0.004753633493855158
46,prob_work,0.7878592446289653,N=25000,25000,4.371412992477417,0.7924560472488291,0.004596802619863838
47,prob_work,0.7904085257548845,N=25000,25000,4.371412992477417,0.7966887878999178,0.0062802621450333
48,prob_work,0.7987945471461511,N=25000,25000,4.371412992477417,0.799972259007723,0.0011777118615718951
49,prob_work,0.8060421735604217,N=25000,25000,4.371412992477417,0.8029248249974638,0.003117348562957978
50,prob_work,0.8094599536754846,N=25000,25000,4.371412992477417,0.8042378775430519,0.005222076132432751
51,prob_work,0.8053122581170815,N=25000,25000,4.371412992477417,0.8025957739657941,0.002716484151287446
52,prob_work,0.7983742494179159,N=25000,25000,4.371412992477417,0.7987324336843784,0.00035818426646250234
53,prob_work,0.7878328553871364,N=25000,25000,4.371412992477417,0.7934820861510491,0.0056492307639126604
54,prob_work,0.7830270136918712,N=25000,25000,4.371412992477417,0.784674223763665,0.0016472100717938032
55,prob_work,0.7715335700718474,N=25000,25000,4.371412992477417,0.7755647564665469,0.00403118639469946
56,prob_work,0.7624818427059555,N=25000,25000,4.371412992477417,0.7632594802582918,0.0007776375523362855
57,prob_work,0.748759020564802,N=25000,25000,4.371412992477417,0.7489944785071087,0.0002354579423066161
58,prob_work,0.7315968289920725,N=25000,25000,4.371412992477417,0.7307244358608406,0.0008723931312318856
59,prob_work,0.7076494662672461,N=25000,25000,4.371412992477417,0.7097918840156904,0.0021424177484442586
60,prob_work,0.6799183638760151,N=25000,25000,4.371412992477417,0.6855956931966858,0.005677329320670665
61,prob_work,0.6530454895913647,N=25000,25000,4.371412992477417,0.6597356701530855,0.006690180561720882
62,prob_work,0.6268050151318634,N=25000,25000,4.371412992477417,0.6292249382561057,0.002419923124242329
63,prob_work,0.5981487949703108,N=25000,25000,4.371412992477417,0.5988116141876395,0.0006628192173286918
64,prob_work,0.5622546641379614,N=25000,25000,4.371412992477417,0.5623299199519358,7.525581397438419e-05
65,prob_work,0.5176412864088497,N=25000,25000,4.371412992477417,0.517231437007302,0.00040984940154764615
66,prob_work,0.4407781890403539,N=25000,25000,4.371412992477417,0.44552538654089346,0.0047471975005395906
67,prob_work,0.36963302752293575,N=25000,25000,4.371412992477417,0.37107423299844333,0.0014412054755075787
68,prob_work,0.32336474759727535,N=25000,25000,4.371412992477417,0.32468857507409876,0.0013238274768234137
69,prob_work,0.2860335726853393,N=25000,25000,4.371412992477417,0.28681176455207874,0.0007781918667394416
70,prob_work,0.2530693453680788,N=25000,25000,4.371412992477417,0.2535312866358486,0.0004619412677698276
71,prob_work,0.22145688800792865,N=25000,25000,4.371412992477417,0.2216758657780664,0.00021897777013774045
72,prob_work,0.1927160054858536,N=25000,25000,4.371412992477417,0.19313771804171365,0.0004217125558600432
73,prob_work,0.16515483265561465,N=25000,25000,4.371412992477417,0.16780046534436527,0.002645632688750621
74,prob_work,0.14732311003497445,N=25000,25000,4.371412992477417,0.14563273773853128,0.001690372296443171
75,prob_work,0.12678094390026715,N=25000,25000,4.371412992477417,0.12457173648270489,0.0022092074175622534
76,prob_work,0.10877961607194328,N=25000,25000,4.371412992477417,0.10751288990336536,0.0012667261685779252
77,prob_work,0.09035350509286998,N=25000,25000,4.371412992477417,0.0932165494225829,0.0028630443297129188
78,prob_work,0.08124178506603243,N=25000,25000,4.371412992477417,0.080256574888502,0.0009852101775304212
79,prob_work,0.07242174629324546,N=25000,25000,4.371412992477417,0.07151689038049786,0.0009048559127476097
80,prob_work,0.06003060656649972,N=25000,25000,4.371412992477417,0.06333574662212259,0.0033051400556228655
81,prob_work,0.06226834692364715,N=25000,25000,4.371412992477417,0.0601730461839719,0.002095300739675246
82,prob_work,0.0656986431801952,N=25000,25000,4.371412992477417,0.06397020451654764,0.0017284386636475524
83,prob_work,0.074580910023948,N=25000,25000,4.371412992477417,0.07691797767945924,0.0023370676555112407
84,prob_work,0.7981251160200483,N=25000,25000,4.371412992477417,0.799192605624801,0.0010674896047526694
30,hours_0,0.31684,N=25000,25000,4.371412992477417,0.316171,0.0006690000000000307
31,hours_0,0.2994,N=25000,25000,4.371412992477417,0.303127,0.0037269999999999803
32,hours_0,0.2885715428617145,N=25000,25000,4.371412992477417,0.2891668800102405,0.0005953371485259984
33,hours_0,0.27786222897831825,N=25000,25000,4.371412992477417,0.27872562795977457,0.0008633989814563203
34,hours_0,0.2710725287034444,N=25000,25000,4.371412992477417,0.2705210985130762,0.0005514301903681851
35,hours_0,0.259792741967751,N=25000,25000,4.371412992477417,0.2630973391121303,0.0033045971443793065
36,hours_0,0.256424625730526,N=25000,25000,4.371412992477417,0.25633963786079067,8.498786973532013e-05
37,hours_0,0.24544544544544544,N=25000,25000,4.371412992477417,0.2499867353159948,0.004541289870549359
38,hours_0,0.24488324588456764,N=25000,25000,4.371412992477417,0.24476886668208991,0.00011437920247772682
39,hours_0,0.23995191344419955,N=25000,25000,4.371412992477417,0.23997190439880522,1.9990954605669797e-05
40,hours_0,0.2310560500360837,N=25000,25000,4.371412992477417,0.2344266667201402,0.003370616684056499
41,hours_0,0.23057483252436922,N=25000,25000,4.371412992477417,0.2283880198378418,0.0021868126865274284
42,hours_0,0.2248444712020871,N=25000,25000,4.371412992477417,0.22363212804627017,0.0012123431558169195
43,hours_0,0.21994535519125682,N=25000,25000,4.371412992477417,0.21928646666720272,0.000658888524054102
44,hours_0,0.2230444399758697,N=25000,25000,4.371412992477417,0.21510428039134202,0.007940159584527678
45,hours_0,0.21578099838969403,N=25000,25000,4.371412992477417,0.2110273648958389,0.0047536334938551306
46,hours_0,0.21214075537103472,N=25000,25000,4.371412992477417,0.20754395275117082,0.004596802619863893
47,hours_0,0.20959147424511546,N=25000,25000,4.371412992477417,0.20331121210008216,0.0062802621450333
48,hours_0,0.20120545285384894,N=25000,25000,4.371412992477417,0.20002774099227708,0.0011777118615718674
49,hours_0,0.19395782643957826,N=25000,25000,4.371412992477417,0.19707517500253627,0.0031173485629580056
50,hours_0,0.19054004632451543,N=25000,25000,4.371412992477417,0.1957621224569481,0.005222076132432668
51,hours_0,0.19468774188291849,N=25000,25000,4.371412992477417,0.1974042260342059,0.0027164841512874183
52,hours_0,0.20162575058208407,N=25000,25000,4.371412992477417,0.20126756631562157,0.00035818426646250234
53,hours_0,0.21216714461286357,N=25000,25000,4.371412992477417,0.20651791384895093,0.005649230763912633
54,hours_0,0.21697298630812878,N=25000,25000,4.371412992477417,0.21532577623633503,0.0016472100717937477
55,hours_0,0.2284664299281526,N=25000,25000,4.371412992477417,0.22443524353345315,0.00403118639469946
56,hours_0,0.2375181572940444,N=25000,25000,4.371412992477417,0.23674051974170815,0.0007776375523362578
57,hours_0,0.2512409794351979,N=25000,25000,4.371412992477417,0.2510055214928914,0.00023545794230650507
58,hours_0,0.26840317100792754,N=25000,25000,4.371412992477417,0.26927556413915943,0.0008723931312318856
59,hours_0,0.2923505337327539,N=25000,25000,4.371412992477417,0.2902081159843096,0.0021424177484442586
60,hours_0,0.3200816361239849,N=25000,25000,4.371412992477417,0.3144043068033142,0.005677329320670665
61,hours_0,0.3469545104086353,N=25000,25000,4.371412992477417,0.3402643298469144,0.006690180561720882
62,hours_0,0.3731949848681366,N=25000,25000,4.371412992477417,0.37077506174389435,0.0024199231242422736
63,hours_0,0.40185120502968913,N=25000,25000,4.371412992477417,0.4011883858123605,0.0006628192173286362
64,hours_0,0.43774533586203856,N=25000,25000,4.371412992477417,0.4376700800480642,7.525581397438419e-05
65,hours_0,0.48235871359115035,N=25000,25000,4.371412992477417,0.48276856299269794,0.00040984940154759064
66,hours_0,0.5592218109596461,N=25000,25000,4.371412992477417,0.5544746134591065,0.004747197500539535
67,hours_0,0.6303669724770642,N=25000,25000,4.371412992477417,0.6289257670015567,0.0014412054755075232
68,hours_0,0.6766352524027246,N=25000,25000,4.371412992477417,0.6753114249259012,0.0013238274768233582
69,hours_0,0.7139664273146608,N=25000,25000,4.371412992477417,0.7131882354479213,0.0007781918667394416
70,hours_0,0.7469306546319212,N=25000,25000,4.371412992477417,0.7464687133641514,0.00046194126776977207
71,hours_0,0.7785431119920714,N=25000,25000,4.371412992477417,0.7783241342219336,0.00021897777013779596
72,hours_0,0.8072839945141463,N=25000,25000,4.371412992477417,0.8068622819582864,0.0004217125558599877
73,hours_0,0.8348451673443854,N=25000,25000,4.371412992477417,0.8321995346556348,0.002645632688750621
74,hours_0,0.8526768899650256,N=25000,25000,4.371412992477417,0.8543672622614688,0.0016903722964431989
75,hours_0,0.8732190560997328,N=25000,25000,4.371412992477417,0.8754282635172951,0.0022092074175622534
76,hours_0,0.8912203839280567,N=25000,25000,4.371412992477417,0.8924871100966346,0.0012667261685779252
77,hours_0,0.90964649490713,N=25000,25000,4.371412992477417,0.9067834505774172,0.0028630443297128494
78,hours_0,0.9187582149339676,N=25000,25000,4.371412992477417,0.919743425111498,0.0009852101775303934
79,hours_0,0.9275782537067545,N=25000,25000,4.371412992477417,0.9284831096195022,0.000904855912747693
80,hours_0,0.9399693934335003,N=25000,25000,4.371412992477417,0.9366642533778774,0.0033051400556228794
81,hours_0,0.9377316530763529,N=25000,25000,4.371412992477417,0.9398269538160281,0.002095300739675232
82,hours_0,0.9343013568198049,N=25000,25000,4.371412992477417,0.9360297954834523,0.0017284386636474691
83,hours_0,0.925419089976052,N=25000,25000,4.371412992477417,0.9230820223205407,0.002337067655511338
84,hours_0,0.20187488397995174,N=25000,25000,4.371412992477417,0.200807394375199,0.001067489604752725
30,hours_1,0.09208,N=25000,25000,4.371412992477417,0.094294,0.0022140000000000076
31,hours_1,0.08508,N=25000,25000,4.371412992477417,0.085412,0.00033199999999999896
32,hours_1,0.08356334253370135,N=25000,25000,4.371412992477417,0.08316299182360753,0.00040035071009381085
33,hours_1,0.0845667653412273,N=25000,25000,4.371412992477417,0.08218109444775044,0.0023856708934768545
34,hours_1,0.08208985078209385,N=25000,25000,4.371412992477417,0.08203337951316125,5.647126893260079e-05
35,hours_1,0.0830632577121594,N=25000,25000,4.371412992477417,0.08153246171146836,0.0015307960006910454
36,hours_1,0.08257945720919062,N=25000,25000,4.371412992477417,0.08040699379221379,0.0021724634169768275
37,hours_1,0.082002002002002,N=25000,25000,4.371412992477417,0.07965317606590495,0.002348825936097046
38,hours_1,0.07814314895662275,N=25000,25000,4.371412992477417,0.07878873462307698,0.0006455856664542292
39,hours_1,0.07834101382488479,N=25000,25000,4.371412992477417,0.07868070912335512,0.00033969529847033275
40,hours_1,0.07966482238794002,N=25000,25000,4.371412992477417,0.07756136590139345,0.0021034564865465705
41,hours_1,0.07292711300092262,N=25000,25000,4.371412992477417,0.07751727985182821,0.004590166850905589
42,hours_1,0.07983142685129441,N=25000,25000,4.371412992477417,0.0771269919368605,0.002704434914433909
43,hours_1,0.0783911925425908,N=25000,25000,4.371412992477417,0.07660090699301261,0.001790285549578191
44,hours_1,0.07436155238286749,N=25000,25000,4.371412992477417,0.07561095620797113,0.0012494038251036482
45,hours_1,0.07202093397745572,N=25000,25000,4.371412992477417,0.07539174388367728,0.0033708099062215585
46,hours_1,0.07392478536015155,N=25000,25000,4.371412992477417,0.07457994426833525,0.0006551589081836978
47,hours_1,0.07367188761504925,N=25000,25000,4.371412992477417,0.07401063314829917,0.00033874553324991785
48,hours_1,0.07596780065531329,N=25000,25000,4.371412992477417,0.07350755486439312,0.0024602457909201764
49,hours_1,0.07222222222222222,N=25000,25000,4.371412992477417,0.07369179263467586,0.001469570412453644
50,hours_1,0.07493193547076273,N=25000,25000,4.371412992477417,0.07363055485508366,0.001301380615679068
51,hours_1,0.07316576363710434,N=25000,25000,4.371412992477417,0.07375321795427318,0.0005874543171688479
52,hours_1,0.07605898451860627,N=25000,25000,4.371412992477417,0.07344031363983569,0.0026186708787705737
53,hours_1,0.07623924621056943,N=25000,25000,4.371412992477417,0.07430048315424101,0.0019387630563284242
54,hours_1,0.07569590066197936,N=25000,25000,4.371412992477417,0.07520368738003246,0.0004922132819469016
55,hours_1,0.07597654637046825,N=25000,25000,4.371412992477417,0.07544873399003571,0.0005278123804325352
56,hours_1,0.07603237186138202,N=25000,25000,4.371412992477417,0.07668143174130924,0.0006490598799272218
57,hours_1,0.07550160597338673,N=25000,25000,4.371412992477417,0.07732073942897238,0.001819133455585653
58,hours_1,0.08116270290675727,N=25000,25000,4.371412992477417,0.07865339638711494,0.002509306519642332
59,hours_1,0.07771823973671997,N=25000,25000,4.371412992477417,0.07965782260937214,0.001939582872652168
60,hours_1,0.07882988222288363,N=25000,25000,4.371412992477417,0.08094524836828831,0.002115366145404682
61,hours_1,0.08121305576972501,N=25000,25000,4.371412992477417,0.08129553596046746,8.24801907424455e-05
62,hours_1,0.08197146562905318,N=25000,25000,4.371412992477417,0.08149436458443816,0.0004771010446150137
63,hours_1,0.08347886831994411,N=25000,25000,4.371412992477417,0.08124096500074848,0.0022379033191956277
64,hours_1,0.08049221541040004,N=25000,25000,4.371412992477417,0.07979846618720292,0.000693749223197121
65,hours_1,0.08158258619920603,N=25000,25000,4.371412992477417,0.0818110498447729,0.00022846364556687593
66,hours_1,0.12512413108242304,N=25000,25000,4.371412992477417,0.1268823242380981,0.0017581931556750474
67,hours_1,0.11568807339449541,N=25000,25000,4.371412992477417,0.11935296719456363,0.0036648938000682224
68,hours_1,0.11085191751422972,N=25000,25000,4.371412992477417,0.11034090683576399,0.0005110106784657342
69,hours_1,0.10314327832992534,N=25000,25000,4.371412992477417,0.10092951228237397,0.0022137660475513715
70,hours_1,0.09161935264715873,N=25000,25000,4.371412992477417,0.09325191158053492,0.001632558933376188
71,hours_1,0.08389494549058474,N=25000,25000,4.371412992477417,0.08468304579397791,0.0007881003033931716
72,hours_1,0.07400822878041347,N=25000,25000,4.371412992477417,0.07614824296729755,0.002140014186884087
73,hours_1,0.0654780523407361,N=25000,25000,4.371412992477417,0.0690647725968511,0.0035867202561150058
74,hours_1,0.06451439332795265,N=25000,25000,4.371412992477417,0.06197446529489064,0.0025399280330620153
75,hours_1,0.054708370436331255,N=25000,25000,4.371412992477417,0.05439970891274187,0.0003086615235893819
76,hours_1,0.048999827059433905,N=25000,25000,4.371412992477417,0.04866172685797618,0.0003381002014577264
77,hours_1,0.04224086279209107,N=25000,25000,4.371412992477417,0.04358538810592783,0.0013445253138367613
78,hours_1,0.03849283344808162,N=25000,25000,4.371412992477417,0.0380011522636329,0.0004916811844487209
79,hours_1,0.035189456342668866,N=25000,25000,4.371412992477417,0.034203371307731295,0.0009860850349375713
80,hours_1,0.02900667779632721,N=25000,25000,4.371412992477417,0.029938155840304247,0.0009314780439770368
81,hours_1,0.027724240177909563,N=25000,25000,4.371412992477417,0.027679601244627077,4.463893328248564e-05
82,hours_1,0.03023089740537967,N=25000,25000,4.371412992477417,0.02794616335528574,0.002284734050093929
83,hours_1,0.04011289770783442,N=25000,25000,4.371412992477417,0.0398639127022652,0.0002489850055692189
84,hours_1,0.20150361982550585,N=25000,25000,4.371412992477417,0.19952216383551838,0.001981455989987474
30,hours_2,0.08204,N=25000,25000,4.371412992477417,0.082324,0.0002839999999999926
31,hours_2,0.07944,N=25000,25000,4.371412992477417,0.07898,0.0004600000000000021
32,hours_2,0.07752310092403696,N=25000,25000,4.371412992477417,0.07759972478678977,7.662386275281152e-05
33,hours_2,0.07748619889591167,N=25000,25000,4.371412992477417,0.07768948808089092,0.00020328918497924953
34,hours_2,0.07776933231987838,N=25000,25000,4.371412992477417,0.07759711517782568,0.00017221714205270522
35,hours_2,0.07618133077261634,N=25000,25000,4.371412992477417,0.0771153238167273,0.000933993044110959
36,hours_2,0.07657513409654952,N=25000,25000,4.371412992477417,0.07655802623822967,1.7107858319848068e-05
37,hours_2,0.07703703703703704,N=25000,25000,4.371412992477417,0.07647065301288526,0.0005663840241517809
38,hours_2,0.07826330756598711,N=25000,25000,4.371412992477417,0.07581925962425375,0.0024440479417333627
39,hours_2,0.07621719094369865,N=25000,25000,4.371412992477417,0.07593527591102793,0.00028191503267072093
40,hours_2,0.08022612460909309,N=25000,25000,4.371412992477417,0.07577267595635757,0.004453448652735517
41,hours_2,0.07778089774960889,N=25000,25000,4.371412992477417,0.07576446225020844,0.0020164354994004485
42,hours_2,0.0742123218944411,N=25000,25000,4.371412992477417,0.0759190272017994,0.0017067053073582944
43,hours_2,0.07730633236901317,N=25000,25000,4.371412992477417,0.07525609687457284,0.0020502354944403334
44,hours_2,0.07693545143776392,N=25000,25000,4.371412992477417,0.075206452735983,0.0017289987017809205
45,hours_2,0.07351046698872786,N=25000,25000,4.371412992477417,0.07475902952902073,0.0012485625402928746
46,hours_2,0.07211092748599299,N=25000,25000,4.371412992477417,0.07514291075871336,0.003031983272720376
47,hours_2,0.07258194735992249,N=25000,25000,4.371412992477417,0.07490902402816642,0.0023270766682439298
48,hours_2,0.07192265685045103,N=25000,25000,4.371412992477417,0.07411400940358892,0.0021913525531378902
49,hours_2,0.07368207623682076,N=25000,25000,4.371412992477417,0.07404788475195292,0.0003658085151321683
50,hours_2,0.0708277459466049,N=25000,25000,4.371412992477417,0.07357157964094263,0.0027438336943377273
51,hours_2,0.07393978897624964,N=25000,25000,4.371412992477417,0.07296306680600514,0.0009767221702444984
52,hours_2,0.07009517585065969,N=25000,25000,4.371412992477417,0.07207314990638457,0.0019779740557248765
53,hours_2,0.0697255223269152,N=25000,25000,4.371412992477417,0.07124601261803112,0.0015204902911159224
54,hours_2,0.06706138727848361,N=25000,25000,4.371412992477417,0.06954925156730128,0.0024878642888176705
55,hours_2,0.06685110248575439,N=25000,25000,4.371412992477417,0.06847911285202274,0.0016280103662683482
56,hours_2,0.06847893753890849,N=25000,25000,4.371412992477417,0.0668812173291559,0.0015977202097525872
57,hours_2,0.06494806657489675,N=25000,25000,4.371412992477417,0.0651354478172979,0.00018738124240114118
58,hours_2,0.06379765949414873,N=25000,25000,4.371412992477417,0.06350116519271626,0.0002964943014324706
59,hours_2,0.06063035314965613,N=25000,25000,4.371412992477417,0.06140526119406929,0.0007749080444131584
60,hours_2,0.059951528551383984,N=25000,25000,4.371412992477417,0.059211093616763064,0.0007404349346209205
61,hours_2,0.05521288443416431,N=25000,25000,4.371412992477417,0.05681085471084967,0.0015979702766853593
62,hours_2,0.05045395590142672,N=25000,25000,4.371412992477417,0.05319174266053954,0.00273778675911282
63,hours_2,0.05165036674816626,N=25000,25000,4.371412992477417,0.05031736544611999,0.0013330013020462703
64,hours_2,0.04728090680545142,N=25000,25000,4.371412992477417,0.047126530720432575,0.00015437608501884387
65,hours_2,0.04754895401222178,N=25000,25000,4.371412992477417,0.04649548846804601,0.0010534655441757634
66,hours_2,0.04590593120881105,N=25000,25000,4.371412992477417,0.047592900576598894,0.0016869693677878453
67,hours_2,0.04220183486238532,N=25000,25000,4.371412992477417,0.040374065840642896,0.0018277690217424272
68,hours_2,0.03317159652887935,N=25000,25000,4.371412992477417,0.03438836272963612,0.0012167662007567734
69,hours_2,0.028960007608540585,N=25000,25000,4.371412992477417,0.029828537607750807,0.0008685299992102213
70,hours_2,0.02581647013150871,N=25000,25000,4.371412992477417,0.025701923158523887,0.00011454697298482475
71,hours_2,0.024132804757185333,N=25000,25000,4.371412992477417,0.02203573402465048,0.0020970707325348517
72,hours_2,0.019911616802966426,N=25000,25000,4.371412992477417,0.018737364501742303,0.0011742523012241227
73,hours_2,0.01563966218329684,N=25000,25000,4.371412992477417,0.015576254916895339,6.340726640150299e-05
74,hours_2,0.012752219531880549,N=25000,25000,4.371412992477417,0.013023989508788808,0.000271769976908259
75,hours_2,0.011130899376669634,N=25000,25000,4.371412992477417,0.011121310892579636,9.5884840899986e-06
76,hours_2,0.009857612267250822,N=25000,25000,4.371412992477417,0.008883874147277773,0.0009737381199730489
77,hours_2,0.0073696824445775915,N=25000,25000,4.371412992477417,0.007475810904900243,0.00010612846032265113
78,hours_2,0.0059460474431996,N=25000,25000,4.371412992477417,0.006249538859070623,0.00030349141587102287
79,hours_2,0.0052059308072487645,N=25000,25000,4.371412992477417,0.005203389466768137,2.541340480627201e-06
80,hours_2,0.004173622704507512,N=25000,25000,4.371412992477417,0.004336941636209799,0.00016331893170228647
81,hours_2,0.0031875463306152707,N=25000,25000,4.371412992477417,0.0037197883095546266,0.0005322419789393559
82,hours_2,0.0038086169959533444,N=25000,25000,4.371412992477417,0.0036212544819224993,0.00018736251403084518
83,hours_2,0.0048751282928498115,N=25000,25000,4.371412992477417,0.004593267057422253,0.0002818612354275581
84,hours_2,0.19806942639688138,N=25000,25000,4.371412992477417,0.19972203693933852,0.0016526105424571336
30,hours_3,0.09012,N=25000,25000,4.371412992477417,0.088833,0.0012870000000000104
31,hours_3,0.09108,N=25000,25000,4.371412992477417,0.088053,0.003026999999999988
32,hours_3,0.08940357614304573,N=25000,25000,4.371412992477417,0.08883626414067876,0.0005673120023669681
33,hours_3,0.08996719737579006,N=25000,25000,4.371412992477417,0.0891830397103609,0.0007841576654291638
34,hours_3,0.08913069568348202,N=25000,25000,4.371412992477417,0.08942448597850387,0.0002937902950218563
35,hours_3,0.091745688792862,N=25000,25000,4.371412992477417,0.09017164307524841,0.0015740457176135897
36,hours_3,0.08854375150108078,N=25000,25000,4.371412992477417,0.09027159940313982,0.0017278479020590432
37,hours_3,0.08768768768768768,N=25000,25000,4.371412992477417,0.09046414380719456,0.002776456119506873
38,hours_3,0.09011895702327072,N=25000,25000,4.371412992477417,0.0911163122826099,0.0009973552593391805
39,hours_3,0.0901622921258265,N=25000,25000,4.371412992477417,0.09114437471756606,0.0009820825917395692
40,hours_3,0.08876593697377917,N=25000,25000,4.371412992477417,0.0912933712193371,0.00252743424555793
41,hours_3,0.0874082393998957,N=25000,25000,4.371412992477417,0.0917876431877401,0.004379403787844405
42,hours_3,0.09014649809351796,N=25000,25000,4.371412992477417,0.09141170209561297,0.0012652040020950106
43,hours_3,0.09582931533269046,N=25000,25000,4.371412992477417,0.09139884374472328,0.00443047158796718
44,hours_3,0.09241906293987533,N=25000,25000,4.371412992477417,0.09152444478879787,0.0008946181510774559
45,hours_3,0.09500805152979067,N=25000,25000,4.371412992477417,0.09182115945912998,0.0031868920706606824
46,hours_3,0.09258736748760531,N=25000,25000,4.371412992477417,0.09177261803631638,0.0008147494512889264
47,hours_3,0.08917326013240756,N=25000,25000,4.371412992477417,0.09215833103430156,0.0029850709018939964
48,hours_3,0.09303830751183205,N=25000,25000,4.371412992477417,0.0923299193688823,0.0007083881429497535
49,hours_3,0.09290348742903487,N=25000,25000,4.371412992477417,0.09234655574718474,0.0005569316818501285
50,hours_3,0.09045471169084482,N=25000,25000,4.371412992477417,0.09212030130233542,0.0016655896114906033
51,hours_3,0.09157941907361389,N=25000,25000,4.371412992477417,0.09096016108887926,0.0006192579847346252
52,hours_3,0.08676116171725011,N=25000,25000,4.371412992477417,0.08901595910575016,0.0022547973885000544
53,hours_3,0.08508807865628841,N=25000,25000,4.371412992477417,0.08673075206461482,0.0016426734083264116
54,hours_3,0.08416594712388471,N=25000,25000,4.371412992477417,0.08385782662064306,0.00030812050324165174
55,hours_3,0.08196382855727145,N=25000,25000,4.371412992477417,0.08079073143795486,0.0011730971193165962
56,hours_3,0.07615687902054367,N=25000,25000,4.371412992477417,0.07807344862834396,0.0019165696078002892
57,hours_3,0.07145538731072457,N=25000,25000,4.371412992477417,0.07427807106938203,0.0028226837586574627
58,hours_3,0.06803405897403632,N=25000,25000,4.371412992477417,0.07065510190579109,0.0026210429317547745
59,hours_3,0.06590439221973757,N=25000,25000,4.371412992477417,0.06647471246507881,0.0005703202453412465
60,hours_3,0.06194991283643012,N=25000,25000,4.371412992477417,0.06208009572566591,0.0001301828892357887
61,hours_3,0.05769725006425083,N=25000,25000,4.371412992477417,0.05800386871267137,0.00030661864842054104
62,hours_3,0.056895806312148724,N=25000,25000,4.371412992477417,0.05288545831177799,0.004010348000370735
63,hours_3,0.04684771219001048,N=25000,25000,4.371412992477417,0.048515555769232874,0.0016678435792223945
64,hours_3,0.04803069730516473,N=25000,25000,4.371412992477417,0.04461840221943419,0.0034122950857305434
65,hours_3,0.04277621660198938,N=25000,25000,4.371412992477417,0.04162969453006086,0.0011465220719285227
66,hours_3,0.03308657578766814,N=25000,25000,4.371412992477417,0.03283432376712786,0.00025225202054027923
67,hours_3,0.027660550458715596,N=25000,25000,4.371412992477417,0.026696996329421498,0.0009635541292940981
68,hours_3,0.023560697956517683,N=25000,25000,4.371412992477417,0.022553573492313458,0.0010071244642042253
69,hours_3,0.01826049740834086,N=25000,25000,4.371412992477417,0.018666308537227436,0.000405811128886574
70,hours_3,0.017130101421846945,N=25000,25000,4.371412992477417,0.016047941360819842,0.0010821600610271022
71,hours_3,0.0122398414271556,N=25000,25000,4.371412992477417,0.01299689452539277,0.000757053098237169
72,hours_3,0.01056534769136994,N=25000,25000,4.371412992477417,0.010810652931435596,0.00024530524006565607
73,hours_3,0.00823688874986967,N=25000,25000,4.371412992477417,0.008727815281241197,0.0004909265313715275
74,hours_3,0.007263922518159807,N=25000,25000,4.371412992477417,0.007044751572741125,0.000219170945418682
75,hours_3,0.005398486197684773,N=25000,25000,4.371412992477417,0.005250958602003447,0.00014752759568132604
76,hours_3,0.004208220441574912,N=25000,25000,4.371412992477417,0.004442657582491059,0.00023443714091614647
77,hours_3,0.003115638106650689,N=25000,25000,4.371412992477417,0.003469304458476387,0.0003536663518256978
78,hours_3,0.003066908681229267,N=25000,25000,4.371412992477417,0.00269070826537228,0.000376200415856987
79,hours_3,0.0019110378912685338,N=25000,25000,4.371412992477417,0.002231910710365013,0.00032087281909647927
80,hours_3,0.0018781302170283807,N=25000,25000,4.371412992477417,0.0018614307022670378,1.6699514761342937e-05
81,hours_3,0.002223869532987398,N=25000,25000,4.371412992477417,0.0016392287465833949,0.0005846407864040031
82,hours_3,0.0017456161231452828,N=25000,25000,4.371412992477417,0.0015437457462661394,0.0002018703768791434
83,hours_3,0.0020526855969893944,N=25000,25000,4.371412992477417,0.0016700845306549254,0.00038260106633446894
84,hours_3,0.1937070725821422,N=25000,25000,4.371412992477417,0.20001952248921034,0.006312449907068141
30,hours_4,0.41892,N=25000,25000,4.371412992477417,0.418378,0.0005419999999999869
31,hours_4,0.445,N=25000,25000,4.371412992477417,0.444428,0.0005720000000000169
32,hours_4,0.4609384375375015,N=25000,25000,4.371412992477417,0.46123413923868345,0.0002957017011819274
33,hours_4,0.4701176094087527,N=25000,25000,4.371412992477417,0.47222074980122314,0.0021031403924704484
34,hours_4,0.47993759251110135,N=25000,25000,4.371412992477417,0.48042392081743296,0.00048632830633160706
35,hours_4,0.4892169807546113,N=25000,25000,4.371412992477417,0.4880832322844257,0.0011337484701856027
36,hours_4,0.4958770314626531,N=25000,25000,4.371412992477417,0.49642374270562606,0.0005467112429729526
37,hours_4,0.5078278278278279,N=25000,25000,4.371412992477417,0.5034252917980204,0.004402536029807447
38,hours_4,0.5085913405695518,N=25000,25000,4.371412992477417,0.5095068267879694,0.0009154862184176382
39,hours_4,0.5153275896613905,N=25000,25000,4.371412992477417,0.5142677358492457,0.0010598538121447953
40,hours_4,0.520287065993104,N=25000,25000,4.371412992477417,0.5209459202027716,0.0006588542096676031
41,hours_4,0.5313089173252036,N=25000,25000,4.371412992477417,0.5265425948723814,0.004766322452822158
42,hours_4,0.5309652819586594,N=25000,25000,4.371412992477417,0.531910150719457,0.0009448687607975792
43,hours_4,0.5285278045644487,N=25000,25000,4.371412992477417,0.5374576857204886,0.008929881156039876
44,hours_4,0.5332394932636235,N=25000,25000,4.371412992477417,0.5425538658759059,0.009314372612282407
45,hours_4,0.5436795491143317,N=25000,25000,4.371412992477417,0.5470007022323331,0.0033211531180014076
46,hours_4,0.5492361642952155,N=25000,25000,4.371412992477417,0.5509605741854642,0.0017244098902486904
47,hours_4,0.5549814306475053,N=25000,25000,4.371412992477417,0.5556107996891507,0.0006293690416454556
48,hours_4,0.5578657821285546,N=25000,25000,4.371412992477417,0.5600207753708586,0.0021549932423039486
49,hours_4,0.5672343876723439,N=25000,25000,4.371412992477417,0.5628385918636502,0.004395795808693759
50,hours_4,0.5732455605672722,N=25000,25000,4.371412992477417,0.5649154417446902,0.008330118822581944
51,hours_4,0.5666272864301136,N=25000,25000,4.371412992477417,0.5649193281166365,0.0017079583134771426
52,hours_4,0.5654589273313999,N=25000,25000,4.371412992477417,0.564203011032408,0.0012559162989919104
53,hours_4,0.5567800081933634,N=25000,25000,4.371412992477417,0.5612048383141621,0.004424830120798751
54,hours_4,0.5561037786275236,N=25000,25000,4.371412992477417,0.5560634581956881,4.0320431835438875e-05
55,hours_4,0.5467420926583533,N=25000,25000,4.371412992477417,0.5508461781865336,0.004104085528180312
56,hours_4,0.5418136542851214,N=25000,25000,4.371412992477417,0.5416233825594827,0.0001902717256386799
57,hours_4,0.536853960705794,N=25000,25000,4.371412992477417,0.5322602201914564,0.004593740514337696
58,hours_4,0.5186024076171302,N=25000,25000,4.371412992477417,0.5179147723752183,0.0006876352419118437
59,hours_4,0.5033964811611324,N=25000,25000,4.371412992477417,0.5022540877471701,0.0011423934139623837
60,hours_4,0.4791870402653174,N=25000,25000,4.371412992477417,0.48335925548596853,0.004172215220651143
61,hours_4,0.45892229932322454,N=25000,25000,4.371412992477417,0.4636254107690971,0.004703111445872543
62,hours_4,0.43748378728923476,N=25000,25000,4.371412992477417,0.44165337269935,0.004169585410115251
63,hours_4,0.41617184771219,N=25000,25000,4.371412992477417,0.4187377279715382,0.0025658802593481744
64,hours_4,0.3864508446169453,N=25000,25000,4.371412992477417,0.39078652082486615,0.004335676207920858
65,hours_4,0.34573352959543246,N=25000,25000,4.371412992477417,0.3472952041644223,0.0015616745689898126
66,hours_4,0.23666155096145167,N=25000,25000,4.371412992477417,0.23821583795906862,0.0015542869976169493
67,hours_4,0.18408256880733945,N=25000,25000,4.371412992477417,0.18465020363381526,0.0005676348264758158
68,hours_4,0.1557805355976486,N=25000,25000,4.371412992477417,0.1574057320163852,0.0016251964187365964
69,hours_4,0.1356697893385325,N=25000,25000,4.371412992477417,0.1373874061247265,0.001717616786194004
70,hours_4,0.11850342116756442,N=25000,25000,4.371412992477417,0.11852951053596997,2.6089368405549096e-05
71,hours_4,0.10118929633300297,N=25000,25000,4.371412992477417,0.10196019143404522,0.0007708951010422516
72,hours_4,0.08823081221110378,N=25000,25000,4.371412992477417,0.0874414576412382,0.0007893545698655774
73,hours_4,0.07580022938171202,N=25000,25000,4.371412992477417,0.07443162254937763,0.0013686068323343903
74,hours_4,0.06279257465698143,N=25000,25000,4.371412992477417,0.06358953136211071,0.0007969567051292759
75,hours_4,0.05554318788958148,N=25000,25000,4.371412992477417,0.053799758075379935,0.0017434298142015442
76,hours_4,0.045713956303683634,N=25000,25000,4.371412992477417,0.045524631315620345,0.00018932498806328857
77,hours_4,0.03762732174955063,N=25000,25000,4.371412992477417,0.03868604595327843,0.0010587242037278025
78,hours_4,0.033735995493521936,N=25000,25000,4.371412992477417,0.03331517550042621,0.00042081999309572654
79,hours_4,0.030115321252059308,N=25000,25000,4.371412992477417,0.029878218895633413,0.0002371023564258952
80,hours_4,0.024972175848636615,N=25000,25000,4.371412992477417,0.027199218443341503,0.002227042594704888
81,hours_4,0.029132690882134916,N=25000,25000,4.371412992477417,0.027134427883206805,0.001998262998928111
82,hours_4,0.029913512655716894,N=25000,25000,4.371412992477417,0.030859040933073265,0.0009455282773563715
83,hours_4,0.027540198426274375,N=25000,25000,4.371412992477417,0.030790713389116865,0.0032505149628424893
84,hours_4,0.20484499721551885,N=25000,25000,4.371412992477417,0.19992888236073378,0.004916114854785075
30,work_work,0.55884,N=25000,25000,4.371412992477417,0.561155,0.002314999999999956
31,work_work,0.5492,N=25000,25000,4.371412992477417,0.545674,0.003526000000000029
32,work_work,0.5645825833033321,N=25000,25000,4.371412992477417,0.5618879706225899,0.0026946126807422255
33,work_work,0.5758460676854148,N=25000,25000,4.371412992477417,0.576458821940962,0.0006127542555471877
34,work_work,0.5868704244509341,N=25000,25000,4.371412992477417,0.5881586252081843,0.001288200757250224
35,work_work,0.5996479014123954,N=25000,25000,4.371412992477417,0.5977232980762689,0.0019246033361265402
36,work_work,0.6079177007445361,N=25000,25000,4.371412992477417,0.6065066166013997,0.0014110841431363985
37,work_work,0.6161361361361362,N=25000,25000,4.371412992477417,0.6150939089572156,0.0010422271789205517
38,work_work,0.6276685224496336,N=25000,25000,4.371412992477417,0.6223168314650178,0.005351690984615742
39,work_work,0.6295331596874374,N=25000,25000,4.371412992477417,0.6286681342376563,0.000865025449781065
40,work_work,0.63767941624569,N=25000,25000,4.371412992477417,0.6353869846738147,0.0022924315718753085
41,work_work,0.6423843716153878,N=25000,25000,4.371412992477417,0.6430753671435494,0.0006909955281616531
42,work_work,0.6490066225165563,N=25000,25000,4.371412992477417,0.6498107220676982,0.0008040995511419124
43,work_work,0.6575056252009001,N=25000,25000,4.371412992477417,0.6554893983130573,0.0020162268878427536
44,work_work,0.6541725316710235,N=25000,25000,4.371412992477417,0.6609969098752178,0.006824378204194237
45,work_work,0.6575684380032206,N=25000,25000,4.371412992477417,0.6666058804149719,0.009037442411751306
46,work_work,0.6654036841468822,N=25000,25000,4.371412992477417,0.6713930293045245,0.005989345157642267
47,work_work,0.6684159534958825,N=25000,25000,4.371412992477417,0.6768996318517463,0.008483678355863833
48,work_work,0.6752963067837061,N=25000,25000,4.371412992477417,0.6812114511576296,0.005915144373923487
49,work_work,0.6851581508515815,N=25000,25000,4.371412992477417,0.6854377599675358,0.0002796091159542602
50,work_work,0.6959648908935755,N=25000,25000,4.371412992477417,0.6886657772933223,0.007299113600253149
51,work_work,0.6927119403593107,N=25000,25000,4.371412992477417,0.6879800168225728,0.004731923536737903
52,work_work,0.6864915648870553,N=25000,25000,4.371412992477417,0.6844704720242715,0.0020210928627838465
53,work_work,0.674068004916018,N=25000,25000,4.371412992477417,0.6783787194617072,0.004310714545689209
54,work_work,0.6624727601661116,N=25000,25000,4.371412992477417,0.6687886676497483,0.006315907483636751
55,work_work,0.6524073003551077,N=25000,25000,4.371412992477417,0.6569064395576669,0.004499139202559177
56,work_work,0.639551774227018,N=25000,25000,4.371412992477417,0.6428209326097616,0.0032691583827435533
57,work_work,0.6221999749718433,N=25000,25000,4.371412992477417,0.6255387841021101,0.00333880913026674
58,work_work,0.604001510003775,N=25000,25000,4.371412992477417,0.6050842099846356,0.0010826999808606352
59,work_work,0.5787941437070165,N=25000,25000,4.371412992477417,0.5803898065554051,0.0015956628483885238
60,work_work,0.5494281219439602,N=25000,25000,4.371412992477417,0.5532756126304225,0.003847490686462285
61,work_work,0.5177332305319969,N=25000,25000,4.371412992477417,0.523296495092228,0.0055632645602310404
62,work_work,0.48728923476005187,N=25000,25000,4.371412992477417,0.4902313691451528,0.0029421343851009363
63,work_work,0.45446210268948656,N=25000,25000,4.371412992477417,0.45643914767518473,0.001977044985698173
64,work_work,0.4210735235742954,N=25000,25000,4.371412992477417,0.41944832217137,0.0016252014029253803
65,work_work,0.3700878718943753,N=25000,25000,4.371412992477417,0.3722812907205711,0.002193418826195781
66,work_work,0.3033312268664801,N=25000,25000,4.371412992477417,0.30435885214591474,0.0010276252794346186
67,work_work,0.2303211009174312,N=25000,25000,4.371412992477417,0.23377047108629592,0.003449370168864735
68,work_work,0.18097415321451898,N=25000,25000,4.371412992477417,0.18382096291618172,0.0028468097016627336
69,work_work,0.1486994150934424,N=25000,25000,4.371412992477417,0.1505391551552218,0.0018397400617793935
70,work_work,0.12301645072062892,N=25000,25000,4.371412992477417,0.12422757840602007,0.001211127685391153
71,work_work,0.10099108027750248,N=25000,25000,4.371412992477417,0.10116833258567318,0.00017725230817070003
72,work_work,0.08157667496317367,N=25000,25000,4.371412992477417,0.0812024422703768,0.00037423269279686366
73,work_work,0.06339276404962986,N=25000,25000,4.371412992477417,0.06500735577976482,0.001614591730134965
74,work_work,0.051439332795265,N=25000,25000,4.371412992477417,0.0519535312438696,0.0005141984486046053
75,work_work,0.04240872662511131,N=25000,25000,4.371412992477417,0.04049945907210381,0.0019092675530075001
76,work_work,0.03147518302876578,N=25000,25000,4.371412992477417,0.03153379042414915,5.860739538337406e-05
77,work_work,0.023127621330137807,N=25000,25000,4.371412992477417,0.024478703992701255,0.0013510826625634485
78,work_work,0.019841021468360767,N=25000,25000,4.371412992477417,0.019208580125493126,0.0006324413428676415
79,work_work,0.015485996705107084,N=25000,25000,4.371412992477417,0.014868949532734965,0.0006170471723721191
80,work_work,0.010225375626043406,N=25000,25000,4.371412992477417,0.012009455439930917,0.0017840798138875104
81,work_work,0.009636767976278725,N=25000,25000,4.371412992477417,0.009942923686855388,0.0003061557105766624
82,work_work,0.009759581052130446,N=25000,25000,4.371412992477417,0.00966726127995968,9.231977217076526e-05
83,work_work,0.01342798494697229,N=25000,25000,4.371412992477417,0.012511734428760524,0.0009162505182117656
84,work_work,0.05865973640245034,N=25000,25000,4.371412992477417,0.06095432434756538,0.0022945879451150425
30,nowork_nowork,0.13876,N=25000,25000,4.371412992477417,0.136219,0.0025409999999999877
31,nowork_nowork,0.16544,N=25000,25000,4.371412992477417,0.164972,0.0004679999999999962
32,nowork_nowork,0.15252610104404177,N=25000,25000,4.371412992477417,0.15418140070723393,0.0016552996631921668
33,nowork_nowork,0.14225138011040883,N=25000,25000,4.371412992477417,0.1443534877208423,0.0021021076104334735
34,nowork_nowork,0.1358162979557547,N=25000,25000,4.371412992477417,0.1374041601856529,0.001587862229898207
35,nowork_nowork,0.13055655583563397,N=25000,25000,4.371412992477417,0.13133856786684756,0.0007820120312135859
36,nowork_nowork,0.12400928668641421,N=25000,25000,4.371412992477417,0.1259340951873895,0.0019248085009752752
37,nowork_nowork,0.11795795795795795,N=25000,25000,4.371412992477417,0.12142441682943018,0.0034664588714722333
38,nowork_nowork,0.11799575439580245,N=25000,25000,4.371412992477417,0.11708444626051459,0.0009113081352878638
39,nowork_nowork,0.11432578641554798,N=25000,25000,4.371412992477417,0.11341244322514256,0.0009133431904054246
40,nowork_nowork,0.10873225884050998,N=25000,25000,4.371412992477417,0.10977182171654078,0.0010395628760307973
41,nowork_nowork,0.10405551767018333,N=25000,25000,4.371412992477417,0.10588142043442185,0.001825902764238524
42,nowork_nowork,0.10435480634156132,N=25000,25000,4.371412992477417,0.1018465894827742,0.0025082168587871184
43,nowork_nowork,0.10237865638058502,N=25000,25000,4.371412992477417,0.09839627875561845,0.003982377624966574
44,nowork_nowork,0.09712447214960788,N=25000,25000,4.371412992477417,0.09540445819174874,0.0017200139578591456
45,nowork_nowork,0.0965378421900161,N=25000,25000,4.371412992477417,0.09274101329002397,0.0037968288999921246
46,nowork_nowork,0.09331291063726874,N=25000,25000,4.371412992477417,0.08997576620950021,0.003337144427768529
47,nowork_nowork,0.09014209591474245,N=25000,25000,4.371412992477417,0.08773913720116376,0.002402958713578693
48,nowork_nowork,0.08624246591966345,N=25000,25000,4.371412992477417,0.08454927974664576,0.0016931861730176828
49,nowork_nowork,0.08037307380373074,N=25000,25000,4.371412992477417,0.08255351526833722,0.0021804414646064835
50,nowork_nowork,0.08041773334958754,N=25000,25000,4.371412992477417,0.08148442647621063,0.0010666931266230806
51,nowork_nowork,0.07797286837495417,N=25000,25000,4.371412992477417,0.08113373945403105,0.0031608710790768796
52,nowork_nowork,0.08279890527347739,N=25000,25000,4.371412992477417,0.08312805426116407,0.00032914898768668377
53,nowork_nowork,0.08791478902089307,N=25000,25000,4.371412992477417,0.08616746542558922,0.0017473235953038568
54,nowork_nowork,0.09185477570823568,N=25000,25000,4.371412992477417,0.09063161623567598,0.0012231594725597011
55,nowork_nowork,0.09753076224295978,N=25000,25000,4.371412992477417,0.09667505640843221,0.0008557058345275703
56,nowork_nowork,0.10541606142353185,N=25000,25000,4.371412992477417,0.10400651547008619,0.0014095459534456678
57,nowork_nowork,0.11070787969799357,N=25000,25000,4.371412992477417,0.11327413669245034,0.00256625699445677
58,nowork_nowork,0.12352669770563315,N=25000,25000,4.371412992477417,0.12539132936989275,0.0018646316642595973
59,nowork_nowork,0.13927682376271044,N=25000,25000,4.371412992477417,0.13984117269641747,0.0005643489337070207
60,nowork_nowork,0.16191164590331222,N=25000,25000,4.371412992477417,0.15790902442218085,0.004002621481131369
61,nowork_nowork,0.18495673777092436,N=25000,25000,4.371412992477417,0.17792859725370752,0.007028140517216841
62,nowork_nowork,0.20747946389969738,N=25000,25000,4.371412992477417,0.20131107017699557,0.006168393722701809
63,nowork_nowork,0.22913028292001397,N=25000,25000,4.371412992477417,0.22842554177215466,0.0007047411478593169
64,nowork_nowork,0.2609270939002338,N=25000,25000,4.371412992477417,0.25820801894294143,0.0027190749572923445
65,nowork_nowork,0.29028948659619075,N=25000,25000,4.371412992477417,0.292677393615238,0.0023879070190472307
66,nowork_nowork,0.3445878848063555,N=25000,25000,4.371412992477417,0.34161984324389805,0.0029680415624574463
67,nowork_nowork,0.41995412844036695,N=25000,25000,4.371412992477417,0.417177618087508,0.002776510352858974
68,nowork_nowork,0.48772977512363536,N=25000,25000,4.371412992477417,0.4880513922629102,0.0003216171392748657
69,nowork_nowork,0.5396357411194065,N=25000,25000,4.371412992477417,0.5390897886758996,0.0005459524435068586
70,nowork_nowork,0.5834425195321978,N=25000,25000,4.371412992477417,0.5839198099997454,0.0004772904675475198
71,nowork_nowork,0.6263131813676908,N=25000,25000,4.371412992477417,0.6260740902297753,0.0002390911379154259
72,nowork_nowork,0.6667851881952558,N=25000,25000,4.371412992477417,0.666351731634716,0.0004334565605398355
73,nowork_nowork,0.7058179543321864,N=25000,25000,4.371412992477417,0.7040263764698518,0.0017915778623346368
74,nowork_nowork,0.7387140166801184,N=25000,25000,4.371412992477417,0.7385715936483026,0.00014242303181577487
75,nowork_nowork,0.7689225289403384,N=25000,25000,4.371412992477417,0.7703021557955667,0.0013796268552282998
76,nowork_nowork,0.7955842508791146,N=25000,25000,4.371412992477417,0.7994939145822345,0.003909663703119959
77,nowork_nowork,0.8241461953265429,N=25000,25000,4.371412992477417,0.8236762022520467,0.00046999307449613337
78,nowork_nowork,0.848720035050385,N=25000,25000,4.371412992477417,0.8457002827284472,0.003019752321937741
79,nowork_nowork,0.8618780889621087,N=25000,25000,4.371412992477417,0.8631254343724154,0.0012473454103066883
80,nowork_nowork,0.8782693377851976,N=25000,25000,4.371412992477417,0.8769571626702023,0.001312175114995262
81,nowork_nowork,0.887991104521868,N=25000,25000,4.371412992477417,0.8864407596823901,0.001550344839477913
82,nowork_nowork,0.8832817583115131,N=25000,25000,4.371412992477417,0.8854969254061261,0.002215167094613002
83,nowork_nowork,0.8727334929866576,N=25000,25000,4.371412992477417,0.8716194687805389,0.0011140242061187244
84,nowork_nowork,0.1853536291071097,N=25000,25000,4.371412992477417,0.18495234420937404,0.00040128489773566534
30,prob_work,0.68114,N=50000,50000,5.633008241653442,0.683829,0.0026890000000000525
31,prob_work,0.69532,N=50000,50000,5.633008241653442,0.696873,0.0015529999999999156
32,prob_work,0.7093141862837257,N=50000,50000,5.633008241653442,0.7108331199897595,0.0015189337060338426
33,prob_work,0.7214632877972679,N=50000,50000,5.633008241653442,0.7212743720402254,0.00018891575704249597
34,prob_work,0.7312555013203169,N=50000,50000,5.633008241653442,0.7294789014869237,0.0017765998333931776
35,prob_work,0.7361397330985775,N=50000,50000,5.633008241653442,0.7369026608878697,0.0007629277892922115
36,prob_work,0.7416584936250276,N=50000,50000,5.633008241653442,0.7436603621392094,0.002001868514181826
37,prob_work,0.7488187715223833,N=50000,50000,5.633008241653442,0.7500132646840052,0.0011944931616219012
38,prob_work,0.7501652478718077,N=50000,50000,5.633008241653442,0.7552311333179101,0.005065885446102425
39,prob_work,0.7610486440983705,N=50000,50000,5.633008241653442,0.7600280956011948,0.0010205484971756995
40,prob_work,0.7662181402530732,N=50000,50000,5.633008241653442,0.7655733332798598,0.000644806973213452
41,prob_work,0.7689205457463885,N=50000,50000,5.633008241653442,0.7716119801621582,0.002691434415769689
42,prob_work,0.776669009135629,N=50000,50000,5.633008241653442,0.7763678719537298,0.00030113718189916927
43,prob_work,0.7783181927807702,N=50000,50000,5.633008241653442,0.7807135333327972,0.0023953405520270588
44,prob_work,0.784142121358442,N=50000,50000,5.633008241653442,0.784895719608658,0.0007535982502160365
45,prob_work,0.7857934062393007,N=50000,50000,5.633008241653442,0.7889726351041612,0.0031792288648604394
46,prob_work,0.7927808025811656,N=50000,50000,5.633008241653442,0.7924560472488291,0.00032475533233644605
47,prob_work,0.798053233167737,N=50000,50000,5.633008241653442,0.7966887878999178,0.0013644452678192032
48,prob_work,0.8010199951428802,N=50000,50000,5.633008241653442,0.799972259007723,0.0010477361351572956
49,prob_work,0.8038213459900206,N=50000,50000,5.633008241653442,0.8029248249974638,0.0008965209925568818
50,prob_work,0.8078252032520326,N=50000,50000,5.633008241653442,0.8042378775430519,0.003587325708980682
51,prob_work,0.8048541908662957,N=50000,50000,5.633008241653442,0.8025957739657941,0.0022584169005016586
52,prob_work,0.7990191069786451,N=50000,50000,5.633008241653442,0.7987324336843784,0.00028667329426668164
53,prob_work,0.7958384583845839,N=50000,50000,5.633008241653442,0.7934820861510491,0.002356372233534798
54,prob_work,0.7854864926033372,N=50000,50000,5.633008241653442,0.784674223763665,0.0008122688396722255
55,prob_work,0.7776813391196529,N=50000,50000,5.633008241653442,0.7755647564665469,0.0021165826531059917
56,prob_work,0.7640437771270742,N=50000,50000,5.633008241653442,0.7632594802582918,0.0007842968687823415
57,prob_work,0.7495512419119181,N=50000,50000,5.633008241653442,0.7489944785071087,0.0005567634048094794
58,prob_work,0.7359021175680497,N=50000,50000,5.633008241653442,0.7307244358608406,0.005177681707209114
59,prob_work,0.7112794968128667,N=50000,50000,5.633008241653442,0.7097918840156904,0.001487612797176352
60,prob_work,0.6800910076761147,N=50000,50000,5.633008241653442,0.6855956931966858,0.00550468552057104
61,prob_work,0.6583824317086234,N=50000,50000,5.633008241653442,0.6597356701530855,0.0013532384444621126
62,prob_work,0.6322104990054485,N=50000,50000,5.633008241653442,0.6292249382561057,0.0029855607493427527
63,prob_work,0.5969100510627154,N=50000,50000,5.633008241653442,0.5988116141876395,0.001901563124924066
64,prob_work,0.563635161347205,N=50000,50000,5.633008241653442,0.5623299199519358,0.0013052413952692188
65,prob_work,0.5160923639281416,N=50000,50000,5.633008241653442,0.517231437007302,0.001139073079160391
66,prob_work,0.45013312875129746,N=50000,50000,5.633008241653442,0.44552538654089346,0.004607742210403998
67,prob_work,0.374882505330246,N=50000,50000,5.633008241653442,0.37107423299844333,0.0038082723318026424
68,prob_work,0.32487936781743165,N=50000,50000,5.633008241653442,0.32468857507409876,0.00019079274333289042
69,prob_work,0.28401776595492007,N=50000,50000,5.633008241653442,0.28681176455207874,0.0027939985971586756
70,prob_work,0.25142995637421234,N=50000,50000,5.633008241653442,0.2535312866358486,0.0021013302616362806
71,prob_work,0.22202134773025584,N=50000,50000,5.633008241653442,0.2216758657780664,0.000345481952189447
72,prob_work,0.19177456207159177,N=50000,50000,5.633008241653442,0.19313771804171365,0.0013631559701218765
73,prob_work,0.16939876469208517,N=50000,50000,5.633008241653442,0.16780046534436527,0.001598299347719906
74,prob_work,0.1468385018123238,N=50000,50000,5.633008241653442,0.14563273773853128,0.0012057640737925257
75,prob_work,0.12366068950202631,N=50000,50000,5.633008241653442,0.12457173648270489,0.0009110469806785787
76,prob_work,0.10972417958526273,N=50000,50000,5.633008241653442,0.10751288990336536,0.002211289681897377
77,prob_work,0.09225754358682975,N=50000,50000,5.633008241653442,0.0932165494225829,0.0009590058357531461
78,prob_work,0.0794275715535558,N=50000,50000,5.633008241653442,0.080256574888502,0.0008290033349462045
79,prob_work,0.07316511497845182,N=50000,50000,5.633008241653442,0.07151689038049786,0.0016482245979539678
80,prob_work,0.06532384094460844,N=50000,50000,5.633008241653442,0.06333574662212259,0.0019880943224858533
81,prob_work,0.06050401509824964,N=50000,50000,5.633008241653442,0.0601730461839719,0.0003309689142777378
82,prob_work,0.06633380884450785,N=50000,50000,5.633008241653442,0.06397020451654764,0.002363604327960206
83,prob_work,0.07668632982816107,N=50000,50000,5.633008241653442,0.07691797767945924,0.00023164785129817234
84,prob_work,0.8003996653964123,N=50000,50000,5.633008241653442,0.799192605624801,0.0012070597716112852
30,hours_0,0.31886,N=50000,50000,5.633008241653442,0.316171,0.002688999999999997
31,hours_0,0.30468,N=50000,50000,5.633008241653442,0.303127,0.0015530000000000266
32,hours_0,0.29068581371627433,N=50000,50000,5.633008241653442,0.2891668800102405,0.0015189337060338426
33,hours_0,0.2785367122027322,N=50000,50000,5.633008241653442,0.27872562795977457,0.00018891575704238495
34,hours_0,0.26874449867968314,N=50000,50000,5.633008241653442,0.2705210985130762,0.0017765998333930666
35,hours_0,0.26386026690142256,N=50000,50000,5.633008241653442,0.2630973391121303,0.000762927789292267
36,hours_0,0.2583415063749725,N=50000,50000,5.633008241653442,0.25633963786079067,0.002001868514181826
37,hours_0,0.2511812284776167,N=50000,50000,5.633008241653442,0.2499867353159948,0.0011944931616219012
38,hours_0,0.24983475212819228,N=50000,50000,5.633008241653442,0.24476886668208991,0.0050658854461023695
39,hours_0,0.2389513559016295,N=50000,50000,5.633008241653442,0.23997190439880522,0.0010205484971757273
40,hours_0,0.23378185974692683,N=50000,50000,5.633008241653442,0.2344266667201402,0.0006448069732133688
41,hours_0,0.23107945425361157,N=50000,50000,5.633008241653442,0.2283880198378418,0.0026914344157697723
42,hours_0,0.22333099086437105,N=50000,50000,5.633008241653442,0.22363212804627017,0.00030113718189911376
43,hours_0,0.22168180721922984,N=50000,50000,5.633008241653442,0.21928646666720272,0.0023953405520271143
44,hours_0,0.21585787864155803,N=50000,50000,5.633008241653442,0.21510428039134202,0.0007535982502160088
45,hours_0,0.21420659376069925,N=50000,50000,5.633008241653442,0.2110273648958389,0.003179228864860356
46,hours_0,0.20721919741883443,N=50000,50000,5.633008241653442,0.20754395275117082,0.00032475533233639053
47,hours_0,0.201946766832263,N=50000,50000,5.633008241653442,0.20331121210008216,0.0013644452678191477
48,hours_0,0.19898000485711972,N=50000,50000,5.633008241653442,0.20002774099227708,0.001047736135157351
49,hours_0,0.1961786540099793,N=50000,50000,5.633008241653442,0.19707517500253627,0.000896520992556965
50,hours_0,0.19217479674796747,N=50000,50000,5.633008241653442,0.1957621224569481,0.0035873257089806265
51,hours_0,0.19514580913370422,N=50000,50000,5.633008241653442,0.1974042260342059,0.0022584169005016863
52,hours_0,0.20098089302135486,N=50000,50000,5.633008241653442,0.20126756631562157,0.0002866732942667094
53,hours_0,0.20416154161541616,N=50000,50000,5.633008241653442,0.20651791384895093,0.0023563722335347703
54,hours_0,0.21451350739666275,N=50000,50000,5.633008241653442,0.21532577623633503,0.000812268839672281
55,hours_0,0.22231866088034719,N=50000,50000,5.633008241653442,0.22443524353345315,0.002116582653105964
56,hours_0,0.2359562228729259,N=50000,50000,5.633008241653442,0.23674051974170815,0.0007842968687822582
57,hours_0,0.2504487580880818,N=50000,50000,5.633008241653442,0.2510055214928914,0.0005567634048095904
58,hours_0,0.2640978824319503,N=50000,50000,5.633008241653442,0.26927556413915943,0.005177681707209114
59,hours_0,0.28872050318713327,N=50000,50000,5.633008241653442,0.2902081159843096,0.001487612797176352
60,hours_0,0.31990899232388526,N=50000,50000,5.633008241653442,0.3144043068033142,0.00550468552057104
61,hours_0,0.3416175682913765,N=50000,50000,5.633008241653442,0.3402643298469144,0.0013532384444621126
62,hours_0,0.3677895009945516,N=50000,50000,5.633008241653442,0.37077506174389435,0.0029855607493427527
63,hours_0,0.4030899489372845,N=50000,50000,5.633008241653442,0.4011883858123605,0.0019015631249240106
64,hours_0,0.4363648386527949,N=50000,50000,5.633008241653442,0.4376700800480642,0.0013052413952692743
65,hours_0,0.48390763607185844,N=50000,50000,5.633008241653442,0.48276856299269794,0.001139073079160502
66,hours_0,0.5498668712487026,N=50000,50000,5.633008241653442,0.5544746134591065,0.004607742210403942
67,hours_0,0.625117494669754,N=50000,50000,5.633008241653442,0.6289257670015567,0.003808272331802698
68,hours_0,0.6751206321825683,N=50000,50000,5.633008241653442,0.6753114249259012,0.00019079274333289042
69,hours_0,0.7159822340450799,N=50000,50000,5.633008241653442,0.7131882354479213,0.0027939985971585646
70,hours_0,0.7485700436257877,N=50000,50000,5.633008241653442,0.7464687133641514,0.0021013302616362806
71,hours_0,0.7779786522697442,N=50000,50000,5.633008241653442,0.7783241342219336,0.00034548195218941924
72,hours_0,0.8082254379284082,N=50000,50000,5.633008241653442,0.8068622819582864,0.001363155970121821
73,hours_0,0.8306012353079149,N=50000,50000,5.633008241653442,0.8321995346556348,0.0015982993477199336
74,hours_0,0.8531614981876762,N=50000,50000,5.633008241653442,0.8543672622614688,0.0012057640737925812
75,hours_0,0.8763393104979736,N=50000,50000,5.633008241653442,0.8754282635172951,0.0009110469806785648
76,hours_0,0.8902758204147373,N=50000,50000,5.633008241653442,0.8924871100966346,0.0022112896818973216
77,hours_0,0.9077424564131702,N=50000,50000,5.633008241653442,0.9067834505774172,0.0009590058357530351
78,hours_0,0.9205724284464442,N=50000,50000,5.633008241653442,0.919743425111498,0.0008290033349461767
79,hours_0,0.9268348850215482,N=50000,50000,5.633008241653442,0.9284831096195022,0.0016482245979539956
80,hours_0,0.9346761590553916,N=50000,50000,5.633008241653442,0.9366642533778774,0.0019880943224858116
81,hours_0,0.9394959849017503,N=50000,50000,5.633008241653442,0.9398269538160281,0.00033096891427775166
82,hours_0,0.9336661911554922,N=50000,50000,5.633008241653442,0.9360297954834523,0.0023636043279601227
83,hours_0,0.923313670171839,N=50000,50000,5.633008241653442,0.9230820223205407,0.0002316478512982556
84,hours_0,0.1996003346035877,N=50000,50000,5.633008241653442,0.200807394375199,0.001207059771611313
30,hours_1,0.09488,N=50000,50000,5.633008241653442,0.094294,0.0005860000000000032
31,hours_1,0.08494,N=50000,50000,5.633008241653442,0.085412,0.0004720000000000002
32,hours_1,0.08114162283245666,N=50000,50000,5.633008241653442,0.08316299182360753,0.002021368991150879
33,hours_1,0.08126487589255356,N=50000,50000,5.633008241653442,0.08218109444775044,0.0009162185551968849
34,hours_1,0.08043930543330399,N=50000,50000,5.633008241653442,0.08203337951316125,0.0015940740798572606
35,hours_1,0.08103079170084632,N=50000,50000,5.633008241653442,0.08153246171146836,0.0005016700106220406
36,hours_1,0.08022257360741378,N=50000,50000,5.633008241653442,0.08040699379221379,0.0001844201848000132
37,hours_1,0.07886201649715704,N=50000,50000,5.633008241653442,0.07965317606590495,0.0007911595687479095
38,hours_1,0.08060090135202805,N=50000,50000,5.633008241653442,0.07878873462307698,0.0018121667289510701
39,hours_1,0.07886877918746117,N=50000,50000,5.633008241653442,0.07868070912335512,0.00018807006410605231
40,hours_1,0.07842862012954459,N=50000,50000,5.633008241653442,0.07756136590139345,0.0008672542281511347
41,hours_1,0.07646468699839486,N=50000,50000,5.633008241653442,0.07751727985182821,0.0010525928534333567
42,hours_1,0.07916875815681157,N=50000,50000,5.633008241653442,0.0771269919368605,0.0020417662199510717
43,hours_1,0.07719671999356861,N=50000,50000,5.633008241653442,0.07660090699301261,0.0005958130005560003
44,hours_1,0.07552712055367777,N=50000,50000,5.633008241653442,0.07561095620797113,8.383565429335993e-05
45,hours_1,0.07626930900449116,N=50000,50000,5.633008241653442,0.07539174388367728,0.0008775651208138835
46,hours_1,0.07670901391409558,N=50000,50000,5.633008241653442,0.07457994426833525,0.0021290696457603314
47,hours_1,0.07467991437457086,N=50000,50000,5.633008241653442,0.07401063314829917,0.0006692812262716896
48,hours_1,0.07514368979195338,N=50000,50000,5.633008241653442,0.07350755486439312,0.0016361349275602621
49,hours_1,0.07273538598839803,N=50000,50000,5.633008241653442,0.07369179263467586,0.0009564066462778298
50,hours_1,0.07420731707317073,N=50000,50000,5.633008241653442,0.07363055485508366,0.0005767622180870707
51,hours_1,0.07395406655662204,N=50000,50000,5.633008241653442,0.07375321795427318,0.00020084860234885482
52,hours_1,0.07499744559109023,N=50000,50000,5.633008241653442,0.07344031363983569,0.0015571319512545367
53,hours_1,0.07513325133251332,N=50000,50000,5.633008241653442,0.07430048315424101,0.0008327681782723112
54,hours_1,0.0739460527127955,N=50000,50000,5.633008241653442,0.07520368738003246,0.0012576346672369537
55,hours_1,0.07712337259764414,N=50000,50000,5.633008241653442,0.07544873399003571,0.001674638607608428
56,hours_1,0.07582082113263972,N=50000,50000,5.633008241653442,0.07668143174130924,0.0008606106086695292
57,hours_1,0.07591317052807348,N=50000,50000,5.633008241653442,0.07732073942897238,0.001407568900898909
58,hours_1,0.07941404856345359,N=50000,50000,5.633008241653442,0.07865339638711494,0.0007606521763386526
59,hours_1,0.0809236354426105,N=50000,50000,5.633008241653442,0.07965782260937214,0.0012658128332383584
60,hours_1,0.08156669289162007,N=50000,50000,5.633008241653442,0.08094524836828831,0.0006214445233317517
61,hours_1,0.08329941081949652,N=50000,50000,5.633008241653442,0.08129553596046746,0.002003874859029059
62,hours_1,0.07941278214996109,N=50000,50000,5.633008241653442,0.08149436458443816,0.002081582434477078
63,hours_1,0.07984550255313577,N=50000,50000,5.633008241653442,0.08124096500074848,0.0013954624476127109
64,hours_1,0.08126873567272086,N=50000,50000,5.633008241653442,0.07979846618720292,0.0014702694855179416
65,hours_1,0.08240092720545625,N=50000,50000,5.633008241653442,0.0818110498447729,0.0005898773606833468
66,hours_1,0.12848052709959837,N=50000,50000,5.633008241653442,0.1268823242380981,0.0015982028615002808
67,hours_1,0.11964969394071391,N=50000,50000,5.633008241653442,0.11935296719456363,0.0002967267461502776
68,hours_1,0.10990932189561528,N=50000,50000,5.633008241653442,0.11034090683576399,0.00043158494014870763
69,hours_1,0.10082416929909983,N=50000,50000,5.633008241653442,0.10092951228237397,0.00010534298327413705
70,hours_1,0.09212312166747455,N=50000,50000,5.633008241653442,0.09325191158053492,0.0011287899130603685
71,hours_1,0.08417741895539761,N=50000,50000,5.633008241653442,0.08468304579397791,0.0005056268385802976
72,hours_1,0.07461284589997462,N=50000,50000,5.633008241653442,0.07614824296729755,0.0015353970673229328
73,hours_1,0.07067837689922077,N=50000,50000,5.633008241653442,0.0690647725968511,0.0016136043023696617
74,hours_1,0.06161900926298832,N=50000,50000,5.633008241653442,0.06197446529489064,0.0003554560319023181
75,hours_1,0.05509909509798479,N=50000,50000,5.633008241653442,0.05439970891274187,0.0006993861852429145
76,hours_1,0.050993701285628,N=50000,50000,5.633008241653442,0.04866172685797618,0.0023319744276518242
77,hours_1,0.043063488740692005,N=50000,50000,5.633008241653442,0.04358538810592783,0.000521899365235827
78,hours_1,0.03549556305461817,N=50000,50000,5.633008241653442,0.0380011522636329,0.0025055892090147247
79,hours_1,0.03536533210514196,N=50000,50000,5.633008241653442,0.034203371307731295,0.0011619607974106619
80,hours_1,0.031185969786421255,N=50000,50000,5.633008241653442,0.029938155840304247,0.001247813946117008
81,hours_1,0.026310920327128742,N=50000,50000,5.633008241653442,0.027679601244627077,0.0013686809174983348
82,hours_1,0.0303534633063877,N=50000,50000,5.633008241653442,0.02794616335528574,0.0024072999511019592
83,hours_1,0.04039497307001795,N=50000,50000,5.633008241653442,0.0398639127022652,0.0005310603677527517
84,hours_1,0.2001580072497444,N=50000,50000,5.633008241653442,0.19952216383551838,0.0006358434142260116
30,hours_2,0.08382,N=50000,50000,5.633008241653442,0.082324,0.0014960000000000112
31,hours_2,0.07634,N=50000,50000,5.633008241653442,0.07898,0.0026399999999999896
32,hours_2,0.0754615092301846,N=50000,50000,5.633008241653442,0.07759972478678977,0.0021382155566051636
33,hours_2,0.07854471268276096,N=50000,50000,5.633008241653442,0.07768948808089092,0.0008552246018700416
34,hours_2,0.07503800912218933,N=50000,50000,5.633008241653442,0.07759711517782568,0.002559106055636348
35,hours_2,0.0764890658450211,N=50000,50000,5.633008241653442,0.0771153238167273,0.0006262579717061928
36,hours_2,0.0760593262744941,N=50000,50000,5.633008241653442,0.07655802623822967,0.0004986999637355688
37,hours_2,0.07940257868182911,N=50000,50000,5.633008241653442,0.07647065301288526,0.0029319256689438467
38,hours_2,0.07635453179769655,N=50000,50000,5.633008241653442,0.07581925962425375,0.0005352721734428051
39,hours_2,0.07570200228488966,N=50000,50000,5.633008241653442,0.07593527591102793,0.0002332736261382723
40,hours_2,0.07453827180299596,N=50000,50000,5.633008241653442,0.07577267595635757,0.0012344041533616096
41,hours_2,0.07305377207062601,N=50000,50000,5.633008241653442,0.07576446225020844,0.002710690179582434
42,hours_2,0.07459090452765786,N=50000,50000,5.633008241653442,0.0759190272017994,0.0013281226741415353
43,hours_2,0.0741418120427687,N=50000,50000,5.633008241653442,0.07525609687457284,0.0011142848318041326
44,hours_2,0.07516497666183808,N=50000,50000,5.633008241653442,0.075206452735983,4.1476074144924935e-05
45,hours_2,0.07671238394457536,N=50000,50000,5.633008241653442,0.07475902952902073,0.001953354415554623
46,hours_2,0.07503528937285743,N=50000,50000,5.633008241653442,0.07514291075871336,0.00010762138585593273
47,hours_2,0.07373076457045923,N=50000,50000,5.633008241653442,0.07490902402816642,0.0011782594577071925
48,hours_2,0.07536630777948676,N=50000,50000,5.633008241653442,0.07411400940358892,0.0012522983758978395
49,hours_2,0.07569672629913594,N=50000,50000,5.633008241653442,0.07404788475195292,0.0016488415471830192
50,hours_2,0.0721951219512195,N=50000,50000,5.633008241653442,0.07357157964094263,0.0013764576897231234
51,hours_2,0.07336308614049031,N=50000,50000,5.633008241653442,0.07296306680600514,0.00040001933448516325
52,hours_2,0.0724839072238684,N=50000,50000,5.633008241653442,0.07207314990638457,0.0004107573174838286
53,hours_2,0.07084870848708487,N=50000,50000,5.633008241653442,0.07124601261803112,0.00039730413094625494
54,hours_2,0.07059235026644446,N=50000,50000,5.633008241653442,0.06954925156730128,0.00104309869914318
55,hours_2,0.06869187848729076,N=50000,50000,5.633008241653442,0.06847911285202274,0.0002127656352680224
56,hours_2,0.06520881357340146,N=50000,50000,5.633008241653442,0.0668812173291559,0.001672403755754448
57,hours_2,0.06437069505322479,N=50000,50000,5.633008241653442,0.0651354478172979,0.0007647527640731039
58,hours_2,0.06440848706163822,N=50000,50000,5.633008241653442,0.06350116519271626,0.0009073218689219648
59,hours_2,0.062117438473553124,N=50000,50000,5.633008241653442,0.06140526119406929,0.0007121772794838332
60,hours_2,0.05936762423185694,N=50000,50000,5.633008241653442,0.059211093616763064,0.00015653061509387362
61,hours_2,0.056068559185859665,N=50000,50000,5.633008241653442,0.05681085471084967,0.0007422955249900068
62,hours_2,0.05418144080255989,N=50000,50000,5.633008241653442,0.05319174266053954,0.000989698142020351
63,hours_2,0.05101907214245188,N=50000,50000,5.633008241653442,0.05031736544611999,0.0007017066963318913
64,hours_2,0.04864662317051666,N=50000,50000,5.633008241653442,0.047126530720432575,0.0015200924500840887
65,hours_2,0.045245843177461775,N=50000,50000,5.633008241653442,0.04649548846804601,0.0012496452905842378
66,hours_2,0.047994043052484316,N=50000,50000,5.633008241653442,0.047592900576598894,0.0004011424758854215
67,hours_2,0.03968454114032875,N=50000,50000,5.633008241653442,0.040374065840642896,0.0006895247003141439
68,hours_2,0.03466281265297559,N=50000,50000,5.633008241653442,0.03438836272963612,0.0002744499233394704
69,hours_2,0.029879106001947604,N=50000,50000,5.633008241653442,0.029828537607750807,5.056839419679757e-05
70,hours_2,0.02535142995637421,N=50000,50000,5.633008241653442,0.025701923158523887,0.0003504932021496758
71,hours_2,0.021793506525669283,N=50000,50000,5.633008241653442,0.02203573402465048,0.00024222749898119775
72,hours_2,0.017948717948717947,N=50000,50000,5.633008241653442,0.018737364501742303,0.000788646553024356
73,hours_2,0.01581923848739934,N=50000,50000,5.633008241653442,0.015576254916895339,0.00024298357050400038
74,hours_2,0.012833937441267285,N=50000,50000,5.633008241653442,0.013023989508788808,0.00019005206752152268
75,hours_2,0.010270360295342253,N=50000,50000,5.633008241653442,0.011121310892579636,0.0008509505972373824
76,hours_2,0.008340763323650378,N=50000,50000,5.633008241653442,0.008883874147277773,0.0005431108236273949
77,hours_2,0.006938006519333712,N=50000,50000,5.633008241653442,0.007475810904900243,0.0005378043855665303
78,hours_2,0.006624171978502687,N=50000,50000,5.633008241653442,0.006249538859070623,0.00037463311943206415
79,hours_2,0.005296575319932888,N=50000,50000,5.633008241653442,0.005203389466768137,9.318585316475062e-05
80,hours_2,0.004757770446258031,N=50000,50000,5.633008241653442,0.004336941636209799,0.0004208288100482323
81,hours_2,0.004181623061836214,N=50000,50000,5.633008241653442,0.0037197883095546266,0.0004618347522815872
82,hours_2,0.003605959740053891,N=50000,50000,5.633008241653442,0.0036212544819224993,1.529474186860811e-05
83,hours_2,0.004402838334615714,N=50000,50000,5.633008241653442,0.004593267057422253,0.00019042872280653975
84,hours_2,0.1972302258574217,N=50000,50000,5.633008241653442,0.19972203693933852,0.002491811081916817
30,hours_3,0.08646,N=50000,50000,5.633008241653442,0.088833,0.002373
31,hours_3,0.08912,N=50000,50000,5.633008241653442,0.088053,0.0010669999999999985
32,hours_3,0.0878017560351207,N=50000,50000,5.633008241653442,0.08883626414067876,0.0010345081055580518
33,hours_3,0.08992539552373142,N=50000,50000,5.633008241653442,0.0891830397103609,0.0007423558133705238
34,hours_3,0.09142194126590382,N=50000,50000,5.633008241653442,0.08942448597850387,0.0019974552873999463
35,hours_3,0.09255517096496668,N=50000,50000,5.633008241653442,0.09017164307524841,0.0023835278897182677
36,hours_3,0.09111106663197294,N=50000,50000,5.633008241653442,0.09027159940313982,0.0008394672288331156
37,hours_3,0.09047409305677905,N=50000,50000,5.633008241653442,0.09046414380719456,9.949249584487174e-06
38,hours_3,0.09041562343515273,N=50000,50000,5.633008241653442,0.0911163122826099,0.0007006888474571649
39,hours_3,0.08887018218988636,N=50000,50000,5.633008241653442,0.09114437471756606,0.0022741925276797
40,hours_3,0.09429081356408045,N=50000,50000,5.633008241653442,0.0912933712193371,0.002997442344743348
41,hours_3,0.09123194221508828,N=50000,50000,5.633008241653442,0.0917876431877401,0.0005557009726518264
42,hours_3,0.09304286718200984,N=50000,50000,5.633008241653442,0.09141170209561297,0.0016311650863968657
43,hours_3,0.09052174612107082,N=50000,50000,5.633008241653442,0.09139884374472328,0.0008770976236524564
44,hours_3,0.0915218091099308,N=50000,50000,5.633008241653442,0.09152444478879787,2.635678867074498e-06
45,hours_3,0.09332769419773226,N=50000,50000,5.633008241653442,0.09182115945912998,0.0015065347386022804
46,hours_3,0.08961484170195604,N=50000,50000,5.633008241653442,0.09177261803631638,0.002157776334360345
47,hours_3,0.09372349448685327,N=50000,50000,5.633008241653442,0.09215833103430156,0.0015651634525517127
48,hours_3,0.09455193070509188,N=50000,50000,5.633008241653442,0.0923299193688823,0.002222011336209584
49,hours_3,0.09419496166484119,N=50000,50000,5.633008241653442,0.09234655574718474,0.0018484059176564482
50,hours_3,0.09382113821138212,N=50000,50000,5.633008241653442,0.09212030130233542,0.0017008369090466963
51,hours_3,0.08982902325202258,N=50000,50000,5.633008241653442,0.09096016108887926,0.0011311378368566855
52,hours_3,0.0892408296720139,N=50000,50000,5.633008241653442,0.08901595910575016,0.00022487056626373236
53,hours_3,0.08692086920869209,N=50000,50000,5.633008241653442,0.08673075206461482,0.00019011714407726754
54,hours_3,0.08334876447955887,N=50000,50000,5.633008241653442,0.08385782662064306,0.0005090621410841906
55,hours_3,0.08055383343666046,N=50000,50000,5.633008241653442,0.08079073143795486,0.00023689800129439442
56,hours_3,0.08057649575312026,N=50000,50000,5.633008241653442,0.07807344862834396,0.0025030471247762948
57,hours_3,0.0757253183051555,N=50000,50000,5.633008241653442,0.07427807106938203,0.001447247235773469
58,hours_3,0.06942433209511217,N=50000,50000,5.633008241653442,0.07065510190579109,0.0012307698106789194
59,hours_3,0.06811178183967243,N=50000,50000,5.633008241653442,0.06647471246507881,0.001637069374593611
60,hours_3,0.06321631333857833,N=50000,50000,5.633008241653442,0.06208009572566591,0.0011362176129124171
61,hours_3,0.056925549009105514,N=50000,50000,5.633008241653442,0.05800386871267137,0.0010783197035658595
62,hours_3,0.055305716509556346,N=50000,50000,5.633008241653442,0.05288545831177799,0.0024202581977783577
63,hours_3,0.04826954130842753,N=50000,50000,5.633008241653442,0.048515555769232874,0.00024601446080534106
64,hours_3,0.044679068947275614,N=50000,50000,5.633008241653442,0.04461840221943419,6.0666727841426904e-05
65,hours_3,0.04167966834574065,N=50000,50000,5.633008241653442,0.04162969453006086,4.997381567978937e-05
66,hours_3,0.03332731621463062,N=50000,50000,5.633008241653442,0.03283432376712786,0.0004929924475027617
67,hours_3,0.027419243907471514,N=50000,50000,5.633008241653442,0.026696996329421498,0.0007222475780500164
68,hours_3,0.02324063497983636,N=50000,50000,5.633008241653442,0.022553573492313458,0.0006870614875229032
69,hours_3,0.017528442153765766,N=50000,50000,5.633008241653442,0.018666308537227436,0.00113786638346167
70,hours_3,0.01577799321376636,N=50000,50000,5.633008241653442,0.016047941360819842,0.000269948147053483
71,hours_3,0.012853215780479953,N=50000,50000,5.633008241653442,0.01299689452539277,0.0001436787449128167
72,hours_3,0.010916476263010916,N=50000,50000,5.633008241653442,0.010810652931435596,0.0001058233315753207
73,hours_3,0.008678429021917594,N=50000,50000,5.633008241653442,0.008727815281241197,4.9386259323602744e-05
74,hours_3,0.006873405826285407,N=50000,50000,5.633008241653442,0.007044751572741125,0.00017134574645571738
75,hours_3,0.0051074224171431745,N=50000,50000,5.633008241653442,0.005250958602003447,0.0001435361848602726
76,hours_3,0.004544277948747447,N=50000,50000,5.633008241653442,0.004442657582491059,0.00010162036625638825
77,hours_3,0.0037082448637818116,N=50000,50000,5.633008241653442,0.003469304458476387,0.00023894040530542462
78,hours_3,0.0029996250468691415,N=50000,50000,5.633008241653442,0.00269070826537228,0.00030891678149686137
79,hours_3,0.00233575681810705,N=50000,50000,5.633008241653442,0.002231910710365013,0.00010384610774203697
80,hours_3,0.0020489668345198817,N=50000,50000,5.633008241653442,0.0018614307022670378,0.00018753613225284396
81,hours_3,0.002257336343115124,N=50000,50000,5.633008241653442,0.0016392287465833949,0.0006181075965317291
82,hours_3,0.001981296560469171,N=50000,50000,5.633008241653442,0.0015437457462661394,0.0004375508142030317
83,hours_3,0.001923570146191331,N=50000,50000,5.633008241653442,0.0016700845306549254,0.0002534856155364056
84,hours_3,0.19625429872664746,N=50000,50000,5.633008241653442,0.20001952248921034,0.003765223762562886
30,hours_4,0.41598,N=50000,50000,5.633008241653442,0.418378,0.0023980000000000112
31,hours_4,0.44492,N=50000,50000,5.633008241653442,0.444428,0.0004919999999999924
32,hours_4,0.4649092981859637,N=50000,50000,5.633008241653442,0.46123413923868345,0.003675158947280266
33,hours_4,0.4717283036982219,N=50000,50000,5.633008241653442,0.47222074980122314,0.0004924461030012539
34,hours_4,0.48435624549891976,N=50000,50000,5.633008241653442,0.48042392081743296,0.0039323246814867985
35,hours_4,0.48606470458774337,N=50000,50000,5.633008241653442,0.4880832322844257,0.002018527696682315
36,hours_4,0.4942655271111467,N=50000,50000,5.633008241653442,0.49642374270562606,0.0021582155944793735
37,hours_4,0.5000800832866181,N=50000,50000,5.633008241653442,0.5034252917980204,0.003345208511402298
38,hours_4,0.5027941912869304,N=50000,50000,5.633008241653442,0.5095068267879694,0.006712635501039066
39,hours_4,0.5176076804361334,N=50000,50000,5.633008241653442,0.5142677358492457,0.0033399445868876887
40,hours_4,0.5189604347564521,N=50000,50000,5.633008241653442,0.5209459202027716,0.0019854854463194904
41,hours_4,0.5281701444622793,N=50000,50000,5.633008241653442,0.5265425948723814,0.0016275495898978587
42,hours_4,0.5298664792691496,N=50000,50000,5.633008241653442,0.531910150719457,0.0020436714503073716
43,hours_4,0.536457914623362,N=50000,50000,5.633008241653442,0.5374576857204886,0.0009997710971265672
44,hours_4,0.5419282150329954,N=50000,50000,5.633008241653442,0.5425538658759059,0.0006256508429105523
45,hours_4,0.539484019092502,N=50000,50000,5.633008241653442,0.5470007022323331,0.007516683139831115
46,hours_4,0.5514216575922565,N=50000,50000,5.633008241653442,0.5509605741854642,0.0004610834067922953
47,hours_4,0.5559190597358536,N=50000,50000,5.633008241653442,0.5556107996891507,0.00030826004670292395
48,hours_4,0.5559580668663483,N=50000,50000,5.633008241653442,0.5600207753708586,0.004062708504510293
49,hours_4,0.5611942720376455,N=50000,50000,5.633008241653442,0.5628385918636502,0.0016443198260046588
50,hours_4,0.5676016260162602,N=50000,50000,5.633008241653442,0.5649154417446902,0.002686184271569969
51,hours_4,0.5677080149171608,N=50000,50000,5.633008241653442,0.5649193281166365,0.0027886868005243537
52,hours_4,0.5622969244916727,N=50000,50000,5.633008241653442,0.564203011032408,0.001906086540735319
53,hours_4,0.5629356293562936,N=50000,50000,5.633008241653442,0.5612048383141621,0.0017307910421314743
54,hours_4,0.5575993251445384,N=50000,50000,5.633008241653442,0.5560634581956881,0.0015358669488502175
55,hours_4,0.5513122545980574,N=50000,50000,5.633008241653442,0.5508461781865336,0.0004660764115238525
56,hours_4,0.5424376466679127,N=50000,50000,5.633008241653442,0.5416233825594827,0.0008142641084299962
57,hours_4,0.5335420580254644,N=50000,50000,5.633008241653442,0.5322602201914564,0.0012818378340080372
58,hours_4,0.5226552498478457,N=50000,50000,5.633008241653442,0.5179147723752183,0.004740477472627402
59,hours_4,0.5001266410570306,N=50000,50000,5.633008241653442,0.5022540877471701,0.002127446690139423
60,hours_4,0.4759403772140594,N=50000,50000,5.633008241653442,0.48335925548596853,0.007418878271909124
61,hours_4,0.46208891269416175,N=50000,50000,5.633008241653442,0.4636254107690971,0.001536498074935333
62,hours_4,0.4433105595433711,N=50000,50000,5.633008241653442,0.44165337269935,0.001657186844021108
63,hours_4,0.4177759350587003,N=50000,50000,5.633008241653442,0.4187377279715382,0.0009617929128378777
64,hours_4,0.38904073355669194,N=50000,50000,5.633008241653442,0.39078652082486615,0.0017457872681742037
65,hours_4,0.3467659251994829,N=50000,50000,5.633008241653442,0.3472952041644223,0.0005292789649393725
66,hours_4,0.24033124238458414,N=50000,50000,5.633008241653442,0.23821583795906862,0.002115404425515527
67,hours_4,0.18812902634173181,N=50000,50000,5.633008241653442,0.18465020363381526,0.0034788227079165512
68,hours_4,0.1570665982890044,N=50000,50000,5.633008241653442,0.1574057320163852,0.00033913372738078595
69,hours_4,0.1357860485001069,N=50000,50000,5.633008241653442,0.1373874061247265,0.0016013576246196037
70,hours_4,0.1181774115365972,N=50000,50000,5.633008241653442,0.11852951053596997,0.0003520989993727741
71,hours_4,0.10319720646870899,N=50000,50000,5.633008241653442,0.10196019143404522,0.001237015034663766
72,hours_4,0.0882965219598883,N=50000,50000,5.633008241653442,0.0874414576412382,0.000855064318650095
73,hours_4,0.07422272028354747,N=50000,50000,5.633008241653442,0.07443162254937763,0.00020890226583016036
74,hours_4,0.06551214928178278,N=50000,50000,5.633008241653442,0.06358953136211071,0.001922617919672076
75,hours_4,0.0531838116915561,N=50000,50000,5.633008241653442,0.053799758075379935,0.000615946383823833
76,hours_4,0.0458454370272369,N=50000,50000,5.633008241653442,0.045524631315620345,0.00032080571161655774
77,hours_4,0.038547803463022216,N=50000,50000,5.633008241653442,0.03868604595327843,0.00013824249025621432
78,hours_4,0.0343082114735658,N=50000,50000,5.633008241653442,0.03331517550042621,0.000993035973139593
79,hours_4,0.030167450735269927,N=50000,50000,5.633008241653442,0.029878218895633413,0.000289231839636514
80,hours_4,0.02733113387740927,N=50000,50000,5.633008241653442,0.027199218443341503,0.00013191543406776765
81,hours_4,0.02775413536616956,N=50000,50000,5.633008241653442,0.027134427883206805,0.0006197074829627537
82,hours_4,0.030393089237597083,N=50000,50000,5.633008241653442,0.030859040933073265,0.00046595169547618276
83,hours_4,0.02996494827733607,N=50000,50000,5.633008241653442,0.030790713389116865,0.0008257651117807956
84,hours_4,0.20675713356259875,N=50000,50000,5.633008241653442,0.19992888236073378,0.006828251201864977
30,work_work,0.55672,N=50000,50000,5.633008241653442,0.561155,0.004434999999999967
31,work_work,0.544,N=50000,50000,5.633008241653442,0.545674,0.0016739999999999533
32,work_work,0.5617912358247165,N=50000,50000,5.633008241653442,0.5618879706225899,9.673479787342121e-05
33,work_work,0.5764345860751645,N=50000,50000,5.633008241653442,0.576458821940962,2.4235865797472833e-05
34,work_work,0.5899215811794831,N=50000,50000,5.633008241653442,0.5881586252081843,0.0017629559712988296
35,work_work,0.5974670374742402,N=50000,50000,5.633008241653442,0.5977232980762689,0.0002562606020286573
36,work_work,0.6041512379656132,N=50000,50000,5.633008241653442,0.6065066166013997,0.002355378635786498
37,work_work,0.6117161848322256,N=50000,50000,5.633008241653442,0.6150939089572156,0.0033777241249900447
38,work_work,0.6179268903355033,N=50000,50000,5.633008241653442,0.6223168314650178,0.0043899411295145185
39,work_work,0.625678952959333,N=50000,50000,5.633008241653442,0.6286681342376563,0.0029891812783233718
40,work_work,0.6370746184851706,N=50000,50000,5.633008241653442,0.6353869846738147,0.0016876338113558376
41,work_work,0.6414927768860353,N=50000,50000,5.633008241653442,0.6430753671435494,0.0015825902575140605
42,work_work,0.6487702037947998,N=50000,50000,5.633008241653442,0.6498107220676982,0.0010405182728984164
43,work_work,0.6532679475842109,N=50000,50000,5.633008241653442,0.6554893983130573,0.002221450728846386
44,work_work,0.6594036697247706,N=50000,50000,5.633008241653442,0.6609969098752178,0.0015932401504471505
45,work_work,0.663021368295974,N=50000,50000,5.633008241653442,0.6666058804149719,0.0035845121189979068
46,work_work,0.6699334543254688,N=50000,50000,5.633008241653442,0.6713930293045245,0.001459574979055689
47,work_work,0.6764812795347146,N=50000,50000,5.633008241653442,0.6768996318517463,0.0004183523170316894
48,work_work,0.6835181737229823,N=50000,50000,5.633008241653442,0.6812114511576296,0.0023067225653526924
49,work_work,0.6858950955336498,N=50000,50000,5.633008241653442,0.6854377599675358,0.0004573355661140477
50,work_work,0.6916666666666667,N=50000,50000,5.633008241653442,0.6886657772933223,0.0030008893733443065
51,work_work,0.6915082227792383,N=50000,50000,5.633008241653442,0.6879800168225728,0.0035282059566654755
52,work_work,0.6860733626238888,N=50000,50000,5.633008241653442,0.6844704720242715,0.0016028905996173792
53,work_work,0.6787207872078721,N=50000,50000,5.633008241653442,0.6783787194617072,0.0003420677461648536
54,work_work,0.6699380696664815,N=50000,50000,5.633008241653442,0.6687886676497483,0.001149402016733192
55,work_work,0.6575738789005993,N=50000,50000,5.633008241653442,0.6569064395576669,0.0006674393429323411
56,work_work,0.6456295557909164,N=50000,50000,5.633008241653442,0.6428209326097616,0.0028086231811548235
57,work_work,0.6271759549154665,N=50000,50000,5.633008241653442,0.6255387841021101,0.0016371708133564589
58,work_work,0.6083443514029675,N=50000,50000,5.633008241653442,0.6050842099846356,0.0032601414183318633
59,work_work,0.5867913377516991,N=50000,50000,5.633008241653442,0.5803898065554051,0.006401531196294052
60,work_work,0.5516170873290949,N=50000,50000,5.633008241653442,0.5532756126304225,0.0016585253013275958
61,work_work,0.5179646491697911,N=50000,50000,5.633008241653442,0.523296495092228,0.005331845922436851
62,work_work,0.49225979417106286,N=50000,50000,5.633008241653442,0.4902313691451528,0.0020284250259100522
63,work_work,0.4561384366953258,N=50000,50000,5.633008241653442,0.45643914767518473,0.00030071097985895356
64,work_work,0.41939252336448596,N=50000,50000,5.633008241653442,0.41944832217137,5.579880688405536e-05
65,work_work,0.3706815851647127,N=50000,50000,5.633008241653442,0.3722812907205711,0.0015997055558583662
66,work_work,0.3081592129608737,N=50000,50000,5.633008241653442,0.30435885214591474,0.0038003608149589363
67,work_work,0.23794676631743047,N=50000,50000,5.633008241653442,0.23377047108629592,0.0041762952311345525
68,work_work,0.18487610433809645,N=50000,50000,5.633008241653442,0.18382096291618172,0.0010551414219147348
69,work_work,0.14922927107332018,N=50000,50000,5.633008241653442,0.1505391551552218,0.0013098840819016078
70,work_work,0.12169171110033931,N=50000,50000,5.633008241653442,0.12422757840602007,0.0025358673056807557
71,work_work,0.1006463755912727,N=50000,50000,5.633008241653442,0.10116833258567318,0.0005219569944004826
72,work_work,0.08047727849708047,N=50000,50000,5.633008241653442,0.0812024422703768,0.0007251637732963306
73,work_work,0.06434546923457819,N=50000,50000,5.633008241653442,0.06500735577976482,0.0006618865451866324
74,work_work,0.05278560880655121,N=50000,50000,5.633008241653442,0.0519535312438696,0.0008320775626816102
75,work_work,0.04016543607394659,N=50000,50000,5.633008241653442,0.04049945907210381,0.00033402299815721986
76,work_work,0.031982513158273176,N=50000,50000,5.633008241653442,0.03153379042414915,0.0004487227341240241
77,work_work,0.025867998444929572,N=50000,50000,5.633008241653442,0.024478703992701255,0.0013892944522283165
78,work_work,0.018747656542932135,N=50000,50000,5.633008241653442,0.019208580125493126,0.000460923582560991
79,work_work,0.015758134026384183,N=50000,50000,5.633008241653442,0.014868949532734965,0.0008891844936492182
80,work_work,0.013231463795797881,N=50000,50000,5.633008241653442,0.012009455439930917,0.0012220083558669645
81,work_work,0.009880472190356364,N=50000,50000,5.633008241653442,0.009942923686855388,6.245149649902401e-05
82,work_work,0.010699001426533523,N=50000,50000,5.633008241653442,0.00966726127995968,0.001031740146573843
83,work_work,0.01286654697785757,N=50000,50000,5.633008241653442,0.012511734428760524,0.00035481254909704683
84,work_work,0.06190166372339437,N=50000,50000,5.633008241653442,0.06095432434756538,0.0009473393758289844
30,nowork_nowork,0.13768,N=50000,50000,5.633008241653442,0.136219,0.00146099999999999
31,nowork_nowork,0.16754,N=50000,50000,5.633008241653442,0.164972,0.002567999999999987
32,nowork_nowork,0.15716314326286526,N=50000,50000,5.633008241653442,0.15418140070723393,0.002981742555631328
33,nowork_nowork,0.14564873892433547,N=50000,50000,5.633008241653442,0.1443534877208423,0.001295251203493164
34,nowork_nowork,0.13725294070576938,N=50000,50000,5.633008241653442,0.1374041601856529,0.0001512194798835298
35,nowork_nowork,0.13008943398491427,N=50000,50000,5.633008241653442,0.13133856786684756,0.0012491338819332898
36,nowork_nowork,0.1263185284521927,N=50000,50000,5.633008241653442,0.1259340951873895,0.0003844332648032245
37,nowork_nowork,0.12124609593977737,N=50000,50000,5.633008241653442,0.12142441682943018,0.00017832088965281934
38,nowork_nowork,0.11899849774661993,N=50000,50000,5.633008241653442,0.11708444626051459,0.0019140514861053365
39,nowork_nowork,0.11442486922013108,N=50000,50000,5.633008241653442,0.11341244322514256,0.0010124259949885195
40,nowork_nowork,0.10987226021216435,N=50000,50000,5.633008241653442,0.10977182171654078,0.0001004384956235782
41,nowork_nowork,0.10636035313001606,N=50000,50000,5.633008241653442,0.10588142043442185,0.0004789326955942086
42,nowork_nowork,0.10306194157213132,N=50000,50000,5.633008241653442,0.1018465894827742,0.0012153520893571218
43,nowork_nowork,0.09827960446981268,N=50000,50000,5.633008241653442,0.09839627875561845,0.00011667428580576511
44,nowork_nowork,0.09701432480283277,N=50000,50000,5.633008241653442,0.09540445819174874,0.001609866611084032
45,nowork_nowork,0.09300545787767103,N=50000,50000,5.633008241653442,0.09274101329002397,0.0002644445876470586
46,nowork_nowork,0.09140955837870539,N=50000,50000,5.633008241653442,0.08997576620950021,0.0014337921692051808
47,nowork_nowork,0.08572640252029565,N=50000,50000,5.633008241653442,0.08773913720116376,0.002012734680868114
48,nowork_nowork,0.08451388326722253,N=50000,50000,5.633008241653442,0.08454927974664576,3.539647942323032e-05
49,nowork_nowork,0.08107176179465336,N=50000,50000,5.633008241653442,0.08255351526833722,0.0014817534736838583
50,nowork_nowork,0.0800609756097561,N=50000,50000,5.633008241653442,0.08148442647621063,0.001423450866454526
51,nowork_nowork,0.07890607487110514,N=50000,50000,5.633008241653442,0.08113373945403105,0.002227664582925906
52,nowork_nowork,0.08229283743741699,N=50000,50000,5.633008241653442,0.08312805426116407,0.0008352168237470842
53,nowork_nowork,0.08374333743337434,N=50000,50000,5.633008241653442,0.08616746542558922,0.002424127992214878
54,nowork_nowork,0.08865707878114519,N=50000,50000,5.633008241653442,0.09063161623567598,0.0019745374545307864
55,nowork_nowork,0.09429634221946684,N=50000,50000,5.633008241653442,0.09667505640843221,0.002378714188965375
56,nowork_nowork,0.1039810603700704,N=50000,50000,5.633008241653442,0.10400651547008619,2.5455100015780996e-05
57,nowork_nowork,0.11356710498852014,N=50000,50000,5.633008241653442,0.11327413669245034,0.00029296829606979824
58,nowork_nowork,0.12289869671976326,N=50000,50000,5.633008241653442,0.12539132936989275,0.0024926326501294865
59,nowork_nowork,0.13947401747646587,N=50000,50000,5.633008241653442,0.13984117269641747,0.0003671552199515926
60,nowork_nowork,0.1604116608900891,N=50000,50000,5.633008241653442,0.15790902442218085,0.0025026364679082425
61,nowork_nowork,0.17951794322442421,N=50000,50000,5.633008241653442,0.17792859725370752,0.0015893459707166935
62,nowork_nowork,0.2019588342125746,N=50000,50000,5.633008241653442,0.20131107017699557,0.0006477640355790348
63,nowork_nowork,0.22731637061929907,N=50000,50000,5.633008241653442,0.22842554177215466,0.0011091711528555814
64,nowork_nowork,0.2588608710985717,N=50000,50000,5.633008241653442,0.25820801894294143,0.000652852155630268
65,nowork_nowork,0.2906432487852717,N=50000,50000,5.633008241653442,0.292677393615238,0.002034144829966278
66,nowork_nowork,0.34191524888307234,N=50000,50000,5.633008241653442,0.34161984324389805,0.0002954056391742954
67,nowork_nowork,0.4133749054311195,N=50000,50000,5.633008241653442,0.417177618087508,0.003802712656388485
68,nowork_nowork,0.48513951374157904,N=50000,50000,5.633008241653442,0.4880513922629102,0.0029118785213311793
69,nowork_nowork,0.5403652946345866,N=50000,50000,5.633008241653442,0.5390897886758996,0.0012755059586869733
70,nowork_nowork,0.5866941347552108,N=50000,50000,5.633008241653442,0.5839198099997454,0.0027743247554654626
71,nowork_nowork,0.6265880779613165,N=50000,50000,5.633008241653442,0.6260740902297753,0.00051398773154121
72,nowork_nowork,0.6671744097486672,N=50000,50000,5.633008241653442,0.666351731634716,0.0008226781139512029
73,nowork_nowork,0.7029788121237392,N=50000,50000,5.633008241653442,0.7040263764698518,0.0010475643461125284
74,nowork_nowork,0.7362599006578064,N=50000,50000,5.633008241653442,0.7385715936483026,0.0023116929904961614
75,nowork_nowork,0.7694720479653584,N=50000,50000,5.633008241653442,0.7703021557955667,0.0008301078302083154
76,nowork_nowork,0.7990738876585464,N=50000,50000,5.633008241653442,0.7994939145822345,0.00042002692368814376
77,nowork_nowork,0.8243667573791083,N=50000,50000,5.633008241653442,0.8236762022520467,0.0006905551270615096
78,nowork_nowork,0.8475503062117236,N=50000,50000,5.633008241653442,0.8457002827284472,0.0018500234832763418
79,nowork_nowork,0.862716715465342,N=50000,50000,5.633008241653442,0.8631254343724154,0.000408718907073391
80,nowork_nowork,0.874422642819934,N=50000,50000,5.633008241653442,0.8769571626702023,0.002534519850268313
81,nowork_nowork,0.8840617251970544,N=50000,50000,5.633008241653442,0.8864407596823901,0.002379034485335718
82,nowork_nowork,0.8838563956252972,N=50000,50000,5.633008241653442,0.8854969254061261,0.0016405297808289587
83,nowork_nowork,0.8706505941694451,N=50000,50000,5.633008241653442,0.8716194687805389,0.0009688746110937396
84,nowork_nowork,0.18496142764197415,N=50000,50000,5.633008241653442,0.18495234420937404,9.08343260011546e-06
30,prob_work,0.68334,N=100000,100000,9.7276451587677,0.683829,0.0004890000000000727
31,prob_work,0.69531,N=100000,100000,9.7276451587677,0.696873,0.001562999999999981
32,prob_work,0.7110726643598616,N=100000,100000,9.7276451587677,0.7108331199897595,0.00023954437010209606
33,prob_work,0.721219334126754,N=100000,100000,9.7276451587677,0.7212743720402254,5.5037913471389643e-05
34,prob_work,0.7299235755441741,N=100000,100000,9.7276451587677,0.7294789014869237,0.00044467405725034936
35,prob_work,0.7373803067748617,N=100000,100000,9.7276451587677,0.7369026608878697,0.0004776458869919509
36,prob_work,0.7436965116861018,N=100000,100000,9.7276451587677,0.7436603621392094,3.614954689246108e-05
37,prob_work,0.7497271370923329,N=100000,100000,9.7276451587677,0.7500132646840052,0.00028612759167234714
38,prob_work,0.755707145075177,N=100000,100000,9.7276451587677,0.7552311333179101,0.00047601175726685874
39,prob_work,0.7603006765221749,N=100000,100000,9.7276451587677,0.7600280956011948,0.00027258092098014775
40,prob_work,0.7656314243022895,N=100000,100000,9.7276451587677,0.7655733332798598,5.8091022429707095e-05
41,prob_work,0.7694445838141588,N=100000,100000,9.7276451587677,0.7716119801621582,0.0021673963479993397
42,prob_work,0.7763193572683906,N=100000,100000,9.7276451587677,0.7763678719537298,4.85146853391738e-05
43,prob_work,0.7811353378167818,N=100000,100000,9.7276451587677,0.7807135333327972,0.00042180448398454473
44,prob_work,0.7848394271509516,N=100000,100000,9.7276451587677,0.784895719608658,5.6292457706441645e-05
45,prob_work,0.7919823486741355,N=100000,100000,9.7276451587677,0.7889726351041612,0.0030097135699743705
46,prob_work,0.7933010492332526,N=100000,100000,9.7276451587677,0.7924560472488291,0.000845001984423499
47,prob_work,0.7954393905716421,N=100000,100000,9.7276451587677,0.7966887878999178,0.0012493973282756698
48,prob_work,0.8011805443058481,N=100000,100000,9.7276451587677,0.799972259007723,0.0012082852981251113
49,prob_work,0.804699627641765,N=100000,100000,9.7276451587677,0.8029248249974638,0.0017748026443011877
50,prob_work,0.8034245391412216,N=100000,100000,9.7276451587677,0.8042378775430519,0.000813338401830288
51,prob_work,0.8016578641489427,N=100000,100000,9.7276451587677,0.8025957739657941,0.0009379098168513789
52,prob_work,0.7999386534430755,N=100000,100000,9.7276451587677,0.7987324336843784,0.001206219758697058
53,prob_work,0.7950719612650411,N=100000,100000,9.7276451587677,0.7934820861510491,0.0015898751139920009
54,prob_work,0.7840714888710442,N=100000,100000,9.7276451587677,0.784674223763665,0.0006027348926208598
55,prob_work,0.7758469188384522,N=100000,100000,9.7276451587677,0.7755647564665469,0.0002821623719053701
56,prob_work,0.7627213710724488,N=100000,100000,9.7276451587677,0.7632594802582918,0.000538109185843072
57,prob_work,0.7482124776885901,N=100000,100000,9.7276451587677,0.7489944785071087,0.0007820008185185356
58,prob_work,0.7321302973997208,N=100000,100000,9.7276451587677,0.7307244358608406,0.0014058615388802265
59,prob_work,0.7117903007772897,N=100000,100000,9.7276451587677,0.7097918840156904,0.0019984167615992865
60,prob_work,0.6878223602352366,N=100000,100000,9.7276451587677,0.6855956931966858,0.002226667038550789
61,prob_work,0.6602127955940812,N=100000,100000,9.7276451587677,0.6597356701530855,0.0004771254409956516
62,prob_work,0.6306251757022685,N=100000,100000,9.7276451587677,0.6292249382561057,0.0014002374461627998
63,prob_work,0.599307701547298,N=100000,100000,9.7276451587677,0.5988116141876395,0.0004960873596584481
64,prob_work,0.5628642062511037,N=100000,100000,9.7276451587677,0.5623299199519358,0.0005342862991678521
65,prob_work,0.5179135638446337,N=100000,100000,9.7276451587677,0.517231437007302,0.0006821268373317091
66,prob_work,0.4476271282312348,N=100000,100000,9.7276451587677,0.44552538654089346,0.00210174169034133
67,prob_work,0.3701887745728459,N=100000,100000,9.7276451587677,0.37107423299844333,0.0008854584255974518
68,prob_work,0.3247799388264961,N=100000,100000,9.7276451587677,0.32468857507409876,9.136375239732208e-05
69,prob_work,0.2890244192405545,N=100000,100000,9.7276451587677,0.28681176455207874,0.002212654688475757
70,prob_work,0.2512428761974051,N=100000,100000,9.7276451587677,0.2535312866358486,0.002288410438443522
71,prob_work,0.22205276992511036,N=100000,100000,9.7276451587677,0.2216758657780664,0.00037690414704397157
72,prob_work,0.19122392458774806,N=100000,100000,9.7276451587677,0.19313771804171365,0.0019137934539655843
73,prob_work,0.1690039788663492,N=100000,100000,9.7276451587677,0.16780046534436527,0.0012035135219839455
74,prob_work,0.14336773083951412,N=100000,100000,9.7276451587677,0.14563273773853128,0.0022650068990171524
75,prob_work,0.12436096910424539,N=100000,100000,9.7276451587677,0.12457173648270489,0.00021076737845950044
76,prob_work,0.10644245594316921,N=100000,100000,9.7276451587677,0.10751288990336536,0.0010704339601961405
77,prob_work,0.09310556863686129,N=100000,100000,9.7276451587677,0.0932165494225829,0.00011098078572160941
78,prob_work,0.07837507060817171,N=100000,100000,9.7276451587677,0.080256574888502,0.0018815042803302928
79,prob_work,0.07027767689107538,N=100000,100000,9.7276451587677,0.07151689038049786,0.0012392134894224777
80,prob_work,0.06355097844459547,N=100000,100000,9.7276451587677,0.06333574662212259,0.00021523182247287775
81,prob_work,0.06051718056767343,N=100000,100000,9.7276451587677,0.0601730461839719,0.00034413438370153177
82,prob_work,0.06195604657632238,N=100000,100000,9.7276451587677,0.06397020451654764,0.0020141579402252613
83,prob_work,0.0743573264781491,N=100000,100000,9.7276451587677,0.07691797767945924,0.0025606512013101324
84,prob_work,0.7989335444511713,N=100000,100000,9.7276451587677,0.799192605624801,0.0002590611736297266
30,hours_0,0.31666,N=100000,100000,9.7276451587677,0.316171,0.0004890000000000172
31,hours_0,0.30469,N=100000,100000,9.7276451587677,0.303127,0.0015630000000000366
32,hours_0,0.2889273356401384,N=100000,100000,9.7276451587677,0.2891668800102405,0.00023954437010209606
33,hours_0,0.27878066587324607,N=100000,100000,9.7276451587677,0.27872562795977457,5.5037913471500666e-05
34,hours_0,0.27007642445582586,N=100000,100000,9.7276451587677,0.2705210985130762,0.00044467405725034936
35,hours_0,0.26261969322513834,N=100000,100000,9.7276451587677,0.2630973391121303,0.0004776458869919509
36,hours_0,0.2563034883138982,N=100000,100000,9.7276451587677,0.25633963786079067,3.614954689246108e-05
37,hours_0,0.2502728629076672,N=100000,100000,9.7276451587677,0.2499867353159948,0.00028612759167240265
38,hours_0,0.24429285492482294,N=100000,100000,9.7276451587677,0.24476886668208991,0.00047601175726696976
39,hours_0,0.2396993234778251,N=100000,100000,9.7276451587677,0.23997190439880522,0.00027258092098012
40,hours_0,0.23436857569771058,N=100000,100000,9.7276451587677,0.2344266667201402,5.809102242962383e-05
41,hours_0,0.23055541618584116,N=100000,100000,9.7276451587677,0.2283880198378418,0.0021673963479993674
42,hours_0,0.22368064273160934,N=100000,100000,9.7276451587677,0.22363212804627017,4.85146853391738e-05
43,hours_0,0.21886466218321823,N=100000,100000,9.7276451587677,0.21928646666720272,0.0004218044839844892
44,hours_0,0.21516057284904844,N=100000,100000,9.7276451587677,0.21510428039134202,5.629245770641389e-05
45,hours_0,0.20801765132586444,N=100000,100000,9.7276451587677,0.2110273648958389,0.0030097135699744537
46,hours_0,0.20669895076674738,N=100000,100000,9.7276451587677,0.20754395275117082,0.0008450019844234435
47,hours_0,0.20456060942835783,N=100000,100000,9.7276451587677,0.20331121210008216,0.0012493973282756698
48,hours_0,0.19881945569415196,N=100000,100000,9.7276451587677,0.20002774099227708,0.0012082852981251113
49,hours_0,0.195300372358235,N=100000,100000,9.7276451587677,0.19707517500253627,0.001774802644301271
50,hours_0,0.19657546085877844,N=100000,100000,9.7276451587677,0.1957621224569481,0.0008133384018303436
51,hours_0,0.1983421358510573,N=100000,100000,9.7276451587677,0.1974042260342059,0.0009379098168514066
52,hours_0,0.20006134655692448,N=100000,100000,9.7276451587677,0.20126756631562157,0.0012062197586970858
53,hours_0,0.2049280387349589,N=100000,100000,9.7276451587677,0.20651791384895093,0.0015898751139920286
54,hours_0,0.21592851112895586,N=100000,100000,9.7276451587677,0.21532577623633503,0.000602734892620832
55,hours_0,0.22415308116154778,N=100000,100000,9.7276451587677,0.22443524353345315,0.0002821623719053701
56,hours_0,0.23727862892755128,N=100000,100000,9.7276451587677,0.23674051974170815,0.0005381091858431275
57,hours_0,0.2517875223114099,N=100000,100000,9.7276451587677,0.2510055214928914,0.0007820008185184801
58,hours_0,0.26786970260027926,N=100000,100000,9.7276451587677,0.26927556413915943,0.001405861538880171
59,hours_0,0.2882096992227104,N=100000,100000,9.7276451587677,0.2902081159843096,0.001998416761599231
60,hours_0,0.3121776397647634,N=100000,100000,9.7276451587677,0.3144043068033142,0.002226667038550789
61,hours_0,0.33978720440591886,N=100000,100000,9.7276451587677,0.3402643298469144,0.00047712544099554055
62,hours_0,0.36937482429773155,N=100000,100000,9.7276451587677,0.37077506174389435,0.0014002374461627998
63,hours_0,0.40069229845270204,N=100000,100000,9.7276451587677,0.4011883858123605,0.0004960873596584481
64,hours_0,0.43713579374889633,N=100000,100000,9.7276451587677,0.4376700800480642,0.0005342862991678521
65,hours_0,0.4820864361553662,N=100000,100000,9.7276451587677,0.48276856299269794,0.0006821268373317091
66,hours_0,0.5523728717687652,N=100000,100000,9.7276451587677,0.5544746134591065,0.0021017416903413855
67,hours_0,0.6298112254271542,N=100000,100000,9.7276451587677,0.6289257670015567,0.0008854584255975073
68,hours_0,0.675220061173504,N=100000,100000,9.7276451587677,0.6753114249259012,9.136375239726657e-05
69,hours_0,0.7109755807594456,N=100000,100000,9.7276451587677,0.7131882354479213,0.002212654688475757
70,hours_0,0.7487571238025948,N=100000,100000,9.7276451587677,0.7464687133641514,0.002288410438443411
71,hours_0,0.7779472300748896,N=100000,100000,9.7276451587677,0.7783241342219336,0.0003769041470439438
72,hours_0,0.8087760754122519,N=100000,100000,9.7276451587677,0.8068622819582864,0.0019137934539655843
73,hours_0,0.8309960211336508,N=100000,100000,9.7276451587677,0.8321995346556348,0.001203513521984001
74,hours_0,0.8566322691604858,N=100000,100000,9.7276451587677,0.8543672622614688,0.002265006899017097
75,hours_0,0.8756390308957546,N=100000,100000,9.7276451587677,0.8754282635172951,0.00021076737845948657
76,hours_0,0.8935575440568307,N=100000,100000,9.7276451587677,0.8924871100966346,0.0010704339601961266
77,hours_0,0.9068944313631387,N=100000,100000,9.7276451587677,0.9067834505774172,0.00011098078572158165
78,hours_0,0.9216249293918283,N=100000,100000,9.7276451587677,0.919743425111498,0.0018815042803302928
79,hours_0,0.9297223231089247,N=100000,100000,9.7276451587677,0.9284831096195022,0.0012392134894224638
80,hours_0,0.9364490215554045,N=100000,100000,9.7276451587677,0.9366642533778774,0.00021523182247285
81,hours_0,0.9394828194323266,N=100000,100000,9.7276451587677,0.9398269538160281,0.00034413438370151095
82,hours_0,0.9380439534236776,N=100000,100000,9.7276451587677,0.9360297954834523,0.002014157940225303
83,hours_0,0.9256426735218509,N=100000,100000,9.7276451587677,0.9230820223205407,0.0025606512013102156
84,hours_0,0.20106645554882877,N=100000,100000,9.7276451587677,0.200807394375199,0.00025906117362975434
30,hours_1,0.09494,N=100000,100000,9.7276451587677,0.094294,0.0006459999999999938
31,hours_1,0.08535,N=100000,100000,9.7276451587677,0.085412,6.20000000000065e-05
32,hours_1,0.08349500970058203,N=100000,100000,9.7276451587677,0.08316299182360753,0.0003320178769744969
33,hours_1,0.08081889007790857,N=100000,100000,9.7276451587677,0.08218109444775044,0.0013622043698418712
34,hours_1,0.0808258642765685,N=100000,100000,9.7276451587677,0.08203337951316125,0.0012075152365927516
35,hours_1,0.0811062305514143,N=100000,100000,9.7276451587677,0.08153246171146836,0.0004262311600540525
36,hours_1,0.08113708022621491,N=100000,100000,9.7276451587677,0.08040699379221379,0.0007300864340011176
37,hours_1,0.07939559614287002,N=100000,100000,9.7276451587677,0.07965317606590495,0.00025757992303493404
38,hours_1,0.0785828049403492,N=100000,100000,9.7276451587677,0.07878873462307698,0.00020592968272778456
39,hours_1,0.07823603106990729,N=100000,100000,9.7276451587677,0.07868070912335512,0.0004446780534478334
40,hours_1,0.07711669792115845,N=100000,100000,9.7276451587677,0.07756136590139345,0.0004446679802350001
41,hours_1,0.07725653504590839,N=100000,100000,9.7276451587677,0.07751727985182821,0.0002607448059198242
42,hours_1,0.07876475018830027,N=100000,100000,9.7276451587677,0.0771269919368605,0.0016377582514397748
43,hours_1,0.07669109442383666,N=100000,100000,9.7276451587677,0.07660090699301261,9.018743082404856e-05
44,hours_1,0.07619536447168464,N=100000,100000,9.7276451587677,0.07561095620797113,0.000584408263713504
45,hours_1,0.07590473120012896,N=100000,100000,9.7276451587677,0.07539174388367728,0.0005129873164516768
46,hours_1,0.07476795803066989,N=100000,100000,9.7276451587677,0.07457994426833525,0.00018801376233464062
47,hours_1,0.07398613833377114,N=100000,100000,9.7276451587677,0.07401063314829917,2.4494814528028264e-05
48,hours_1,0.07273610886116962,N=100000,100000,9.7276451587677,0.07350755486439312,0.0007714460032234999
49,hours_1,0.07434989498889012,N=100000,100000,9.7276451587677,0.07369179263467586,0.0006581023542142628
50,hours_1,0.07293414269590946,N=100000,100000,9.7276451587677,0.07363055485508366,0.0006964121591741951
51,hours_1,0.0730744917310712,N=100000,100000,9.7276451587677,0.07375321795427318,0.0006787262232019892
52,hours_1,0.07455651551556669,N=100000,100000,9.7276451587677,0.07344031363983569,0.0011162018757309988
53,hours_1,0.07498743370638983,N=100000,100000,9.7276451587677,0.07430048315424101,0.0006869505521488184
54,hours_1,0.07456709288199806,N=100000,100000,9.7276451587677,0.07520368738003246,0.0006365944980343957
55,hours_1,0.07623044876102261,N=100000,100000,9.7276451587677,0.07544873399003571,0.0007817147709869021
56,hours_1,0.07684237860296027,N=100000,100000,9.7276451587677,0.07668143174130924,0.00016094686165102345
57,hours_1,0.0772731542853564,N=100000,100000,9.7276451587677,0.07732073942897238,4.758514361598298e-05
58,hours_1,0.07856475503626954,N=100000,100000,9.7276451587677,0.07865339638711494,8.864135084539482e-05
59,hours_1,0.08139362960459615,N=100000,100000,9.7276451587677,0.07965782260937214,0.0017358069952240068
60,hours_1,0.08217327959333426,N=100000,100000,9.7276451587677,0.08094524836828831,0.0012280312250459446
61,hours_1,0.08224667573851643,N=100000,100000,9.7276451587677,0.08129553596046746,0.0009511397780489761
62,hours_1,0.08203403758406677,N=100000,100000,9.7276451587677,0.08149436458443816,0.000539672999628607
63,hours_1,0.07977811507004881,N=100000,100000,9.7276451587677,0.08124096500074848,0.0014628499306996723
64,hours_1,0.080787568426629,N=100000,100000,9.7276451587677,0.07979846618720292,0.0009891022394260818
65,hours_1,0.08329890922082417,N=100000,100000,9.7276451587677,0.0818110498447729,0.0014878593760512676
66,hours_1,0.1269415690932745,N=100000,100000,9.7276451587677,0.1268823242380981,5.9244855176415756e-05
67,hours_1,0.11945388572478413,N=100000,100000,9.7276451587677,0.11935296719456363,0.0001009185302204979
68,hours_1,0.11019402741133344,N=100000,100000,9.7276451587677,0.11034090683576399,0.0001468794244305488
69,hours_1,0.10237297001688185,N=100000,100000,9.7276451587677,0.10092951228237397,0.0014434577345078803
70,hours_1,0.09203346671516915,N=100000,100000,9.7276451587677,0.09325191158053492,0.0012184448653657642
71,hours_1,0.08511878192729257,N=100000,100000,9.7276451587677,0.08468304579397791,0.000435736133314657
72,hours_1,0.07492949157710191,N=100000,100000,9.7276451587677,0.07614824296729755,0.0012187513901956437
73,hours_1,0.06934968364751158,N=100000,100000,9.7276451587677,0.0690647725968511,0.0002849110506604746
74,hours_1,0.06055842201440396,N=100000,100000,9.7276451587677,0.06197446529489064,0.0014160432804866813
75,hours_1,0.054373194043120694,N=100000,100000,9.7276451587677,0.05439970891274187,2.6514869621178938e-05
76,hours_1,0.047940172048588595,N=100000,100000,9.7276451587677,0.04866172685797618,0.000721554809387584
77,hours_1,0.042953342231954045,N=100000,100000,9.7276451587677,0.04358538810592783,0.0006320458739737869
78,hours_1,0.03654365154082721,N=100000,100000,9.7276451587677,0.0380011522636329,0.0014575007228056838
79,hours_1,0.033991481493710174,N=100000,100000,9.7276451587677,0.034203371307731295,0.00021188981402112117
80,hours_1,0.029257497342603727,N=100000,100000,9.7276451587677,0.029938155840304247,0.0006806584977005203
81,hours_1,0.027065659284560693,N=100000,100000,9.7276451587677,0.027679601244627077,0.0006139419600663838
82,hours_1,0.0265071732305369,N=100000,100000,9.7276451587677,0.02794616335528574,0.0014389901247488408
83,hours_1,0.03883890317052271,N=100000,100000,9.7276451587677,0.0398639127022652,0.0010250095317424907
84,hours_1,0.2000651981558236,N=100000,100000,9.7276451587677,0.19952216383551838,0.0005430343203052246
30,hours_2,0.08129,N=100000,100000,9.7276451587677,0.082324,0.0010339999999999933
31,hours_2,0.07957,N=100000,100000,9.7276451587677,0.07898,0.0005900000000000072
32,hours_2,0.07794467668060083,N=100000,100000,9.7276451587677,0.07759972478678977,0.00034495189381106295
33,hours_2,0.07632839612357359,N=100000,100000,9.7276451587677,0.07768948808089092,0.0013610919573173313
34,hours_2,0.0772247119078105,N=100000,100000,9.7276451587677,0.07759711517782568,0.00037240327001518414
35,hours_2,0.07771429714937514,N=100000,100000,9.7276451587677,0.0771153238167273,0.0005989733326478425
36,hours_2,0.07670286772433813,N=100000,100000,9.7276451587677,0.07655802623822967,0.00014484148610845182
37,hours_2,0.07637157419367759,N=100000,100000,9.7276451587677,0.07647065301288526,9.907881920767636e-05
38,hours_2,0.0777213490799451,N=100000,100000,9.7276451587677,0.07581925962425375,0.0019020894556913553
39,hours_2,0.07475820596341769,N=100000,100000,9.7276451587677,0.07593527591102793,0.001177069947610243
40,hours_2,0.07581303462730273,N=100000,100000,9.7276451587677,0.07577267595635757,4.035867094515089e-05
41,hours_2,0.07695549646279665,N=100000,100000,9.7276451587677,0.07576446225020844,0.0011910342125882045
42,hours_2,0.07451669595782073,N=100000,100000,9.7276451587677,0.0759190272017994,0.0014023312439786634
43,hours_2,0.07473084230525649,N=100000,100000,9.7276451587677,0.07525609687457284,0.0005252545693163468
44,hours_2,0.07473606875798838,N=100000,100000,9.7276451587677,0.075206452735983,0.0004703839779946206
45,hours_2,0.07543120818892561,N=100000,100000,9.7276451587677,0.07475902952902073,0.0006721786599048762
46,hours_2,0.07361783696529459,N=100000,100000,9.7276451587677,0.07514291075871336,0.001525073793418777
47,hours_2,0.0754208005819475,N=100000,100000,9.7276451587677,0.07490902402816642,0.000511776553781082
48,hours_2,0.07529766726065122,N=100000,100000,9.7276451587677,0.07411400940358892,0.0011836578570623008
49,hours_2,0.07260478282484958,N=100000,100000,9.7276451587677,0.07404788475195292,0.0014431019271033407
50,hours_2,0.0721105450995943,N=100000,100000,9.7276451587677,0.07357157964094263,0.0014610345413483272
51,hours_2,0.0725035176084341,N=100000,100000,9.7276451587677,0.07296306680600514,0.0004595491975710464
52,hours_2,0.07142784111241757,N=100000,100000,9.7276451587677,0.07207314990638457,0.0006453087939670005
53,hours_2,0.07184842485356421,N=100000,100000,9.7276451587677,0.07124601261803112,0.0006024122355330896
54,hours_2,0.06975930158337966,N=100000,100000,9.7276451587677,0.06954925156730128,0.00021005001607837803
55,hours_2,0.06925247847166945,N=100000,100000,9.7276451587677,0.06847911285202274,0.000773365619646707
56,hours_2,0.06622695403791223,N=100000,100000,9.7276451587677,0.0668812173291559,0.0006542632912436702
57,hours_2,0.06508146926505433,N=100000,100000,9.7276451587677,0.0651354478172979,5.397855224356651e-05
58,hours_2,0.0628287090983529,N=100000,100000,9.7276451587677,0.06350116519271626,0.0006724560943633523
59,hours_2,0.06107426495437648,N=100000,100000,9.7276451587677,0.06140526119406929,0.0003309962396928143
60,hours_2,0.059032467325300694,N=100000,100000,9.7276451587677,0.059211093616763064,0.0001786262914623693
61,hours_2,0.0556204395204063,N=100000,100000,9.7276451587677,0.05681085471084967,0.0011904151904433696
62,hours_2,0.05267824319356443,N=100000,100000,9.7276451587677,0.05319174266053954,0.000513499466975112
63,hours_2,0.050797671955360946,N=100000,100000,9.7276451587677,0.05031736544611999,0.00048030650924095475
64,hours_2,0.04705986226381777,N=100000,100000,9.7276451587677,0.047126530720432575,6.666845661480736e-05
65,hours_2,0.04626600721231676,N=100000,100000,9.7276451587677,0.04649548846804601,0.00022948125572925387
66,hours_2,0.047672379659483004,N=100000,100000,9.7276451587677,0.047592900576598894,7.947908288410965e-05
67,hours_2,0.039040970053279445,N=100000,100000,9.7276451587677,0.040374065840642896,0.0013330957873634516
68,hours_2,0.034882906441896844,N=100000,100000,9.7276451587677,0.03438836272963612,0.0004945437122607227
69,hours_2,0.029899897757804883,N=100000,100000,9.7276451587677,0.029828537607750807,7.136015005407628e-05
70,hours_2,0.026021583606159814,N=100000,100000,9.7276451587677,0.025701923158523887,0.0003196604476359277
71,hours_2,0.022590884293011954,N=100000,100000,9.7276451587677,0.02203573402465048,0.0005551502683614727
72,hours_2,0.017519119851614706,N=100000,100000,9.7276451587677,0.018737364501742303,0.0012182446501275979
73,hours_2,0.015432783249624943,N=100000,100000,9.7276451587677,0.015576254916895339,0.0001434716672703961
74,hours_2,0.013530581532838868,N=100000,100000,9.7276451587677,0.013023989508788808,0.0005065920240500607
75,hours_2,0.0109468770837964,N=100000,100000,9.7276451587677,0.011121310892579636,0.00017443380878323644
76,hours_2,0.00906353117480079,N=100000,100000,9.7276451587677,0.008883874147277773,0.00017965702752301659
77,hours_2,0.007348860926556384,N=100000,100000,9.7276451587677,0.007475810904900243,0.00012694997834385852
78,hours_2,0.006386116864369547,N=100000,100000,9.7276451587677,0.006249538859070623,0.00013657800529892454
79,hours_2,0.004969128669065936,N=100000,100000,9.7276451587677,0.005203389466768137,0.0002342607977022012
80,hours_2,0.004426089532472511,N=100000,100000,9.7276451587677,0.004336941636209799,8.914789626271197e-05
81,hours_2,0.003397130074811116,N=100000,100000,9.7276451587677,0.0037197883095546266,0.0003226582347435106
82,hours_2,0.0034773278225966697,N=100000,100000,9.7276451587677,0.0036212544819224993,0.00014392665932582956
83,hours_2,0.004391602399314481,N=100000,100000,9.7276451587677,0.004593267057422253,0.0002016646581077721
84,hours_2,0.19932007637498253,N=100000,100000,9.7276451587677,0.19972203693933852,0.00040196056435598537
30,hours_3,0.09026,N=100000,100000,9.7276451587677,0.088833,0.0014270000000000116
31,hours_3,0.08638,N=100000,100000,9.7276451587677,0.088053,0.0016730000000000078
32,hours_3,0.08719523171390284,N=100000,100000,9.7276451587677,0.08883626414067876,0.0016410324267759208
33,hours_3,0.08792967226394903,N=100000,100000,9.7276451587677,0.0891830397103609,0.001253367446411871
34,hours_3,0.08890845070422536,N=100000,100000,9.7276451587677,0.08942448597850387,0.0005160352742785146
35,hours_3,0.09017139769668711,N=100000,100000,9.7276451587677,0.09017164307524841,2.453785613032444e-07
36,hours_3,0.09077623742555428,N=100000,100000,9.7276451587677,0.09027159940313982,0.0005046380224144609
37,hours_3,0.09052039212152162,N=100000,100000,9.7276451587677,0.09046414380719456,5.6248314327059235e-05
38,hours_3,0.08971161262533682,N=100000,100000,9.7276451587677,0.0911163122826099,0.0014046996572730786
39,hours_3,0.08993234778251065,N=100000,100000,9.7276451587677,0.09114437471756606,0.001212026935055413
40,hours_3,0.09107592334459833,N=100000,100000,9.7276451587677,0.0912933712193371,0.00021744787473877702
41,hours_3,0.09196728714063519,N=100000,100000,9.7276451587677,0.0917876431877401,0.0001796439528950894
42,hours_3,0.09152899824253076,N=100000,100000,9.7276451587677,0.09141170209561297,0.00011729614691778634
43,hours_3,0.0904028066789308,N=100000,100000,9.7276451587677,0.09139884374472328,0.0009960370657924739
44,hours_3,0.09078832160864708,N=100000,100000,9.7276451587677,0.09152444478879787,0.0007361231801507884
45,hours_3,0.09227653743854276,N=100000,100000,9.7276451587677,0.09182115945912998,0.0004553779794127799
46,hours_3,0.09077885391444714,N=100000,100000,9.7276451587677,0.09177261803631638,0.000993764121869245
47,hours_3,0.09082826486694012,N=100000,100000,9.7276451587677,0.09215833103430156,0.001330066167361435
48,hours_3,0.09241859711647497,N=100000,100000,9.7276451587677,0.0923299193688823,8.867774759267755e-05
49,hours_3,0.09306926674851107,N=100000,100000,9.7276451587677,0.09234655574718474,0.0007227110013263288
50,hours_3,0.09223276291573884,N=100000,100000,9.7276451587677,0.09212030130233542,0.00011246161340341954
51,hours_3,0.09091743306348009,N=100000,100000,9.7276451587677,0.09096016108887926,4.272802539917464e-05
52,hours_3,0.08907520065436328,N=100000,100000,9.7276451587677,0.08901595910575016,5.9241548613114814e-05
53,hours_3,0.08691771898690027,N=100000,100000,9.7276451587677,0.08673075206461482,0.00018696692228545309
54,hours_3,0.08369880783247885,N=100000,100000,9.7276451587677,0.08385782662064306,0.00015901878816421133
55,hours_3,0.08180248725874315,N=100000,100000,9.7276451587677,0.08079073143795486,0.0010117558207882876
56,hours_3,0.07816151648922358,N=100000,100000,9.7276451587677,0.07807344862834396,8.806786087961482e-05
57,hours_3,0.07480976587372003,N=100000,100000,9.7276451587677,0.07427807106938203,0.0005316948043379982
58,hours_3,0.06988316064623815,N=100000,100000,9.7276451587677,0.07065510190579109,0.0007719412595529468
59,hours_3,0.06661879013180129,N=100000,100000,9.7276451587677,0.06647471246507881,0.00014407766672247524
60,hours_3,0.06360533004370807,N=100000,100000,9.7276451587677,0.06208009572566591,0.0015252343180421554
61,hours_3,0.0569276430691425,N=100000,100000,9.7276451587677,0.05800386871267137,0.0010762256435288761
62,hours_3,0.05372705058062842,N=100000,100000,9.7276451587677,0.05288545831177799,0.0008415922688504301
63,hours_3,0.04825342054401118,N=100000,100000,9.7276451587677,0.048515555769232874,0.00026213522522169214
64,hours_3,0.04495188062864206,N=100000,100000,9.7276451587677,0.04461840221943419,0.0003334784092078741
65,hours_3,0.04212394913418705,N=100000,100000,9.7276451587677,0.04162969453006086,0.000494254604126193
66,hours_3,0.03367837547372589,N=100000,100000,9.7276451587677,0.03283432376712786,0.0008440517065980285
67,hours_3,0.025548870108396106,N=100000,100000,9.7276451587677,0.026696996329421498,0.0011481262210253917
68,hours_3,0.022578159658175535,N=100000,100000,9.7276451587677,0.022553573492313458,2.4586165862077597e-05
69,hours_3,0.019021803742539888,N=100000,100000,9.7276451587677,0.018666308537227436,0.0003554952053124519
70,hours_3,0.01607857402691888,N=100000,100000,9.7276451587677,0.016047941360819842,3.0632666099036227e-05
71,hours_3,0.014320785597381341,N=100000,100000,9.7276451587677,0.01299689452539277,0.001323891071988572
72,hours_3,0.010696953527961989,N=100000,100000,9.7276451587677,0.010810652931435596,0.00011369940347360705
73,hours_3,0.00919705172526254,N=100000,100000,9.7276451587677,0.008727815281241197,0.0004692364440213436
74,hours_3,0.006651080296678491,N=100000,100000,9.7276451587677,0.007044751572741125,0.00039367127606263364
75,hours_3,0.005362302733940876,N=100000,100000,9.7276451587677,0.005250958602003447,0.00011134413193742906
76,hours_3,0.004755111745126011,N=100000,100000,9.7276451587677,0.004442657582491059,0.0003124541626349517
77,hours_3,0.003584444411116277,N=100000,100000,9.7276451587677,0.003469304458476387,0.00011513995263988993
78,hours_3,0.00291847109772171,N=100000,100000,9.7276451587677,0.00269070826537228,0.00022776283234942967
79,hours_3,0.0022782051705352133,N=100000,100000,9.7276451587677,0.002231910710365013,4.629446017020023e-05
80,hours_3,0.0018471082300869535,N=100000,100000,9.7276451587677,0.0018614307022670378,1.4322472180084301e-05
81,hours_3,0.0016892832612448718,N=100000,100000,9.7276451587677,0.0016392287465833949,5.005451466147696e-05
82,hours_3,0.0017684695783491634,N=100000,100000,9.7276451587677,0.0015437457462661394,0.00022472383208302403
83,hours_3,0.001392459297343616,N=100000,100000,9.7276451587677,0.0016700845306549254,0.0002776252333113094
84,hours_3,0.19904065570716714,N=100000,100000,9.7276451587677,0.20001952248921034,0.0009788667820432029
30,hours_4,0.41685,N=100000,100000,9.7276451587677,0.418378,0.0015280000000000293
31,hours_4,0.44401,N=100000,100000,9.7276451587677,0.444428,0.00041799999999997395
32,hours_4,0.4624377462647759,N=100000,100000,9.7276451587677,0.46123413923868345,0.001203607026092457
33,hours_4,0.4761423756613227,N=100000,100000,9.7276451587677,0.47222074980122314,0.003921625860099587
34,hours_4,0.48296454865556976,N=100000,100000,9.7276451587677,0.48042392081743296,0.0025406278381367997
35,hours_4,0.4883883813773851,N=100000,100000,9.7276451587677,0.4880832322844257,0.0003051490929594225
36,hours_4,0.4950803263099945,N=100000,100000,9.7276451587677,0.49642374270562606,0.0013434163956315692
37,hours_4,0.5034395746342636,N=100000,100000,9.7276451587677,0.5034252917980204,1.42828362431624e-05
38,hours_4,0.5096913784295459,N=100000,100000,9.7276451587677,0.5095068267879694,0.0001845516415764914
39,hours_4,0.5173740917063393,N=100000,100000,9.7276451587677,0.5142677358492457,0.0031063558570936234
40,hours_4,0.5216257684092299,N=100000,100000,9.7276451587677,0.5209459202027716,0.0006798482064582778
41,hours_4,0.5232652651648186,N=100000,100000,9.7276451587677,0.5265425948723814,0.0032773297075627816
42,hours_4,0.5315089128797389,N=100000,100000,9.7276451587677,0.531910150719457,0.0004012378397181271
43,hours_4,0.5393105944087578,N=100000,100000,9.7276451587677,0.5374576857204886,0.0018529086882692614
44,hours_4,0.5431196723126315,N=100000,100000,9.7276451587677,0.5425538658759059,0.0005658064367255466
45,hours_4,0.5483698718465383,N=100000,100000,9.7276451587677,0.5470007022323331,0.0013691696142051901
46,hours_4,0.554136400322841,N=100000,100000,9.7276451587677,0.5509605741854642,0.0031758261373767693
47,hours_4,0.5552041867889834,N=100000,100000,9.7276451587677,0.5556107996891507,0.00040661290016730245
48,hours_4,0.5607281710675522,N=100000,100000,9.7276451587677,0.5600207753708586,0.0007073956966936468
49,hours_4,0.5646756830795142,N=100000,100000,9.7276451587677,0.5628385918636502,0.0018370912158640618
50,hours_4,0.566147088429979,N=100000,100000,9.7276451587677,0.5649154417446902,0.0012316466852887453
51,hours_4,0.5651624217459573,N=100000,100000,9.7276451587677,0.5649193281166365,0.00024309362932084522
52,hours_4,0.564879096160728,N=100000,100000,9.7276451587677,0.564203011032408,0.0006760851283199587
53,hours_4,0.5613183837181868,N=100000,100000,9.7276451587677,0.5612048383141621,0.00011354540402463975
54,hours_4,0.5560462865731876,N=100000,100000,9.7276451587677,0.5560634581956881,1.7171622500589123e-05
55,hours_4,0.548561504347017,N=100000,100000,9.7276451587677,0.5508461781865336,0.002284673839516582
56,hours_4,0.5414905219423526,N=100000,100000,9.7276451587677,0.5416233825594827,0.0001328606171301372
57,hours_4,0.5310480882644594,N=100000,100000,9.7276451587677,0.5322602201914564,0.0012121319269969844
58,hours_4,0.5208536726188602,N=100000,100000,9.7276451587677,0.5179147723752183,0.002938900243641851
59,hours_4,0.5027036160865157,N=100000,100000,9.7276451587677,0.5022540877471701,0.0004495283393456395
60,hours_4,0.48301128327289355,N=100000,100000,9.7276451587677,0.48335925548596853,0.0003479722130749763
61,hours_4,0.46541803726601594,N=100000,100000,9.7276451587677,0.4636254107690971,0.0017926264969188588
62,hours_4,0.4421858443440088,N=100000,100000,9.7276451587677,0.44165337269935,0.0005324716446588051
63,hours_4,0.420478493977877,N=100000,100000,9.7276451587677,0.4187377279715382,0.001740766006338823
64,hours_4,0.39006489493201485,N=100000,100000,9.7276451587677,0.39078652082486615,0.0007216258928512964
65,hours_4,0.3462246982773058,N=100000,100000,9.7276451587677,0.3472952041644223,0.0010705058871164908
66,hours_4,0.2393348040047514,N=100000,100000,9.7276451587677,0.23821583795906862,0.00111896604568279
67,hours_4,0.18614504868638618,N=100000,100000,9.7276451587677,0.18465020363381526,0.0014948450525709145
68,hours_4,0.15712484531509024,N=100000,100000,9.7276451587677,0.1574057320163852,0.00028088670129494675
69,hours_4,0.13772974772332786,N=100000,100000,9.7276451587677,0.1373874061247265,0.00034234159860135893
70,hours_4,0.11710925184915727,N=100000,100000,9.7276451587677,0.11852951053596997,0.0014202586868126976
71,hours_4,0.10002231810742448,N=100000,100000,9.7276451587677,0.10196019143404522,0.001937873326620737
72,hours_4,0.08807835963106944,N=100000,100000,9.7276451587677,0.0874414576412382,0.00063690198983124
73,hours_4,0.07502446024395017,N=100000,100000,9.7276451587677,0.07443162254937763,0.0005928376945725372
74,hours_4,0.06262764699559283,N=100000,100000,9.7276451587677,0.06358953136211071,0.0009618843665178817
75,hours_4,0.05367859524338742,N=100000,100000,9.7276451587677,0.053799758075379935,0.0001211628319925176
76,hours_4,0.04468364097465381,N=100000,100000,9.7276451587677,0.045524631315620345,0.0008409903409665326
77,hours_4,0.039218921067234576,N=100000,100000,9.7276451587677,0.03868604595327843,0.0005328751139561452
78,hours_4,0.03252683110525325,N=100000,100000,9.7276451587677,0.03331517550042621,0.0007883443951729602
79,hours_4,0.029038861557764056,N=100000,100000,9.7276451587677,0.029878218895633413,0.0008393573378693564
80,hours_4,0.028020283339432274,N=100000,100000,9.7276451587677,0.027199218443341503,0.0008210648960907709
81,hours_4,0.02836510794705675,N=100000,100000,9.7276451587677,0.027134427883206805,0.001230680063849944
82,hours_4,0.030203075944839647,N=100000,100000,9.7276451587677,0.030859040933073265,0.0006559649882336184
83,hours_4,0.029734361610968294,N=100000,100000,9.7276451587677,0.030790713389116865,0.0010563517781485704
84,hours_4,0.20050761421319796,N=100000,100000,9.7276451587677,0.19992888236073378,0.0005787318524641816
30,work_work,0.56062,N=100000,100000,9.7276451587677,0.561155,0.0005349999999999522
31,work_work,0.54499,N=100000,100000,9.7276451587677,0.545674,0.0006840000000000179
32,work_work,0.5613636818209092,N=100000,100000,9.7276451587677,0.5618879706225899,0.0005242888016806502
33,work_work,0.5770934802828311,N=100000,100000,9.7276451587677,0.576458821940962,0.0006346583418691543
34,work_work,0.5880981914212549,N=100000,100000,9.7276451587677,0.5881586252081843,6.0433786929436906e-05
35,work_work,0.5991114935513242,N=100000,100000,9.7276451587677,0.5977232980762689,0.0013881954750553094
36,work_work,0.6074771032480857,N=100000,100000,9.7276451587677,0.6065066166013997,0.0009704866466859752
37,work_work,0.6147976809156178,N=100000,100000,9.7276451587677,0.6150939089572156,0.00029622804159779026
38,work_work,0.6229127225010267,N=100000,100000,9.7276451587677,0.6223168314650178,0.0005958910360088776
39,work_work,0.6283638185918317,N=100000,100000,9.7276451587677,0.6286681342376563,0.00030431564582467097
40,work_work,0.6351848694832479,N=100000,100000,9.7276451587677,0.6353869846738147,0.00020211519056678728
41,work_work,0.6423862325021323,N=100000,100000,9.7276451587677,0.6430753671435494,0.0006891346414170663
42,work_work,0.6478433341702234,N=100000,100000,9.7276451587677,0.6498107220676982,0.0019673878974747483
43,work_work,0.6556188867778482,N=100000,100000,9.7276451587677,0.6554893983130573,0.00012948846479088338
44,work_work,0.6607288427281784,N=100000,100000,9.7276451587677,0.6609969098752178,0.0002680671470393081
45,work_work,0.6676069960506166,N=100000,100000,9.7276451587677,0.6666058804149719,0.001001115635644645
46,work_work,0.6745258272800646,N=100000,100000,9.7276451587677,0.6713930293045245,0.0031327979755401136
47,work_work,0.6754026147224635,N=100000,100000,9.7276451587677,0.6768996318517463,0.0014970171292827406
48,work_work,0.6807670500566986,N=100000,100000,9.7276451587677,0.6812114511576296,0.0004444011009310245
49,work_work,0.6885076247197167,N=100000,100000,9.7276451587677,0.6854377599675358,0.003069864752180962
50,work_work,0.6893918596020295,N=100000,100000,9.7276451587677,0.6886657772933223,0.0007260823087071877
51,work_work,0.687065396928975,N=100000,100000,9.7276451587677,0.6879800168225728,0.0009146198935978678
52,work_work,0.6856500178927458,N=100000,100000,9.7276451587677,0.6844704720242715,0.001179545868474352
53,work_work,0.6804673635403096,N=100000,100000,9.7276451587677,0.6783787194617072,0.0020886440786023197
54,work_work,0.6695801676035168,N=100000,100000,9.7276451587677,0.6687886676497483,0.0007914999537684819
55,work_work,0.6576142578024046,N=100000,100000,9.7276451587677,0.6569064395576669,0.0007078182447376458
56,work_work,0.6442690210334978,N=100000,100000,9.7276451587677,0.6428209326097616,0.0014480884237362268
57,work_work,0.6247612287715416,N=100000,100000,9.7276451587677,0.6255387841021101,0.0007775553305684468
58,work_work,0.604352344660347,N=100000,100000,9.7276451587677,0.6050842099846356,0.0007318653242885942
59,work_work,0.5820378506252112,N=100000,100000,9.7276451587677,0.5803898065554051,0.0016480440698061205
60,work_work,0.5542734997288186,N=100000,100000,9.7276451587677,0.5532756126304225,0.0009978870983960997
61,work_work,0.5235243064856583,N=100000,100000,9.7276451587677,0.523296495092228,0.00022781139343031054
62,work_work,0.49022554765045523,N=100000,100000,9.7276451587677,0.4902313691451528,5.821494697577645e-06
63,work_work,0.4567968639098483,N=100000,100000,9.7276451587677,0.45643914767518473,0.0003577162346635743
64,work_work,0.41975322267349463,N=100000,100000,9.7276451587677,0.41944832217137,0.0003049005021246165
65,work_work,0.3729303665330639,N=100000,100000,9.7276451587677,0.3722812907205711,0.0006490758124927942
66,work_work,0.306646303523955,N=100000,100000,9.7276451587677,0.30435885214591474,0.0022874513780402617
67,work_work,0.2361404556310858,N=100000,100000,9.7276451587677,0.23377047108629592,0.0023699845447898715
68,work_work,0.18185108221065166,N=100000,100000,9.7276451587677,0.18382096291618172,0.0019698807055300582
69,work_work,0.1520674322942673,N=100000,100000,9.7276451587677,0.1505391551552218,0.0015282771390455197
70,work_work,0.12443312719776889,N=100000,100000,9.7276451587677,0.12422757840602007,0.00020554879174881913
71,work_work,0.10007191390170113,N=100000,100000,9.7276451587677,0.10116833258567318,0.0010964186839720474
72,work_work,0.08060827806997485,N=100000,100000,9.7276451587677,0.0812024422703768,0.0005941642004019532
73,work_work,0.06517513534668319,N=100000,100000,9.7276451587677,0.06500735577976482,0.00016777956691836626
74,work_work,0.0521740298828335,N=100000,100000,9.7276451587677,0.0519535312438696,0.0002204986389638952
75,work_work,0.04002278284063125,N=100000,100000,9.7276451587677,0.04049945907210381,0.00047667623147255866
76,work_work,0.031614288390322626,N=100000,100000,9.7276451587677,0.03153379042414915,8.049796617347338e-05
77,work_work,0.02405627127795192,N=100000,100000,9.7276451587677,0.024478703992701255,0.00042243271474933647
78,work_work,0.018813155086926506,N=100000,100000,9.7276451587677,0.019208580125493126,0.00039542503856662
79,work_work,0.014511176412322118,N=100000,100000,9.7276451587677,0.014868949532734965,0.0003577731204128468
80,work_work,0.01172739470611811,N=100000,100000,9.7276451587677,0.012009455439930917,0.0002820607338128063
81,work_work,0.010265644433718836,N=100000,100000,9.7276451587677,0.009942923686855388,0.0003227207468634481
82,work_work,0.00894170011524858,N=100000,100000,9.7276451587677,0.00966726127995968,0.0007255611647111002
83,work_work,0.012060839760068552,N=100000,100000,9.7276451587677,0.012511734428760524,0.0004508946686919719
84,work_work,0.05886462068644344,N=100000,100000,9.7276451587677,0.06095432434756538,0.0020897036611219402
30,nowork_nowork,0.13653,N=100000,100000,9.7276451587677,0.136219,0.0003110000000000057
31,nowork_nowork,0.16634,N=100000,100000,9.7276451587677,0.164972,0.0013679999999999803
32,nowork_nowork,0.1549892993579615,N=100000,100000,9.7276451587677,0.15418140070723393,0.0008078986507275565
33,nowork_nowork,0.14479592755203072,N=100000,100000,9.7276451587677,0.1443534877208423,0.00044243983118841257
34,nowork_nowork,0.1369538252240717,N=100000,100000,9.7276451587677,0.1374041601856529,0.00045033496158120023
35,nowork_nowork,0.1318051289234864,N=100000,100000,9.7276451587677,0.13133856786684756,0.00046656105663883674
36,nowork_nowork,0.12636004203993795,N=100000,100000,9.7276451587677,0.1259340951873895,0.0004259468525484589
37,nowork_nowork,0.12136141067619935,N=100000,100000,9.7276451587677,0.12142441682943018,6.300615323083514e-05
38,nowork_nowork,0.11750858951628251,N=100000,100000,9.7276451587677,0.11708444626051459,0.00042414325576792256
39,nowork_nowork,0.11231270358306189,N=100000,100000,9.7276451587677,0.11341244322514256,0.0010997396420806688
40,nowork_nowork,0.10923695584592706,N=100000,100000,9.7276451587677,0.10977182171654078,0.0005348658706137155
41,nowork_nowork,0.10733028949877076,N=100000,100000,9.7276451587677,0.10588142043442185,0.0014488690643489066
42,nowork_nowork,0.10206377102686418,N=100000,100000,9.7276451587677,0.1018465894827742,0.00021718154408997825
43,nowork_nowork,0.09821365742835027,N=100000,100000,9.7276451587677,0.09839627875561845,0.0001826213272681787
44,nowork_nowork,0.0947837726316637,N=100000,100000,9.7276451587677,0.09540445819174874,0.0006206855600850436
45,nowork_nowork,0.09074514387039574,N=100000,100000,9.7276451587677,0.09274101329002397,0.0019958694196282323
46,nowork_nowork,0.0892453591606134,N=100000,100000,9.7276451587677,0.08997576620950021,0.0007304070488868136
47,nowork_nowork,0.08664551718563722,N=100000,100000,9.7276451587677,0.08773913720116376,0.0010936200155265419
48,nowork_nowork,0.08416693665964685,N=100000,100000,9.7276451587677,0.08454927974664576,0.0003823430869989153
49,nowork_nowork,0.08261888576617527,N=100000,100000,9.7276451587677,0.08255351526833722,6.537049783804372e-05
50,nowork_nowork,0.08129213311777446,N=100000,100000,9.7276451587677,0.08148442647621063,0.0001922933584361658
51,nowork_nowork,0.08203674626317829,N=100000,100000,9.7276451587677,0.08113373945403105,0.0009030068091472471
52,nowork_nowork,0.08407545626501713,N=100000,100000,9.7276451587677,0.08312805426116407,0.0009474020038530567
53,nowork_nowork,0.08544053835027646,N=100000,100000,9.7276451587677,0.08616746542558922,0.0007269270753127582
54,nowork_nowork,0.09044206971812135,N=100000,100000,9.7276451587677,0.09063161623567598,0.00018954651755462293
55,nowork_nowork,0.0978156368560884,N=100000,100000,9.7276451587677,0.09667505640843221,0.001140580447656192
56,nowork_nowork,0.10555180472604518,N=100000,100000,9.7276451587677,0.10400651547008619,0.0015452892559589954
57,nowork_nowork,0.11372295230838282,N=100000,100000,9.7276451587677,0.11327413669245034,0.0004488156159324769
58,nowork_nowork,0.12392529839700185,N=100000,100000,9.7276451587677,0.12539132936989275,0.0014660309728909
59,nowork_nowork,0.1378949814126394,N=100000,100000,9.7276451587677,0.13984117269641747,0.0019461912837780704
60,nowork_nowork,0.15476481660693586,N=100000,100000,9.7276451587677,0.15790902442218085,0.0031442078152449926
61,nowork_nowork,0.17555100772535867,N=100000,100000,9.7276451587677,0.17792859725370752,0.00237758952834885
62,nowork_nowork,0.19955452717168004,N=100000,100000,9.7276451587677,0.20131107017699557,0.001756543005315525
63,nowork_nowork,0.22690791557016346,N=100000,100000,9.7276451587677,0.22842554177215466,0.0015176262019911957
64,nowork_nowork,0.25762625816704926,N=100000,100000,9.7276451587677,0.25820801894294143,0.0005817607758921706
65,nowork_nowork,0.29226629749131955,N=100000,100000,9.7276451587677,0.292677393615238,0.00041109612391843076
66,nowork_nowork,0.34101476327846597,N=100000,100000,9.7276451587677,0.34161984324389805,0.000605079965432076
67,nowork_nowork,0.41793358442035644,N=100000,100000,9.7276451587677,0.417177618087508,0.0007559663328484678
68,nowork_nowork,0.48693642158350653,N=100000,100000,9.7276451587677,0.4880513922629102,0.0011149706794036929
69,nowork_nowork,0.5381743823858097,N=100000,100000,9.7276451587677,0.5390897886758996,0.000915406290089904
70,nowork_nowork,0.5841154359160907,N=100000,100000,9.7276451587677,0.5839198099997454,0.00019562591634536552
71,nowork_nowork,0.6270272280910579,N=100000,100000,9.7276451587677,0.6260740902297753,0.0009531378612825936
72,nowork_nowork,0.6673399903447925,N=100000,100000,9.7276451587677,0.666351731634716,0.0009882587100765727
73,nowork_nowork,0.7048855260583132,N=100000,100000,9.7276451587677,0.7040263764698518,0.0008591495884614497
74,nowork_nowork,0.7396538750940557,N=100000,100000,9.7276451587677,0.7385715936483026,0.0010822814457530638
75,nowork_nowork,0.7719771060235608,N=100000,100000,9.7276451587677,0.7703021557955667,0.001674950227994132
76,nowork_nowork,0.8010778253288953,N=100000,100000,9.7276451587677,0.7994939145822345,0.001583910746660755
77,nowork_nowork,0.8245271982842659,N=100000,100000,9.7276451587677,0.8236762022520467,0.0008509960322191645
78,nowork_nowork,0.8476118747254127,N=100000,100000,9.7276451587677,0.8457002827284472,0.001911591996965445
79,nowork_nowork,0.8655363687390629,N=100000,100000,9.7276451587677,0.8631254343724154,0.0024109343666475214
80,nowork_nowork,0.8777423458274523,N=100000,100000,9.7276451587677,0.8769571626702023,0.0007851831572499579
81,nowork_nowork,0.8862982420315951,N=100000,100000,9.7276451587677,0.8864407596823901,0.00014251765079498213
82,nowork_nowork,0.8864801494257442,N=100000,100000,9.7276451587677,0.8854969254061261,0.0009832240196180342
83,nowork_nowork,0.8756426735218509,N=100000,100000,9.7276451587677,0.8716194687805389,0.004023204741312014
84,nowork_nowork,0.18572160387463327,N=100000,100000,9.7276451587677,0.18495234420937404,0.000769259665259231
30,prob_work,0.683568,N=250000,250000,22.22505235671997,0.683829,0.00026100000000006673
31,prob_work,0.697796,N=250000,250000,22.22505235671997,0.696873,0.0009230000000000071
32,prob_work,0.7105654761904762,N=250000,250000,22.22505235671997,0.7108331199897595,0.0002676437992833458
33,prob_work,0.7216037060298994,N=250000,250000,22.22505235671997,0.7212743720402254,0.00032933398967405214
34,prob_work,0.729437749075719,N=250000,250000,22.22505235671997,0.7294789014869237,4.115241120472568e-05
35,prob_work,0.7361158357712579,N=250000,250000,22.22505235671997,0.7369026608878697,0.0007868251166117668
36,prob_work,0.7430121301893591,N=250000,250000,22.22505235671997,0.7436603621392094,0.0006482319498503086
37,prob_work,0.7508910764203157,N=250000,250000,22.22505235671997,0.7500132646840052,0.0008778117363105187
38,prob_work,0.757493078843095,N=250000,250000,22.22505235671997,0.7552311333179101,0.002261945525184883
39,prob_work,0.7613019601555298,N=250000,250000,22.22505235671997,0.7600280956011948,0.0012738645543349802
40,prob_work,0.766346855772239,N=250000,250000,22.22505235671997,0.7655733332798598,0.000773522492379275
41,prob_work,0.7724446585184739,N=250000,250000,22.22505235671997,0.7716119801621582,0.0008326783563157303
42,prob_work,0.7775594979832554,N=250000,250000,22.22505235671997,0.7763678719537298,0.0011916260295256054
43,prob_work,0.7817686111926524,N=250000,250000,22.22505235671997,0.7807135333327972,0.001055077859855147
44,prob_work,0.7845649714784891,N=250000,250000,22.22505235671997,0.784895719608658,0.0003307481301688675
45,prob_work,0.7894618047858384,N=250000,250000,22.22505235671997,0.7889726351041612,0.0004891696816772262
46,prob_work,0.7908303904752295,N=250000,250000,22.22505235671997,0.7924560472488291,0.0016256567735996041
47,prob_work,0.7963311059637719,N=250000,250000,22.22505235671997,0.7966887878999178,0.00035768193614593713
48,prob_work,0.797925593526491,N=250000,250000,22.22505235671997,0.799972259007723,0.0020466654812320018
49,prob_work,0.8027199013011047,N=250000,250000,22.22505235671997,0.8029248249974638,0.0002049236963590495
50,prob_work,0.8050827812549565,N=250000,250000,22.22505235671997,0.8042378775430519,0.0008449037119045988
51,prob_work,0.8034851333330615,N=250000,250000,22.22505235671997,0.8025957739657941,0.0008893593672674172
52,prob_work,0.7979491836000131,N=250000,250000,22.22505235671997,0.7987324336843784,0.0007832500843653056
53,prob_work,0.7915324285169028,N=250000,250000,22.22505235671997,0.7934820861510491,0.00194965763414634
54,prob_work,0.7863720983871233,N=250000,250000,22.22505235671997,0.784674223763665,0.0016978746234582731
55,prob_work,0.7766178763602073,N=250000,250000,22.22505235671997,0.7755647564665469,0.0010531198936604147
56,prob_work,0.7639767296904217,N=250000,250000,22.22505235671997,0.7632594802582918,0.0007172494321299183
57,prob_work,0.7492556012611973,N=250000,250000,22.22505235671997,0.7489944785071087,0.0002611227540886274
58,prob_work,0.7315055145360314,N=250000,250000,22.22505235671997,0.7307244358608406,0.0007810786751908383
59,prob_work,0.7100139493595976,N=250000,250000,22.22505235671997,0.7097918840156904,0.00022206534390722954
60,prob_work,0.6875603808194343,N=250000,250000,22.22505235671997,0.6855956931966858,0.0019646876227484844
61,prob_work,0.6596453754696587,N=250000,250000,22.22505235671997,0.6597356701530855,9.029468342680591e-05
62,prob_work,0.6289272793366685,N=250000,250000,22.22505235671997,0.6292249382561057,0.000297658919437227
63,prob_work,0.5955504873754255,N=250000,250000,22.22505235671997,0.5988116141876395,0.0032611268122140213
64,prob_work,0.5611255636872767,N=250000,250000,22.22505235671997,0.5623299199519358,0.00120435626465909
65,prob_work,0.5149685613288704,N=250000,250000,22.22505235671997,0.517231437007302,0.0022628756784316417
66,prob_work,0.4438469268584155,N=250000,250000,22.22505235671997,0.44552538654089346,0.001678459682477984
67,prob_work,0.37167234867629084,N=250000,250000,22.22505235671997,0.37107423299844333,0.0005981156778475105
68,prob_work,0.3240093784445233,N=250000,250000,22.22505235671997,0.32468857507409876,0.0006791966295754404
69,prob_work,0.28778534850437204,N=250000,250000,22.22505235671997,0.28681176455207874,0.0009735839522932999
70,prob_work,0.2542182991003225,N=250000,250000,22.22505235671997,0.2535312866358486,0.0006870124644738906
71,prob_work,0.2230645657110558,N=250000,250000,22.22505235671997,0.2216758657780664,0.0013886999329894012
72,prob_work,0.19381381472954498,N=250000,250000,22.22505235671997,0.19313771804171365,0.0006760966878313346
73,prob_work,0.16686507936507936,N=250000,250000,22.22505235671997,0.16780046534436527,0.0009353859792859132
74,prob_work,0.14457967458677687,N=250000,250000,22.22505235671997,0.14563273773853128,0.0010530631517544076
75,prob_work,0.12477138679963755,N=250000,250000,22.22505235671997,0.12457173648270489,0.00019965031693265634
76,prob_work,0.10804874674291512,N=250000,250000,22.22505235671997,0.10751288990336536,0.0005358568395497643
77,prob_work,0.09267994094984337,N=250000,250000,22.22505235671997,0.0932165494225829,0.0005366084727395221
78,prob_work,0.0809948498932295,N=250000,250000,22.22505235671997,0.080256574888502,0.0007382750047274927
79,prob_work,0.07130360149209389,N=250000,250000,22.22505235671997,0.07151689038049786,0.00021328888840396742
80,prob_work,0.06348741546398941,N=250000,250000,22.22505235671997,0.06333574662212259,0.00015166884186681995
81,prob_work,0.06031701292825302,N=250000,250000,22.22505235671997,0.0601730461839719,0.00014396674428111822
82,prob_work,0.06268322330004529,N=250000,250000,22.22505235671997,0.06397020451654764,0.0012869812165023503
83,prob_work,0.07554489787179378,N=250000,250000,22.22505235671997,0.07691797767945924,0.0013730798076654616
84,prob_work,0.8009032498370425,N=250000,250000,22.22505235671997,0.799192605624801,0.001710644212241541
30,hours_0,0.316432,N=250000,250000,22.22505235671997,0.316171,0.0002610000000000112
31,hours_0,0.302204,N=250000,250000,22.22505235671997,0.303127,0.0009230000000000071
32,hours_0,0.28943452380952384,N=250000,250000,22.22505235671997,0.2891668800102405,0.0002676437992833458
33,hours_0,0.2783962939701005,N=250000,250000,22.22505235671997,0.27872562795977457,0.00032933398967405214
34,hours_0,0.270562250924281,N=250000,250000,22.22505235671997,0.2705210985130762,4.115241120478119e-05
35,hours_0,0.26388416422874206,N=250000,250000,22.22505235671997,0.2630973391121303,0.0007868251166117668
36,hours_0,0.2569878698106409,N=250000,250000,22.22505235671997,0.25633963786079067,0.0006482319498502531
37,hours_0,0.24910892357968425,N=250000,250000,22.22505235671997,0.2499867353159948,0.0008778117363105464
38,hours_0,0.24250692115690492,N=250000,250000,22.22505235671997,0.24476886668208991,0.002261945525184994
39,hours_0,0.23869803984447027,N=250000,250000,22.22505235671997,0.23997190439880522,0.0012738645543349525
40,hours_0,0.23365314422776098,N=250000,250000,22.22505235671997,0.2344266667201402,0.0007735224923792194
41,hours_0,0.2275553414815261,N=250000,250000,22.22505235671997,0.2283880198378418,0.0008326783563157025
42,hours_0,0.22244050201674462,N=250000,250000,22.22505235671997,0.22363212804627017,0.0011916260295255499
43,hours_0,0.21823138880734758,N=250000,250000,22.22505235671997,0.21928646666720272,0.001055077859855147
44,hours_0,0.2154350285215109,N=250000,250000,22.22505235671997,0.21510428039134202,0.0003307481301688675
45,hours_0,0.21053819521416164,N=250000,250000,22.22505235671997,0.2110273648958389,0.0004891696816772539
46,hours_0,0.20916960952477046,N=250000,250000,22.22505235671997,0.20754395275117082,0.001625656773599632
47,hours_0,0.2036688940362281,N=250000,250000,22.22505235671997,0.20331121210008216,0.00035768193614593713
48,hours_0,0.202074406473509,N=250000,250000,22.22505235671997,0.20002774099227708,0.0020466654812319185
49,hours_0,0.19728009869889532,N=250000,250000,22.22505235671997,0.19707517500253627,0.0002049236963590495
50,hours_0,0.1949172187450435,N=250000,250000,22.22505235671997,0.1957621224569481,0.0008449037119045988
51,hours_0,0.19651486666693854,N=250000,250000,22.22505235671997,0.1974042260342059,0.0008893593672673616
52,hours_0,0.2020508163999869,N=250000,250000,22.22505235671997,0.20126756631562157,0.0007832500843653334
53,hours_0,0.20846757148309727,N=250000,250000,22.22505235671997,0.20651791384895093,0.00194965763414634
54,hours_0,0.21362790161287665,N=250000,250000,22.22505235671997,0.21532577623633503,0.0016978746234583841
55,hours_0,0.2233821236397927,N=250000,250000,22.22505235671997,0.22443524353345315,0.0010531198936604425
56,hours_0,0.23602327030957823,N=250000,250000,22.22505235671997,0.23674051974170815,0.0007172494321299183
57,hours_0,0.2507443987388027,N=250000,250000,22.22505235671997,0.2510055214928914,0.0002611227540886829
58,hours_0,0.2684944854639686,N=250000,250000,22.22505235671997,0.26927556413915943,0.0007810786751908383
59,hours_0,0.2899860506404024,N=250000,250000,22.22505235671997,0.2902081159843096,0.00022206534390722954
60,hours_0,0.3124396191805658,N=250000,250000,22.22505235671997,0.3144043068033142,0.001964687622748429
61,hours_0,0.34035462453034127,N=250000,250000,22.22505235671997,0.3402643298469144,9.029468342686142e-05
62,hours_0,0.3710727206633315,N=250000,250000,22.22505235671997,0.37077506174389435,0.0002976589194371715
63,hours_0,0.40444951262457457,N=250000,250000,22.22505235671997,0.4011883858123605,0.003261126812214077
64,hours_0,0.4388744363127233,N=250000,250000,22.22505235671997,0.4376700800480642,0.0012043562646591455
65,hours_0,0.4850314386711296,N=250000,250000,22.22505235671997,0.48276856299269794,0.0022628756784316417
66,hours_0,0.5561530731415845,N=250000,250000,22.22505235671997,0.5544746134591065,0.0016784596824779285
67,hours_0,0.6283276513237092,N=250000,250000,22.22505235671997,0.6289257670015567,0.0005981156778475105
68,hours_0,0.6759906215554766,N=250000,250000,22.22505235671997,0.6753114249259012,0.0006791966295753848
69,hours_0,0.7122146514956279,N=250000,250000,22.22505235671997,0.7131882354479213,0.0009735839522934109
70,hours_0,0.7457817008996774,N=250000,250000,22.22505235671997,0.7464687133641514,0.0006870124644740017
71,hours_0,0.7769354342889442,N=250000,250000,22.22505235671997,0.7783241342219336,0.0013886999329894012
72,hours_0,0.806186185270455,N=250000,250000,22.22505235671997,0.8068622819582864,0.0006760966878313068
73,hours_0,0.8331349206349207,N=250000,250000,22.22505235671997,0.8321995346556348,0.0009353859792858854
74,hours_0,0.8554203254132231,N=250000,250000,22.22505235671997,0.8543672622614688,0.001053063151754352
75,hours_0,0.8752286132003625,N=250000,250000,22.22505235671997,0.8754282635172951,0.00019965031693258695
76,hours_0,0.8919512532570849,N=250000,250000,22.22505235671997,0.8924871100966346,0.0005358568395497088
77,hours_0,0.9073200590501567,N=250000,250000,22.22505235671997,0.9067834505774172,0.0005366084727395082
78,hours_0,0.9190051501067705,N=250000,250000,22.22505235671997,0.919743425111498,0.0007382750047274511
79,hours_0,0.9286963985079061,N=250000,250000,22.22505235671997,0.9284831096195022,0.00021328888840388416
80,hours_0,0.9365125845360106,N=250000,250000,22.22505235671997,0.9366642533778774,0.0001516688418667922
81,hours_0,0.939682987071747,N=250000,250000,22.22505235671997,0.9398269538160281,0.00014396674428107659
82,hours_0,0.9373167766999547,N=250000,250000,22.22505235671997,0.9360297954834523,0.001286981216502392
83,hours_0,0.9244551021282063,N=250000,250000,22.22505235671997,0.9230820223205407,0.0013730798076655448
84,hours_0,0.19909675016295744,N=250000,250000,22.22505235671997,0.200807394375199,0.0017106442122415688
30,hours_1,0.094024,N=250000,250000,22.22505235671997,0.094294,0.00027000000000000635
31,hours_1,0.08526,N=250000,250000,22.22505235671997,0.085412,0.00015199999999999936
32,hours_1,0.0829933115719406,N=250000,250000,22.22505235671997,0.08316299182360753,0.0001696802516669288
33,hours_1,0.08238155626052622,N=250000,250000,22.22505235671997,0.08218109444775044,0.00020046181277577624
34,hours_1,0.08169283462172501,N=250000,250000,22.22505235671997,0.08203337951316125,0.00034054489143624245
35,hours_1,0.08109784648878822,N=250000,250000,22.22505235671997,0.08153246171146836,0.0004346152226801375
36,hours_1,0.08077985507826574,N=250000,250000,22.22505235671997,0.08040699379221379,0.0003728612860519481
37,hours_1,0.07991253434148451,N=250000,250000,22.22505235671997,0.07965317606590495,0.00025935827557956037
38,hours_1,0.07969246425237483,N=250000,250000,22.22505235671997,0.07878873462307698,0.0009037296292978558
39,hours_1,0.07793321842305688,N=250000,250000,22.22505235671997,0.07868070912335512,0.0007474907002982395
40,hours_1,0.07794187249813488,N=250000,250000,22.22505235671997,0.07756136590139345,0.00038050659674142284
41,hours_1,0.07679772011158609,N=250000,250000,22.22505235671997,0.07751727985182821,0.0007195597402421261
42,hours_1,0.07648363303283036,N=250000,250000,22.22505235671997,0.0771269919368605,0.0006433589040301391
43,hours_1,0.07667654545381432,N=250000,250000,22.22505235671997,0.07660090699301261,7.563846080170522e-05
44,hours_1,0.0757339709913892,N=250000,250000,22.22505235671997,0.07561095620797113,0.00012301478341807115
45,hours_1,0.07490316677884945,N=250000,250000,22.22505235671997,0.07539174388367728,0.0004885771048278309
46,hours_1,0.07561295530218949,N=250000,250000,22.22505235671997,0.07457994426833525,0.0010330110338542392
47,hours_1,0.0751161183133436,N=250000,250000,22.22505235671997,0.07401063314829917,0.0011054851650444258
48,hours_1,0.07373012465878807,N=250000,250000,22.22505235671997,0.07350755486439312,0.0002225697943949584
49,hours_1,0.07287160215254498,N=250000,250000,22.22505235671997,0.07369179263467586,0.0008201904821308753
50,hours_1,0.072711670713208,N=250000,250000,22.22505235671997,0.07363055485508366,0.0009188841418756588
51,hours_1,0.0731690407931064,N=250000,250000,22.22505235671997,0.07375321795427318,0.0005841771611667795
52,hours_1,0.07384411504859134,N=250000,250000,22.22505235671997,0.07344031363983569,0.0004038014087556496
53,hours_1,0.07409125047710119,N=250000,250000,22.22505235671997,0.07430048315424101,0.00020923267713982008
54,hours_1,0.07479530140529499,N=250000,250000,22.22505235671997,0.07520368738003246,0.0004083859747374685
55,hours_1,0.07603512240314662,N=250000,250000,22.22505235671997,0.07544873399003571,0.0005863884131109137
56,hours_1,0.07618117598171618,N=250000,250000,22.22505235671997,0.07668143174130924,0.0005002557595930601
57,hours_1,0.077789146186131,N=250000,250000,22.22505235671997,0.07732073942897238,0.0004684067571586181
58,hours_1,0.0790220833438332,N=250000,250000,22.22505235671997,0.07865339638711494,0.0003686869567182671
59,hours_1,0.07975229319017627,N=250000,250000,22.22505235671997,0.07965782260937214,9.447058080412629e-05
60,hours_1,0.08074325330791132,N=250000,250000,22.22505235671997,0.08094524836828831,0.00020199506037699155
61,hours_1,0.08064405442036818,N=250000,250000,22.22505235671997,0.08129553596046746,0.0006514815400992802
62,hours_1,0.08144506569267254,N=250000,250000,22.22505235671997,0.08149436458443816,4.9298891765622854e-05
63,hours_1,0.08047920516954374,N=250000,250000,22.22505235671997,0.08124096500074848,0.0007617598312047447
64,hours_1,0.07978852617584835,N=250000,250000,22.22505235671997,0.07979846618720292,9.94001135457001e-06
65,hours_1,0.0808914550272826,N=250000,250000,22.22505235671997,0.0818110498447729,0.0009195948174903074
66,hours_1,0.12485854223815603,N=250000,250000,22.22505235671997,0.1268823242380981,0.002023781999942062
67,hours_1,0.11976787995184841,N=250000,250000,22.22505235671997,0.11935296719456363,0.00041491275728477994
68,hours_1,0.10986044426177444,N=250000,250000,22.22505235671997,0.11034090683576399,0.0004804625739895513
69,hours_1,0.101491586349869,N=250000,250000,22.22505235671997,0.10092951228237397,0.0005620740674950331
70,hours_1,0.09330455658753062,N=250000,250000,22.22505235671997,0.09325191158053492,5.264500699569963e-05
71,hours_1,0.08437372946064675,N=250000,250000,22.22505235671997,0.08468304579397791,0.00030931633333115827
72,hours_1,0.07699696586213732,N=250000,250000,22.22505235671997,0.07614824296729755,0.0008487228948397679
73,hours_1,0.06845238095238096,N=250000,250000,22.22505235671997,0.0690647725968511,0.0006123916444701477
74,hours_1,0.06236010674931129,N=250000,250000,22.22505235671997,0.06197446529489064,0.00038564145442065295
75,hours_1,0.05416673615396161,N=250000,250000,22.22505235671997,0.05439970891274187,0.00023297275878026574
76,hours_1,0.049034980515138236,N=250000,250000,22.22505235671997,0.04866172685797618,0.0003732536571620579
77,hours_1,0.043081410002520436,N=250000,250000,22.22505235671997,0.04358538810592783,0.0005039781034073959
78,hours_1,0.038481346564501945,N=250000,250000,22.22505235671997,0.0380011522636329,0.0004801943008690482
79,hours_1,0.0339484369326247,N=250000,250000,22.22505235671997,0.034203371307731295,0.0002549343751065969
80,hours_1,0.029693927351321203,N=250000,250000,22.22505235671997,0.029938155840304247,0.00024422848898304414
81,hours_1,0.02714710616298648,N=250000,250000,22.22505235671997,0.027679601244627077,0.0005324950816405979
82,hours_1,0.027091228321058862,N=250000,250000,22.22505235671997,0.02794616335528574,0.0008549350342268794
83,hours_1,0.03935254571147176,N=250000,250000,22.22505235671997,0.0398639127022652,0.0005113669907934396
84,hours_1,0.19972995623428624,N=250000,250000,22.22505235671997,0.19952216383551838,0.00020779239876786426
30,hours_2,0.082408,N=250000,250000,22.22505235671997,0.082324,8.400000000000074e-05
31,hours_2,0.078936,N=250000,250000,22.22505235671997,0.07898,4.399999999998849e-05
32,hours_2,0.07849702380952381,N=250000,250000,22.22505235671997,0.07759972478678977,0.000897299022734041
33,hours_2,0.07806105508238956,N=250000,250000,22.22505235671997,0.07768948808089092,0.00037156700149863775
34,hours_2,0.07743954162065268,N=250000,250000,22.22505235671997,0.07759711517782568,0.00015757355717299637
35,hours_2,0.07756802510095209,N=250000,250000,22.22505235671997,0.0771153238167273,0.0004527012842247963
36,hours_2,0.07689258977541134,N=250000,250000,22.22505235671997,0.07655802623822967,0.0003345635371816702
37,hours_2,0.07825453147402062,N=250000,250000,22.22505235671997,0.07647065301288526,0.0017838784611353548
38,hours_2,0.07667960752733406,N=250000,250000,22.22505235671997,0.07581925962425375,0.0008603479030803163
39,hours_2,0.07640598067903956,N=250000,250000,22.22505235671997,0.07593527591102793,0.00047070476801162886
40,hours_2,0.07608878763326568,N=250000,250000,22.22505235671997,0.07577267595635757,0.0003161116769081068
41,hours_2,0.07545306761394424,N=250000,250000,22.22505235671997,0.07576446225020844,0.0003113946362642006
42,hours_2,0.0751619020071028,N=250000,250000,22.22505235671997,0.0759190272017994,0.0007571251946966034
43,hours_2,0.07473429815707673,N=250000,250000,22.22505235671997,0.07525609687457284,0.0005217987174961081
44,hours_2,0.07469133566014113,N=250000,250000,22.22505235671997,0.075206452735983,0.0005151170758418699
45,hours_2,0.07562462969605856,N=250000,250000,22.22505235671997,0.07475902952902073,0.0008656001670378222
46,hours_2,0.07378064776510948,N=250000,250000,22.22505235671997,0.07514291075871336,0.0013622629936038827
47,hours_2,0.07382658856724757,N=250000,250000,22.22505235671997,0.07490902402816642,0.0010824354609188513
48,hours_2,0.07358432490664765,N=250000,250000,22.22505235671997,0.07411400940358892,0.0005296844969412684
49,hours_2,0.07398764640471417,N=250000,250000,22.22505235671997,0.07404788475195292,6.023834723875576e-05
50,hours_2,0.073130558910728,N=250000,250000,22.22505235671997,0.07357157964094263,0.0004410207302146252
51,hours_2,0.07256548388543838,N=250000,250000,22.22505235671997,0.07296306680600514,0.00039758292056676914
52,hours_2,0.07127139164294362,N=250000,250000,22.22505235671997,0.07207314990638457,0.0008017582634409492
53,hours_2,0.06969165924509253,N=250000,250000,22.22505235671997,0.07124601261803112,0.001554353372938591
54,hours_2,0.0706560239872156,N=250000,250000,22.22505235671997,0.06954925156730128,0.0011067724199143175
55,hours_2,0.06782114540724533,N=250000,250000,22.22505235671997,0.06847911285202274,0.0006579674447774048
56,hours_2,0.06744234365260753,N=250000,250000,22.22505235671997,0.0668812173291559,0.0005611263234516217
57,hours_2,0.06578689106512706,N=250000,250000,22.22505235671997,0.0651354478172979,0.0006514432478291615
58,hours_2,0.06358306243647574,N=250000,250000,22.22505235671997,0.06350116519271626,8.189724375948226e-05
59,hours_2,0.06108974088007778,N=250000,250000,22.22505235671997,0.06140526119406929,0.00031552031399151304
60,hours_2,0.05912745194005967,N=250000,250000,22.22505235671997,0.059211093616763064,8.364167670339706e-05
61,hours_2,0.056238955513236225,N=250000,250000,22.22505235671997,0.05681085471084967,0.0005718991976134472
62,hours_2,0.0538394294517821,N=250000,250000,22.22505235671997,0.05319174266053954,0.0006476867912425591
63,hours_2,0.049886621315192746,N=250000,250000,22.22505235671997,0.05031736544611999,0.000430744130927245
64,hours_2,0.04701185013095654,N=250000,250000,22.22505235671997,0.047126530720432575,0.00011468058947603638
65,hours_2,0.04614580214417547,N=250000,250000,22.22505235671997,0.04649548846804601,0.0003496863238705433
66,hours_2,0.048122798917225706,N=250000,250000,22.22505235671997,0.047592900576598894,0.0005298983406268123
67,hours_2,0.040492359152017494,N=250000,250000,22.22505235671997,0.040374065840642896,0.0001182933113745982
68,hours_2,0.03398752031684944,N=250000,250000,22.22505235671997,0.03438836272963612,0.0004008424127866783
69,hours_2,0.03017882869817843,N=250000,250000,22.22505235671997,0.029828537607750807,0.0003502910904276228
70,hours_2,0.025850571089070493,N=250000,250000,22.22505235671997,0.025701923158523887,0.0001486479305466068
71,hours_2,0.022252412165445296,N=250000,250000,22.22505235671997,0.02203573402465048,0.0002166781407948147
72,hours_2,0.018697811049954004,N=250000,250000,22.22505235671997,0.018737364501742303,3.955345178829894e-05
73,hours_2,0.01565893901420217,N=250000,250000,22.22505235671997,0.015576254916895339,8.268409730683227e-05
74,hours_2,0.013429752066115703,N=250000,250000,22.22505235671997,0.013023989508788808,0.0004057625573268952
75,hours_2,0.010990110568183713,N=250000,250000,22.22505235671997,0.011121310892579636,0.00013120032439592304
76,hours_2,0.009096778656582195,N=250000,250000,22.22505235671997,0.008883874147277773,0.00021290450930442142
77,hours_2,0.0075793036402261186,N=250000,250000,22.22505235671997,0.007475810904900243,0.00010349273532587588
78,hours_2,0.006280618012812461,N=250000,250000,22.22505235671997,0.006249538859070623,3.107915374183853e-05
79,hours_2,0.00501766084573994,N=250000,250000,22.22505235671997,0.005203389466768137,0.0001857286210281972
80,hours_2,0.00424597364568082,N=250000,250000,22.22505235671997,0.004336941636209799,9.096799052897911e-05
81,hours_2,0.004027562471721764,N=250000,250000,22.22505235671997,0.0037197883095546266,0.0003077741621671376
82,hours_2,0.0035591994978986423,N=250000,250000,22.22505235671997,0.0036212544819224993,6.205498402385694e-05
83,hours_2,0.00459898085899028,N=250000,250000,22.22505235671997,0.004593267057422253,5.713801568026436e-06
84,hours_2,0.20007449483192102,N=250000,250000,22.22505235671997,0.19972203693933852,0.00035245789258250837
30,hours_3,0.08842,N=250000,250000,22.22505235671997,0.088833,0.0004129999999999967
31,hours_3,0.08796,N=250000,250000,22.22505235671997,0.088053,9.300000000000974e-05
32,hours_3,0.08888968894009217,N=250000,250000,22.22505235671997,0.08883626414067876,5.342479941340683e-05
33,hours_3,0.08883030431530058,N=250000,250000,22.22505235671997,0.0891830397103609,0.0003527353950603246
34,hours_3,0.08921112018053488,N=250000,250000,22.22505235671997,0.08942448597850387,0.00021336579796898958
35,hours_3,0.08987037311252606,N=250000,250000,22.22505235671997,0.09017164307524841,0.00030126996272235307
36,hours_3,0.08963929700948797,N=250000,250000,22.22505235671997,0.09027159940313982,0.0006323023936518485
37,hours_3,0.09122219641326723,N=250000,250000,22.22505235671997,0.09046414380719456,0.0007580526060726733
38,hours_3,0.09102673509697633,N=250000,250000,22.22505235671997,0.0911163122826099,8.957718563357142e-05
39,hours_3,0.09078045456367499,N=250000,250000,22.22505235671997,0.09114437471756606,0.00036392015389107024
40,hours_3,0.09098165365763655,N=250000,250000,22.22505235671997,0.0912933712193371,0.0003117175617005502
41,hours_3,0.0915608003692777,N=250000,250000,22.22505235671997,0.0917876431877401,0.00022684281846239995
42,hours_3,0.09124764980957431,N=250000,250000,22.22505235671997,0.09141170209561297,0.00016405228603866284
43,hours_3,0.09253622110253698,N=250000,250000,22.22505235671997,0.09139884374472328,0.0011373773578137042
44,hours_3,0.09225108591073593,N=250000,250000,22.22505235671997,0.09152444478879787,0.000726641121938057
45,hours_3,0.09200062876097813,N=250000,250000,22.22505235671997,0.09182115945912998,0.00017946930184814525
46,hours_3,0.09197457370598325,N=250000,250000,22.22505235671997,0.09177261803631638,0.0002019556696668673
47,hours_3,0.09200936222850144,N=250000,250000,22.22505235671997,0.09215833103430156,0.0001489688058001204
48,hours_3,0.09264359250589274,N=250000,250000,22.22505235671997,0.0923299193688823,0.0003136731370104451
49,hours_3,0.09257485613175004,N=250000,250000,22.22505235671997,0.09234655574718474,0.000228300384565297
50,hours_3,0.09257429165192424,N=250000,250000,22.22505235671997,0.09212030130233542,0.00045399034958881757
51,hours_3,0.09029700709179367,N=250000,250000,22.22505235671997,0.09096016108887926,0.0006631539970855943
52,hours_3,0.08947678413664474,N=250000,250000,22.22505235671997,0.08901595910575016,0.0004608250308945766
53,hours_3,0.08706429887670884,N=250000,250000,22.22505235671997,0.08673075206461482,0.00033354681209402104
54,hours_3,0.08417766355294157,N=250000,250000,22.22505235671997,0.08385782662064306,0.0003198369322985062
55,hours_3,0.0810809692989168,N=250000,250000,22.22505235671997,0.08079073143795486,0.0002902378609619394
56,hours_3,0.07751506337003948,N=250000,250000,22.22505235671997,0.07807344862834396,0.0005583852583044835
57,hours_3,0.07405566807959742,N=250000,250000,22.22505235671997,0.07427807106938203,0.00022240298978461193
58,hours_3,0.0705759813186167,N=250000,250000,22.22505235671997,0.07065510190579109,7.912058717439441e-05
59,hours_3,0.06718096123768863,N=250000,250000,22.22505235671997,0.06647471246507881,0.000706248772609816
60,hours_3,0.06358765273421374,N=250000,250000,22.22505235671997,0.06208009572566591,0.0015075570085478288
61,hours_3,0.059245629385626296,N=250000,250000,22.22505235671997,0.05800386871267137,0.0012417606729549224
62,hours_3,0.05290899963648323,N=250000,250000,22.22505235671997,0.05288545831177799,2.3541324705243782e-05
63,hours_3,0.04822635541050074,N=250000,250000,22.22505235671997,0.048515555769232874,0.0002892003587321307
64,hours_3,0.044450137139979945,N=250000,250000,22.22505235671997,0.04461840221943419,0.00016826507945424257
65,hours_3,0.042231050771107705,N=250000,250000,22.22505235671997,0.04162969453006086,0.0006013562410468465
66,hours_3,0.0331893859148809,N=250000,250000,22.22505235671997,0.03283432376712786,0.0003550621477530422
67,hours_3,0.02639147974233388,N=250000,250000,22.22505235671997,0.026696996329421498,0.00030551658708761684
68,hours_3,0.022918340276869616,N=250000,250000,22.22505235671997,0.022553573492313458,0.00036476678455615863
69,hours_3,0.01902402609444019,N=250000,250000,22.22505235671997,0.018666308537227436,0.00035771755721275555
70,hours_3,0.016082644227271625,N=250000,250000,22.22505235671997,0.016047941360819842,3.470286645178289e-05
71,hours_3,0.013292940511488155,N=250000,250000,22.22505235671997,0.01299689452539277,0.0002960459860953859
72,hours_3,0.010810069068565418,N=250000,250000,22.22505235671997,0.010810652931435596,5.838628701782672e-07
73,hours_3,0.008735380116959065,N=250000,250000,22.22505235671997,0.008727815281241197,7.564835717868007e-06
74,hours_3,0.006849388774104683,N=250000,250000,22.22505235671997,0.007044751572741125,0.00019536279863644184
75,hours_3,0.005848050742402259,N=250000,250000,22.22505235671997,0.005250958602003447,0.000597092140398812
76,hours_3,0.004237092720271174,N=250000,250000,22.22505235671997,0.004442657582491059,0.000205564862219885
77,hours_3,0.0035526110491004453,N=250000,250000,22.22505235671997,0.003469304458476387,8.330659062405835e-05
78,hours_3,0.002688104509483733,N=250000,250000,22.22505235671997,0.00269070826537228,2.603755888546961e-06
79,hours_3,0.0023833889017264714,N=250000,250000,22.22505235671997,0.002231910710365013,0.0001514781913614584
80,hours_3,0.001889423412117409,N=250000,250000,22.22505235671997,0.0018614307022670378,2.7992709850371313e-05
81,hours_3,0.0016837139614748445,N=250000,250000,22.22505235671997,0.0016392287465833949,4.448521489144961e-05
82,hours_3,0.001549205138594275,N=250000,250000,22.22505235671997,0.0015437457462661394,5.459392328135667e-06
83,hours_3,0.0018413051856292554,N=250000,250000,22.22505235671997,0.0016700845306549254,0.0001712206549743299
84,hours_3,0.20143402551447992,N=250000,250000,22.22505235671997,0.20001952248921034,0.0014145030252695756
30,hours_4,0.418716,N=250000,250000,22.22505235671997,0.418378,0.00033799999999994945
31,hours_4,0.44564,N=250000,250000,22.22505235671997,0.444428,0.0012119999999999909
32,hours_4,0.4601854518689196,N=250000,250000,22.22505235671997,0.46123413923868345,0.0010486873697638233
33,hours_4,0.47233079037168313,N=250000,250000,22.22505235671997,0.47222074980122314,0.0001100405704599905
34,hours_4,0.4810942526528065,N=250000,250000,22.22505235671997,0.48042392081743296,0.0006703318353735166
35,hours_4,0.4875795910689916,N=250000,250000,22.22505235671997,0.4880832322844257,0.0005036412154340586
36,hours_4,0.495700388326194,N=250000,250000,22.22505235671997,0.49642374270562606,0.0007233543794320507
37,hours_4,0.5015018141915434,N=250000,250000,22.22505235671997,0.5034252917980204,0.001923477606477042
38,hours_4,0.5100942719664099,N=250000,250000,22.22505235671997,0.5095068267879694,0.0005874451784404489
39,hours_4,0.5161823064897583,N=250000,250000,22.22505235671997,0.5142677358492457,0.0019145706405125917
40,hours_4,0.521334541983202,N=250000,250000,22.22505235671997,0.5209459202027716,0.00038862178043030937
41,hours_4,0.5286330704236659,N=250000,250000,22.22505235671997,0.5265425948723814,0.0020904755512844986
42,hours_4,0.5346663131337479,N=250000,250000,22.22505235671997,0.531910150719457,0.002756162414290886
43,hours_4,0.5378215464792244,N=250000,250000,22.22505235671997,0.5374576857204886,0.00036386075873584556
44,hours_4,0.5418885789162229,N=250000,250000,22.22505235671997,0.5425538658759059,0.0006652869596830424
45,hours_4,0.5469333795499522,N=250000,250000,22.22505235671997,0.5470007022323331,6.732268238085481e-05
46,hours_4,0.5494622137019474,N=250000,250000,22.22505235671997,0.5509605741854642,0.001498360483516814
47,hours_4,0.5553790368546793,N=250000,250000,22.22505235671997,0.5556107996891507,0.00023176283447146062
48,hours_4,0.5579675514551625,N=250000,250000,22.22505235671997,0.5600207753708586,0.0020532239156960674
49,hours_4,0.5632857966120954,N=250000,250000,22.22505235671997,0.5628385918636502,0.00044720474844528457
50,hours_4,0.5666662599790963,N=250000,250000,22.22505235671997,0.5649154417446902,0.0017508182344060375
51,hours_4,0.5674536015627231,N=250000,250000,22.22505235671997,0.5649193281166365,0.002534273446086588
52,hours_4,0.5633568927718334,N=250000,250000,22.22505235671997,0.564203011032408,0.0008461182605745687
53,hours_4,0.5606852199180001,N=250000,250000,22.22505235671997,0.5612048383141621,0.0005196183961619916
54,hours_4,0.5567431094416712,N=250000,250000,22.22505235671997,0.5560634581956881,0.0006796512459830151
55,hours_4,0.5516806392508985,N=250000,250000,22.22505235671997,0.5508461781865336,0.0008344610643649109
56,hours_4,0.5428381466860586,N=250000,250000,22.22505235671997,0.5416233825594827,0.0012147641265758402
57,hours_4,0.5316238959303419,N=250000,250000,22.22505235671997,0.5322602201914564,0.0006363242611144848
58,hours_4,0.5183243874371057,N=250000,250000,22.22505235671997,0.5179147723752183,0.0004096150618874139
59,hours_4,0.501990954051655,N=250000,250000,22.22505235671997,0.5022540877471701,0.00026313369551511645
60,hours_4,0.4841020228372495,N=250000,250000,22.22505235671997,0.48335925548596853,0.0007427673512809818
61,hours_4,0.46351673615042804,N=250000,250000,22.22505235671997,0.4636254107690971,0.00010867461866903572
62,hours_4,0.4407337845557306,N=250000,250000,22.22505235671997,0.44165337269935,0.0009195881436194209
63,hours_4,0.4169583054801882,N=250000,250000,22.22505235671997,0.4187377279715382,0.0017794224913499912
64,hours_4,0.38987505024049185,N=250000,250000,22.22505235671997,0.39078652082486615,0.0009114705843742965
65,hours_4,0.3457002533863046,N=250000,250000,22.22505235671997,0.3472952041644223,0.0015949507781176653
66,hours_4,0.23767619978815285,N=250000,250000,22.22505235671997,0.23821583795906862,0.0005396381709157627
67,hours_4,0.18502062983009107,N=250000,250000,22.22505235671997,0.18465020363381526,0.0003704261962758082
68,hours_4,0.15724307358902984,N=250000,250000,22.22505235671997,0.1574057320163852,0.00016265842735535552
69,hours_4,0.13709090736188442,N=250000,250000,22.22505235671997,0.1373874061247265,0.00029649876284207344
70,hours_4,0.11898052719644979,N=250000,250000,22.22505235671997,0.11852951053596997,0.00045101666047982214
71,hours_4,0.1031454835734756,N=250000,250000,22.22505235671997,0.10196019143404522,0.0011852921394303745
72,hours_4,0.08730896874888824,N=250000,250000,22.22505235671997,0.0874414576412382,0.00013248889234995787
73,hours_4,0.07401837928153718,N=250000,250000,22.22505235671997,0.07443162254937763,0.00041324326784045184
74,hours_4,0.06194042699724518,N=250000,250000,22.22505235671997,0.06358953136211071,0.0016491043648655251
75,hours_4,0.05376648933508997,N=250000,250000,22.22505235671997,0.053799758075379935,3.326874028996424e-05
76,hours_4,0.04567989485092351,N=250000,250000,22.22505235671997,0.045524631315620345,0.0001552635353031656
77,hours_4,0.038466616257996376,N=250000,250000,22.22505235671997,0.03868604595327843,0.0002194296952820543
78,hours_4,0.033544780806431355,N=250000,250000,22.22505235671997,0.03331517550042621,0.00022960530600514562
79,hours_4,0.029954114812002774,N=250000,250000,22.22505235671997,0.029878218895633413,7.589591636936177e-05
80,hours_4,0.027658091054869972,N=250000,250000,22.22505235671997,0.027199218443341503,0.0004588726115284693
81,hours_4,0.02745863033206993,N=250000,250000,22.22505235671997,0.027134427883206805,0.0003242024488631229
82,hours_4,0.030483590342493504,N=250000,250000,22.22505235671997,0.030859040933073265,0.00037545059057976157
83,hours_4,0.02975206611570248,N=250000,250000,22.22505235671997,0.030790713389116865,0.001038647273414385
84,hours_4,0.19966477325635534,N=250000,250000,22.22505235671997,0.19992888236073378,0.00026410910437843493
30,work_work,0.560804,N=250000,250000,22.22505235671997,0.561155,0.0003509999999999902
31,work_work,0.545808,N=250000,250000,22.22505235671997,0.545674,0.00013399999999996748
32,work_work,0.5624199948796723,N=250000,250000,22.22505235671997,0.5618879706225899,0.0005320242570824307
33,work_work,0.5770789411571743,N=250000,250000,22.22505235671997,0.576458821940962,0.0006201192162123004
34,work_work,0.5887709863798595,N=250000,250000,22.22505235671997,0.5881586252081843,0.0006123611716751798
35,work_work,0.5970600830028294,N=250000,250000,22.22505235671997,0.5977232980762689,0.0006632150734394715
36,work_work,0.6062052123783979,N=250000,250000,22.22505235671997,0.6065066166013997,0.00030140422300184433
37,work_work,0.6151751315589232,N=250000,250000,22.22505235671997,0.6150939089572156,8.122260170762008e-05
38,work_work,0.6243023754291919,N=250000,250000,22.22505235671997,0.6223168314650178,0.0019855439641740524
39,work_work,0.6310057321521626,N=250000,250000,22.22505235671997,0.6286681342376563,0.002337597914506273
40,work_work,0.636923718684069,N=250000,250000,22.22505235671997,0.6353869846738147,0.001536734010254337
41,work_work,0.6439360186244406,N=250000,250000,22.22505235671997,0.6430753671435494,0.0008606514808912058
42,work_work,0.6509866782368349,N=250000,250000,22.22505235671997,0.6498107220676982,0.0011759561691366827
43,work_work,0.6572637234046831,N=250000,250000,22.22505235671997,0.6554893983130573,0.0017743250916257836
44,work_work,0.6610267743922321,N=250000,250000,22.22505235671997,0.6609969098752178,2.986451701436632e-05
45,work_work,0.6664140874703253,N=250000,250000,22.22505235671997,0.6666058804149719,0.00019179294464666263
46,work_work,0.6707254565634144,N=250000,250000,22.22505235671997,0.6713930293045245,0.0006675727411100674
47,work_work,0.6747797895519794,N=250000,250000,22.22505235671997,0.6768996318517463,0.0021198422997669164
48,work_work,0.6799533440793151,N=250000,250000,22.22505235671997,0.6812114511576296,0.0012581070783145298
49,work_work,0.6843948605147602,N=250000,250000,22.22505235671997,0.6854377599675358,0.0010428994527755808
50,work_work,0.6888026711239624,N=250000,250000,22.22505235671997,0.6886657772933223,0.00013689383064008354
51,work_work,0.6893557845628087,N=250000,250000,22.22505235671997,0.6879800168225728,0.0013757677402358448
52,work_work,0.6846143778017735,N=250000,250000,22.22505235671997,0.6844704720242715,0.00014390577750200695
53,work_work,0.6760841996396604,N=250000,250000,22.22505235671997,0.6783787194617072,0.00229451982204687
54,work_work,0.6685035997298143,N=250000,250000,22.22505235671997,0.6687886676497483,0.00028506791993399005
55,work_work,0.6585616027594993,N=250000,250000,22.22505235671997,0.6569064395576669,0.0016551632018323437
56,work_work,0.6433284853521712,N=250000,250000,22.22505235671997,0.6428209326097616,0.000507552742409656
57,work_work,0.6260257668455451,N=250000,250000,22.22505235671997,0.6255387841021101,0.00048698274343506043
58,work_work,0.6056791741215802,N=250000,250000,22.22505235671997,0.6050842099846356,0.0005949641369445979
59,work_work,0.5806695692606839,N=250000,250000,22.22505235671997,0.5803898065554051,0.00027976270527885205
60,work_work,0.5543459294283878,N=250000,250000,22.22505235671997,0.5532756126304225,0.0010703167979653205
61,work_work,0.5240362344948273,N=250000,250000,22.22505235671997,0.523296495092228,0.0007397394025993043
62,work_work,0.4900292544444252,N=250000,250000,22.22505235671997,0.4902313691451528,0.00020211470072761806
63,work_work,0.4540652484500544,N=250000,250000,22.22505235671997,0.45643914767518473,0.002373899225130316
64,work_work,0.41736046393505616,N=250000,250000,22.22505235671997,0.41944832217137,0.0020878582363138554
65,work_work,0.3709450370694779,N=250000,250000,22.22505235671997,0.3722812907205711,0.0013362536510931888
66,work_work,0.30248422463039915,N=250000,250000,22.22505235671997,0.30435885214591474,0.0018746275155155923
67,work_work,0.23330545932385616,N=250000,250000,22.22505235671997,0.23377047108629592,0.0004650117624397654
68,work_work,0.18302912548807143,N=250000,250000,22.22505235671997,0.18382096291618172,0.0007918374281102869
69,work_work,0.15114139401748822,N=250000,250000,22.22505235671997,0.1505391551552218,0.0006022388622664299
70,work_work,0.12504304386837065,N=250000,250000,22.22505235671997,0.12422757840602007,0.0008154654623505758
71,work_work,0.10208442826968654,N=250000,250000,22.22505235671997,0.10116833258567318,0.0009160956840133655
72,work_work,0.08232830693074339,N=250000,250000,22.22505235671997,0.0812024422703768,0.001125864660366585
73,work_work,0.06511591478696742,N=250000,250000,22.22505235671997,0.06500735577976482,0.00010855900720259382
74,work_work,0.05136234504132232,N=250000,250000,22.22505235671997,0.0519535312438696,0.000591186202547285
75,work_work,0.03993573814963672,N=250000,250000,22.22505235671997,0.04049945907210381,0.0005637209224670925
76,work_work,0.03176954827403325,N=250000,250000,22.22505235671997,0.03153379042414915,0.00023575784988409676
77,work_work,0.02501830314814148,N=250000,250000,22.22505235671997,0.024478703992701255,0.0005395991554402249
78,work_work,0.019231252355231754,N=250000,250000,22.22505235671997,0.019208580125493126,2.2672229738628785e-05
79,work_work,0.015270854652890107,N=250000,250000,22.22505235671997,0.014868949532734965,0.00040190512015514206
80,work_work,0.01230565432615213,N=250000,250000,22.22505235671997,0.012009455439930917,0.0002961988862212137
81,work_work,0.010183873432180447,N=250000,250000,22.22505235671997,0.009942923686855388,0.00024094974532505933
82,work_work,0.009756020052275743,N=250000,250000,22.22505235671997,0.00966726127995968,8.875877231606308e-05
83,work_work,0.011775788977861516,N=250000,250000,22.22505235671997,0.012511734428760524,0.0007359454508990074
84,work_work,0.06050842722786107,N=250000,250000,22.22505235671997,0.06095432434756538,0.00044589711970431656
30,nowork_nowork,0.1364,N=250000,250000,22.22505235671997,0.136219,0.00018099999999998673
31,nowork_nowork,0.164444,N=250000,250000,22.22505235671997,0.164972,0.0005280000000000007
32,nowork_nowork,0.15406586021505375,N=250000,250000,22.22505235671997,0.15418140070723393,0.00011554049218018281
33,nowork_nowork,0.14491280988594676,N=250000,250000,22.22505235671997,0.1443534877208423,0.0005593221651044589
34,nowork_nowork,0.1377218674477041,N=250000,250000,22.22505235671997,0.1374041601856529,0.0003177072620511867
35,nowork_nowork,0.1315318704451497,N=250000,250000,22.22505235671997,0.13133856786684756,0.0001933025783021347
36,nowork_nowork,0.1270787461467633,N=250000,250000,22.22505235671997,0.1259340951873895,0.0011446509593737997
37,nowork_nowork,0.12124646573060256,N=250000,250000,22.22505235671997,0.12142441682943018,0.00017795109882762228
38,nowork_nowork,0.11591886120426127,N=250000,250000,22.22505235671997,0.11708444626051459,0.0011655850562533182
39,nowork_nowork,0.1122379444422175,N=250000,250000,22.22505235671997,0.11341244322514256,0.0011744987829250542
40,nowork_nowork,0.10929189696527271,N=250000,250000,22.22505235671997,0.10977182171654078,0.0004799247512680682
41,nowork_nowork,0.10510767254701267,N=250000,250000,22.22505235671997,0.10588142043442185,0.0007737478874091791
42,nowork_nowork,0.10100997927011522,N=250000,250000,22.22505235671997,0.1018465894827742,0.0008366102126589753
43,nowork_nowork,0.09790454437612846,N=250000,250000,22.22505235671997,0.09839627875561845,0.0004917343794899887
44,nowork_nowork,0.09467048295351618,N=250000,250000,22.22505235671997,0.09540445819174874,0.0007339752382325565
45,nowork_nowork,0.09239158911276184,N=250000,250000,22.22505235671997,0.09274101329002397,0.0003494241772621365
46,nowork_nowork,0.09043285238623751,N=250000,250000,22.22505235671997,0.08997576620950021,0.0004570861767373008
47,nowork_nowork,0.08764759860455903,N=250000,250000,22.22505235671997,0.08773913720116376,9.153859660472607e-05
48,nowork_nowork,0.08575455421725783,N=250000,250000,22.22505235671997,0.08454927974664576,0.0012052744706120694
49,nowork_nowork,0.08376825239645139,N=250000,250000,22.22505235671997,0.08255351526833722,0.0012147371281141656
50,nowork_nowork,0.0809755621438942,N=250000,250000,22.22505235671997,0.08148442647621063,0.0005088643323164221
51,nowork_nowork,0.08079914197045018,N=250000,250000,22.22505235671997,0.08113373945403105,0.00033459748358086183
52,nowork_nowork,0.08316154576093714,N=250000,250000,22.22505235671997,0.08312805426116407,3.349149977306676e-05
53,nowork_nowork,0.08659232780237955,N=250000,250000,22.22505235671997,0.08616746542558922,0.0004248623767903331
54,nowork_nowork,0.09061104795795648,N=250000,250000,22.22505235671997,0.09063161623567598,2.0568277719498762e-05
55,nowork_nowork,0.0956022549145308,N=250000,250000,22.22505235671997,0.09667505640843221,0.001072801493901418
56,nowork_nowork,0.10276334926241429,N=250000,250000,22.22505235671997,0.10400651547008619,0.0012431662076718974
57,nowork_nowork,0.1128604539475058,N=250000,250000,22.22505235671997,0.11327413669245034,0.00041368274494454904
58,nowork_nowork,0.12490655108400743,N=250000,250000,22.22505235671997,0.12539132936989275,0.00048477828588532057
59,nowork_nowork,0.13922306294120135,N=250000,250000,22.22505235671997,0.13984117269641747,0.0006181097552161174
60,nowork_nowork,0.15670285614575663,N=250000,250000,22.22505235671997,0.15790902442218085,0.0012061682764242243
61,nowork_nowork,0.17678899239967746,N=250000,250000,22.22505235671997,0.17792859725370752,0.0011396048540300574
62,nowork_nowork,0.20146618428568955,N=250000,250000,22.22505235671997,0.20131107017699557,0.00015511410869398223
63,nowork_nowork,0.22962351286050708,N=250000,250000,22.22505235671997,0.22842554177215466,0.0011979710883524286
64,nowork_nowork,0.2606675470714762,N=250000,250000,22.22505235671997,0.25820801894294143,0.0024595281285347825
65,nowork_nowork,0.29483529890199267,N=250000,250000,22.22505235671997,0.292677393615238,0.002157905286754691
66,nowork_nowork,0.34374462460504995,N=250000,250000,22.22505235671997,0.34161984324389805,0.002124781361151906
67,nowork_nowork,0.41788500592705585,N=250000,250000,22.22505235671997,0.417177618087508,0.0007073878395478794
68,nowork_nowork,0.48726810768397255,N=250000,250000,22.22505235671997,0.4880513922629102,0.0007832845789376708
69,nowork_nowork,0.5392248695991213,N=250000,250000,22.22505235671997,0.5390897886758996,0.00013508092322167542
70,nowork_nowork,0.5830880034920096,N=250000,250000,22.22505235671997,0.5839198099997454,0.0008318065077357328
71,nowork_nowork,0.6245946669575478,N=250000,250000,22.22505235671997,0.6260740902297753,0.001479423272227498
72,nowork_nowork,0.6655485589115729,N=250000,250000,22.22505235671997,0.666351731634716,0.0008031727231430086
73,nowork_nowork,0.704250208855472,N=250000,250000,22.22505235671997,0.7040263764698518,0.00022383238562018182
74,nowork_nowork,0.7399007834022039,N=250000,250000,22.22505235671997,0.7385715936483026,0.0013291897539012831
75,nowork_nowork,0.7704918032786885,N=250000,250000,22.22505235671997,0.7703021557955667,0.00018964748312177981
76,nowork_nowork,0.7991733345631471,N=250000,250000,22.22505235671997,0.7994939145822345,0.00032058001908741307
77,nowork_nowork,0.8241757582304157,N=250000,250000,22.22505235671997,0.8236762022520467,0.0004995559783689263
78,nowork_nowork,0.8456349704810954,N=250000,250000,22.22505235671997,0.8457002827284472,6.531224735184527e-05
79,nowork_nowork,0.8632159244709999,N=250000,250000,22.22505235671997,0.8631254343724154,9.049009858452806e-05
80,nowork_nowork,0.8773478351809245,N=250000,250000,22.22505235671997,0.8769571626702023,0.0003906725107222231
81,nowork_nowork,0.8863975196742347,N=250000,250000,22.22505235671997,0.8864407596823901,4.324000815536522e-05
82,nowork_nowork,0.8868524123904633,N=250000,250000,22.22505235671997,0.8854969254061261,0.0013554869843371842
83,nowork_nowork,0.8735494369031817,N=250000,250000,22.22505235671997,0.8716194687805389,0.001929968122642789
84,nowork_nowork,0.18430021417264178,N=250000,250000,22.22505235671997,0.18495234420937404,0.0006521300367322569
30,prob_work,0.683114,N=500000,500000,41.27378511428833,0.683829,0.0007150000000000212
31,prob_work,0.697318,N=500000,500000,41.27378511428833,0.696873,0.0004450000000000287
32,prob_work,0.710717800196811,N=500000,500000,41.27378511428833,0.7108331199897595,0.00011531979294854278
33,prob_work,0.7207962619215259,N=500000,500000,41.27378511428833,0.7212743720402254,0.00047811011869947073
34,prob_work,0.7286945770924317,N=500000,500000,41.27378511428833,0.7294789014869237,0.000784324394492053
35,prob_work,0.7360770942387425,N=500000,500000,41.27378511428833,0.7369026608878697,0.0008255666491272518
36,prob_work,0.7426822043058102,N=500000,500000,41.27378511428833,0.7436603621392094,0.0009781578333991625
37,prob_work,0.7488321710106101,N=500000,500000,41.27378511428833,0.7500132646840052,0.0011810936733951394
38,prob_work,0.7552720979424395,N=500000,500000,41.27378511428833,0.7552311333179101,4.096462452940486e-05
39,prob_work,0.7610544984519193,N=500000,500000,41.27378511428833,0.7600280956011948,0.0010264028507245282
40,prob_work,0.7656410739746246,N=500000,500000,41.27378511428833,0.7655733332798598,6.774069476478406e-05
41,prob_work,0.7716942625566149,N=500000,500000,41.27378511428833,0.7716119801621582,8.228239445673413e-05
42,prob_work,0.7764852146353318,N=500000,500000,41.27378511428833,0.7763678719537298,0.00011734268160201733
43,prob_work,0.7805726830621637,N=500000,500000,41.27378511428833,0.7807135333327972,0.00014085027063359679
44,prob_work,0.7832809050272809,N=500000,500000,41.27378511428833,0.784895719608658,0.001614814581377133
45,prob_work,0.788499400485657,N=500000,500000,41.27378511428833,0.7889726351041612,0.00047323461850412585
46,prob_work,0.7925197660762069,N=500000,500000,41.27378511428833,0.7924560472488291,6.37188273777678e-05
47,prob_work,0.7963758741965477,N=500000,500000,41.27378511428833,0.7966887878999178,0.00031291370337016566
48,prob_work,0.799685708441928,N=500000,500000,41.27378511428833,0.799972259007723,0.00028655056579496296
49,prob_work,0.8032175128804004,N=500000,500000,41.27378511428833,0.8029248249974638,0.0002926878829366819
50,prob_work,0.8053299652411257,N=500000,500000,41.27378511428833,0.8042378775430519,0.0010920876980737848
51,prob_work,0.8028278164468545,N=500000,500000,41.27378511428833,0.8025957739657941,0.0002320424810604571
52,prob_work,0.7993573643347432,N=500000,500000,41.27378511428833,0.7987324336843784,0.0006249306503648411
53,prob_work,0.7931681288799959,N=500000,500000,41.27378511428833,0.7934820861510491,0.00031395727105321125
54,prob_work,0.7843069008198933,N=500000,500000,41.27378511428833,0.784674223763665,0.0003673229437717307
55,prob_work,0.7745764569859002,N=500000,500000,41.27378511428833,0.7755647564665469,0.000988299480646715
56,prob_work,0.7623101377605086,N=500000,500000,41.27378511428833,0.7632594802582918,0.0009493424977832232
57,prob_work,0.7482070731330379,N=500000,500000,41.27378511428833,0.7489944785071087,0.0007874053740707376
58,prob_work,0.7302977784780211,N=500000,500000,41.27378511428833,0.7307244358608406,0.00042665738281943977
59,prob_work,0.7105326029274027,N=500000,500000,41.27378511428833,0.7097918840156904,0.0007407189117123458
60,prob_work,0.6879530923653737,N=500000,500000,41.27378511428833,0.6855956931966858,0.0023573991686879348
61,prob_work,0.6601556129674612,N=500000,500000,41.27378511428833,0.6597356701530855,0.00041994281437562897
62,prob_work,0.6295388665308588,N=500000,500000,41.27378511428833,0.6292249382561057,0.0003139282747530725
63,prob_work,0.5973089230446414,N=500000,500000,41.27378511428833,0.5988116141876395,0.0015026911429980583
64,prob_work,0.561600070701826,N=500000,500000,41.27378511428833,0.5623299199519358,0.0007298492501097709
65,prob_work,0.5171135726021885,N=500000,500000,41.27378511428833,0.517231437007302,0.00011786440511352136
66,prob_work,0.44519111425180513,N=500000,500000,41.27378511428833,0.44552538654089346,0.0003342722890883332
67,prob_work,0.37081809803754834,N=500000,500000,41.27378511428833,0.37107423299844333,0.00025613496089499366
68,prob_work,0.32418304927980346,N=500000,500000,41.27378511428833,0.32468857507409876,0.0005055257942953029
69,prob_work,0.2871206121104444,N=500000,500000,41.27378511428833,0.28681176455207874,0.0003088475583656325
70,prob_work,0.25398924232903336,N=500000,500000,41.27378511428833,0.2535312866358486,0.0004579556931847417
71,prob_work,0.22186897856648655,N=500000,500000,41.27378511428833,0.2216758657780664,0.00019311278842015778
72,prob_work,0.19425400100628676,N=500000,500000,41.27378511428833,0.19313771804171365,0.001116282964573112
73,prob_work,0.16847668637200017,N=500000,500000,41.27378511428833,0.16780046534436527,0.000676221027634899
74,prob_work,0.14559021242269427,N=500000,500000,41.27378511428833,0.14563273773853128,4.252531583701091e-05
75,prob_work,0.12481869460112813,N=500000,500000,41.27378511428833,0.12457173648270489,0.000246958118423235
76,prob_work,0.10792839169546582,N=500000,500000,41.27378511428833,0.10751288990336536,0.0004155017921004672
77,prob_work,0.09289194276091244,N=500000,500000,41.27378511428833,0.0932165494225829,0.0003246066616704596
78,prob_work,0.08041372506511582,N=500000,500000,41.27378511428833,0.080256574888502,0.00015715017661381558
79,prob_work,0.07183755191314604,N=500000,500000,41.27378511428833,0.07151689038049786,0.0003206615326481893
80,prob_work,0.0632582685300236,N=500000,500000,41.27378511428833,0.06333574662212259,7.747809209898704e-05
81,prob_work,0.0601874179211895,N=500000,500000,41.27378511428833,0.0601730461839719,1.4371737217598601e-05
82,prob_work,0.06351053016104952,N=500000,500000,41.27378511428833,0.06397020451654764,0.0004596743554981242
83,prob_work,0.07668975430700715,N=500000,500000,41.27378511428833,0.07691797767945924,0.00022822337245208268
84,prob_work,0.8021673410539044,N=500000,500000,41.27378511428833,0.799192605624801,0.0029747354291034256
30,hours_0,0.316886,N=500000,500000,41.27378511428833,0.316171,0.0007150000000000212
31,hours_0,0.302682,N=500000,500000,41.27378511428833,0.303127,0.0004449999999999732
32,hours_0,0.289282199803189,N=500000,500000,41.27378511428833,0.2891668800102405,0.00011531979294848727
33,hours_0,0.27920373807847404,N=500000,500000,41.27378511428833,0.27872562795977457,0.00047811011869947073
34,hours_0,0.2713054229075683,N=500000,500000,41.27378511428833,0.2705210985130762,0.0007843243944921086
35,hours_0,0.2639229057612576,N=500000,500000,41.27378511428833,0.2630973391121303,0.0008255666491273073
36,hours_0,0.2573177956941898,N=500000,500000,41.27378511428833,0.25633963786079067,0.000978157833399107
37,hours_0,0.25116782898938994,N=500000,500000,41.27378511428833,0.2499867353159948,0.0011810936733951394
38,hours_0,0.24472790205756043,N=500000,500000,41.27378511428833,0.24476886668208991,4.0964624529488125e-05
39,hours_0,0.23894550154808067,N=500000,500000,41.27378511428833,0.23997190439880522,0.001026402850724556
40,hours_0,0.23435892602537545,N=500000,500000,41.27378511428833,0.2344266667201402,6.77406947647563e-05
41,hours_0,0.22830573744338511,N=500000,500000,41.27378511428833,0.2283880198378418,8.228239445667862e-05
42,hours_0,0.22351478536466818,N=500000,500000,41.27378511428833,0.22363212804627017,0.00011734268160198957
43,hours_0,0.21942731693783638,N=500000,500000,41.27378511428833,0.21928646666720272,0.0001408502706336523
44,hours_0,0.21671909497271916,N=500000,500000,41.27378511428833,0.21510428039134202,0.001614814581377133
45,hours_0,0.211500599514343,N=500000,500000,41.27378511428833,0.2110273648958389,0.0004732346185040981
46,hours_0,0.20748023392379314,N=500000,500000,41.27378511428833,0.20754395275117082,6.371882737768453e-05
47,hours_0,0.20362412580345232,N=500000,500000,41.27378511428833,0.20331121210008216,0.00031291370337016566
48,hours_0,0.20031429155807204,N=500000,500000,41.27378511428833,0.20002774099227708,0.00028655056579496296
49,hours_0,0.1967824871195995,N=500000,500000,41.27378511428833,0.19707517500253627,0.0002926878829367652
50,hours_0,0.1946700347588743,N=500000,500000,41.27378511428833,0.1957621224569481,0.0010920876980738126
51,hours_0,0.19717218355314545,N=500000,500000,41.27378511428833,0.1974042260342059,0.0002320424810604571
52,hours_0,0.20064263566525678,N=500000,500000,41.27378511428833,0.20126756631562157,0.0006249306503647856
53,hours_0,0.20683187112000412,N=500000,500000,41.27378511428833,0.20651791384895093,0.0003139572710531835
54,hours_0,0.21569309918010673,N=500000,500000,41.27378511428833,0.21532577623633503,0.00036732294377170294
55,hours_0,0.22542354301409984,N=500000,500000,41.27378511428833,0.22443524353345315,0.0009882994806466872
56,hours_0,0.23768986223949135,N=500000,500000,41.27378511428833,0.23674051974170815,0.0009493424977831955
57,hours_0,0.2517929268669621,N=500000,500000,41.27378511428833,0.2510055214928914,0.0007874053740706821
58,hours_0,0.26970222152197887,N=500000,500000,41.27378511428833,0.26927556413915943,0.00042665738281943977
59,hours_0,0.2894673970725973,N=500000,500000,41.27378511428833,0.2902081159843096,0.0007407189117123458
60,hours_0,0.31204690763462634,N=500000,500000,41.27378511428833,0.3144043068033142,0.0023573991686878792
61,hours_0,0.33984438703253883,N=500000,500000,41.27378511428833,0.3402643298469144,0.00041994281437557346
62,hours_0,0.3704611334691412,N=500000,500000,41.27378511428833,0.37077506174389435,0.000313928274753128
63,hours_0,0.40269107695535855,N=500000,500000,41.27378511428833,0.4011883858123605,0.0015026911429980583
64,hours_0,0.4383999292981739,N=500000,500000,41.27378511428833,0.4376700800480642,0.0007298492501097154
65,hours_0,0.48288642739781146,N=500000,500000,41.27378511428833,0.48276856299269794,0.00011786440511352136
66,hours_0,0.5548088857481949,N=500000,500000,41.27378511428833,0.5544746134591065,0.0003342722890883332
67,hours_0,0.6291819019624516,N=500000,500000,41.27378511428833,0.6289257670015567,0.00025613496089493815
68,hours_0,0.6758169507201965,N=500000,500000,41.27378511428833,0.6753114249259012,0.0005055257942953029
69,hours_0,0.7128793878895556,N=500000,500000,41.27378511428833,0.7131882354479213,0.000308847558365688
70,hours_0,0.7460107576709667,N=500000,500000,41.27378511428833,0.7464687133641514,0.0004579556931847417
71,hours_0,0.7781310214335134,N=500000,500000,41.27378511428833,0.7783241342219336,0.00019311278842015778
72,hours_0,0.8057459989937132,N=500000,500000,41.27378511428833,0.8068622819582864,0.001116282964573112
73,hours_0,0.8315233136279998,N=500000,500000,41.27378511428833,0.8321995346556348,0.0006762210276349823
74,hours_0,0.8544097875773057,N=500000,500000,41.27378511428833,0.8543672622614688,4.2525315836927646e-05
75,hours_0,0.8751813053988718,N=500000,500000,41.27378511428833,0.8754282635172951,0.000246958118423235
76,hours_0,0.8920716083045341,N=500000,500000,41.27378511428833,0.8924871100966346,0.0004155017921004811
77,hours_0,0.9071080572390876,N=500000,500000,41.27378511428833,0.9067834505774172,0.0003246066616704457
78,hours_0,0.9195862749348842,N=500000,500000,41.27378511428833,0.919743425111498,0.00015715017661377395
79,hours_0,0.928162448086854,N=500000,500000,41.27378511428833,0.9284831096195022,0.0003206615326482032
80,hours_0,0.9367417314699764,N=500000,500000,41.27378511428833,0.9366642533778774,7.74780920990148e-05
81,hours_0,0.9398125820788105,N=500000,500000,41.27378511428833,0.9398269538160281,1.4371737217633296e-05
82,hours_0,0.9364894698389504,N=500000,500000,41.27378511428833,0.9360297954834523,0.00045967435549809643
83,hours_0,0.9233102456929928,N=500000,500000,41.27378511428833,0.9230820223205407,0.00022822337245209656
84,hours_0,0.19783265894609553,N=500000,500000,41.27378511428833,0.200807394375199,0.002974735429103481
30,hours_1,0.093298,N=500000,500000,41.27378511428833,0.094294,0.0009959999999999969
31,hours_1,0.085364,N=500000,500000,41.27378511428833,0.085412,4.800000000000637e-05
32,hours_1,0.08384669541494323,N=500000,500000,41.27378511428833,0.08316299182360753,0.0006837035913356965
33,hours_1,0.08240654803814888,N=500000,500000,41.27378511428833,0.08218109444775044,0.00022545359039843893
34,hours_1,0.08170271335431249,N=500000,500000,41.27378511428833,0.08203337951316125,0.00033066615884876083
35,hours_1,0.08073004210088204,N=500000,500000,41.27378511428833,0.08153246171146836,0.0008024196105863163
36,hours_1,0.0797091296306675,N=500000,500000,41.27378511428833,0.08040699379221379,0.0006978641615462966
37,hours_1,0.07991694548396075,N=500000,500000,41.27378511428833,0.07965317606590495,0.00026376941805579535
38,hours_1,0.07966837061726813,N=500000,500000,41.27378511428833,0.07878873462307698,0.0008796359941911497
39,hours_1,0.07879279766735804,N=500000,500000,41.27378511428833,0.07868070912335512,0.00011208854400292234
40,hours_1,0.078296111063206,N=500000,500000,41.27378511428833,0.07756136590139345,0.0007347451618125445
41,hours_1,0.07764843284375797,N=500000,500000,41.27378511428833,0.07751727985182821,0.00013115299192975605
42,hours_1,0.07744064463908767,N=500000,500000,41.27378511428833,0.0771269919368605,0.0003136527022271768
43,hours_1,0.07636913389879235,N=500000,500000,41.27378511428833,0.07660090699301261,0.00023177309422026116
44,hours_1,0.07567386977251549,N=500000,500000,41.27378511428833,0.07561095620797113,6.291356454435348e-05
45,hours_1,0.07473676786200087,N=500000,500000,41.27378511428833,0.07539174388367728,0.0006549760216764122
46,hours_1,0.07452991246019543,N=500000,500000,41.27378511428833,0.07457994426833525,5.0031808139824885e-05
47,hours_1,0.0741884626268343,N=500000,500000,41.27378511428833,0.07401063314829917,0.00017782947853513253
48,hours_1,0.07430808267974055,N=500000,500000,41.27378511428833,0.07350755486439312,0.0008005278153474377
49,hours_1,0.07340458560520127,N=500000,500000,41.27378511428833,0.07369179263467586,0.0002872070294745871
50,hours_1,0.07320719258531586,N=500000,500000,41.27378511428833,0.07363055485508366,0.0004233622697678019
51,hours_1,0.07336293166212222,N=500000,500000,41.27378511428833,0.07375321795427318,0.0003902862921509598
52,hours_1,0.07389082965859725,N=500000,500000,41.27378511428833,0.07344031363983569,0.0004505160187615598
53,hours_1,0.07421887024780668,N=500000,500000,41.27378511428833,0.07430048315424101,8.161290643432517e-05
54,hours_1,0.07488399776748478,N=500000,500000,41.27378511428833,0.07520368738003246,0.00031968961254767725
55,hours_1,0.07603401167781154,N=500000,500000,41.27378511428833,0.07544873399003571,0.0005852776877758314
56,hours_1,0.07679473060859808,N=500000,500000,41.27378511428833,0.07668143174130924,0.00011329886728883576
57,hours_1,0.07751458776256928,N=500000,500000,41.27378511428833,0.07732073942897238,0.00019384833359689657
58,hours_1,0.0788572028780001,N=500000,500000,41.27378511428833,0.07865339638711494,0.00020380649088516667
59,hours_1,0.07964624222217054,N=500000,500000,41.27378511428833,0.07965782260937214,1.1580387201601261e-05
60,hours_1,0.0814113168500859,N=500000,500000,41.27378511428833,0.08094524836828831,0.000466068481797588
61,hours_1,0.0816109761645223,N=500000,500000,41.27378511428833,0.08129553596046746,0.00031544020405484263
62,hours_1,0.08164060555022763,N=500000,500000,41.27378511428833,0.08149436458443816,0.0001462409657894681
63,hours_1,0.08068203675532008,N=500000,500000,41.27378511428833,0.08124096500074848,0.0005589282454284
64,hours_1,0.07968537687387457,N=500000,500000,41.27378511428833,0.07979846618720292,0.00011308931332834615
65,hours_1,0.08205707132238703,N=500000,500000,41.27378511428833,0.0818110498447729,0.00024602147761412785
66,hours_1,0.12628760905607045,N=500000,500000,41.27378511428833,0.1268823242380981,0.0005947151820276386
67,hours_1,0.11967760543667365,N=500000,500000,41.27378511428833,0.11935296719456363,0.0003246382421100147
68,hours_1,0.11038031330360834,N=500000,500000,41.27378511428833,0.11034090683576399,3.940646784435231e-05
69,hours_1,0.10150863247924233,N=500000,500000,41.27378511428833,0.10092951228237397,0.0005791201968683574
70,hours_1,0.0936140582428167,N=500000,500000,41.27378511428833,0.09325191158053492,0.0003621466622817787
71,hours_1,0.08450651833739618,N=500000,500000,41.27378511428833,0.08468304579397791,0.00017652745658172653
72,hours_1,0.07699364209734554,N=500000,500000,41.27378511428833,0.07614824296729755,0.000845399130047983
73,hours_1,0.06945151313471401,N=500000,500000,41.27378511428833,0.0690647725968511,0.0003867405378629035
74,hours_1,0.06155955902124227,N=500000,500000,41.27378511428833,0.06197446529489064,0.00041490627364836746
75,hours_1,0.054491650226458084,N=500000,500000,41.27378511428833,0.05439970891274187,9.194131371621089e-05
76,hours_1,0.048457527605399155,N=500000,500000,41.27378511428833,0.04866172685797618,0.00020419925257702393
77,hours_1,0.04313043895908192,N=500000,500000,41.27378511428833,0.04358538810592783,0.00045494914684591353
78,hours_1,0.037643074158207106,N=500000,500000,41.27378511428833,0.0380011522636329,0.0003580781054257909
79,hours_1,0.03414290858991175,N=500000,500000,41.27378511428833,0.034203371307731295,6.04627178195441e-05
80,hours_1,0.029709467100395102,N=500000,500000,41.27378511428833,0.029938155840304247,0.00022868873990914557
81,hours_1,0.02750428479214121,N=500000,500000,41.27378511428833,0.027679601244627077,0.0001753164524858665
82,hours_1,0.027921603506877165,N=500000,500000,41.27378511428833,0.02794616335528574,2.4559848408576418e-05
83,hours_1,0.040351320016941396,N=500000,500000,41.27378511428833,0.0398639127022652,0.000487407314676197
84,hours_1,0.2003162643597972,N=500000,500000,41.27378511428833,0.19952216383551838,0.0007941005242788346
30,hours_2,0.082704,N=500000,500000,41.27378511428833,0.082324,0.00038000000000000533
31,hours_2,0.078256,N=500000,500000,41.27378511428833,0.07898,0.0007239999999999885
32,hours_2,0.07773035289976239,N=500000,500000,41.27378511428833,0.07759972478678977,0.000130628112972625
33,hours_2,0.07817000576073738,N=500000,500000,41.27378511428833,0.07768948808089092,0.00048051767984645666
34,hours_2,0.07722546868029312,N=500000,500000,41.27378511428833,0.07759711517782568,0.00037164649753256007
35,hours_2,0.07714226256223086,N=500000,500000,41.27378511428833,0.0771153238167273,2.6938745503565786e-05
36,hours_2,0.07718913379396482,N=500000,500000,41.27378511428833,0.07655802623822967,0.0006311075557351442
37,hours_2,0.07616467540060588,N=500000,500000,41.27378511428833,0.07647065301288526,0.0003059776122793789
38,hours_2,0.0759526632908147,N=500000,500000,41.27378511428833,0.07581925962425375,0.00013340366656094949
39,hours_2,0.07629182072323924,N=500000,500000,41.27378511428833,0.07593527591102793,0.0003565448122113124
40,hours_2,0.07561698995931185,N=500000,500000,41.27378511428833,0.07577267595635757,0.0001556859970457264
41,hours_2,0.07549922439863302,N=500000,500000,41.27378511428833,0.07576446225020844,0.0002652378515754228
42,hours_2,0.07583788419553678,N=500000,500000,41.27378511428833,0.0759190272017994,8.114300626262116e-05
43,hours_2,0.07525135048742192,N=500000,500000,41.27378511428833,0.07525609687457284,4.746387150922349e-06
44,hours_2,0.07505600067623458,N=500000,500000,41.27378511428833,0.075206452735983,0.0001504520597484238
45,hours_2,0.0751539089342751,N=500000,500000,41.27378511428833,0.07475902952902073,0.0003948794052543586
46,hours_2,0.0746994224552312,N=500000,500000,41.27378511428833,0.07514291075871336,0.00044348830348216184
47,hours_2,0.07439058899624044,N=500000,500000,41.27378511428833,0.07490902402816642,0.0005184350319259734
48,hours_2,0.07431820805210111,N=500000,500000,41.27378511428833,0.07411400940358892,0.00020419864851219105
49,hours_2,0.07420815214193095,N=500000,500000,41.27378511428833,0.07404788475195292,0.0001602673899780277
50,hours_2,0.0739027768455864,N=500000,500000,41.27378511428833,0.07357157964094263,0.00033119720464376556
51,hours_2,0.07322221383806846,N=500000,500000,41.27378511428833,0.07296306680600514,0.0002591470320633116
52,hours_2,0.07241616283921427,N=500000,500000,41.27378511428833,0.07207314990638457,0.000343012932829706
53,hours_2,0.0714319429480273,N=500000,500000,41.27378511428833,0.07124601261803112,0.0001859303299961701
54,hours_2,0.06987319560664071,N=500000,500000,41.27378511428833,0.06954925156730128,0.00032394403933942717
55,hours_2,0.06898926741692021,N=500000,500000,41.27378511428833,0.06847911285202274,0.0005101545648974748
56,hours_2,0.06718889604587862,N=500000,500000,41.27378511428833,0.0668812173291559,0.00030767871672271463
57,hours_2,0.06620776649555371,N=500000,500000,41.27378511428833,0.0651354478172979,0.0010723186782558153
58,hours_2,0.06350506801113387,N=500000,500000,41.27378511428833,0.06350116519271626,3.902818417611531e-06
59,hours_2,0.06141921734368756,N=500000,500000,41.27378511428833,0.06140526119406929,1.395614961827163e-05
60,hours_2,0.05940952417450696,N=500000,500000,41.27378511428833,0.059211093616763064,0.00019843055774389912
61,hours_2,0.05611250826130619,N=500000,500000,41.27378511428833,0.05681085471084967,0.0006983464495434813
62,hours_2,0.053209706295583505,N=500000,500000,41.27378511428833,0.05319174266053954,1.7963635043964643e-05
63,hours_2,0.04974514329678784,N=500000,500000,41.27378511428833,0.05031736544611999,0.000572222149332148
64,hours_2,0.047122767092718815,N=500000,500000,41.27378511428833,0.047126530720432575,3.7636277137598206e-06
65,hours_2,0.04630087071210614,N=500000,500000,41.27378511428833,0.04649548846804601,0.0001946177559398743
66,hours_2,0.047484122885693834,N=500000,500000,41.27378511428833,0.047592900576598894,0.00010877769090505973
67,hours_2,0.03993390313914125,N=500000,500000,41.27378511428833,0.040374065840642896,0.0004401627015016493
68,hours_2,0.03445545571964769,N=500000,500000,41.27378511428833,0.03438836272963612,6.709299001157049e-05
69,hours_2,0.030274921690486553,N=500000,500000,41.27378511428833,0.029828537607750807,0.0004463840827357464
70,hours_2,0.026015901167233988,N=500000,500000,41.27378511428833,0.025701923158523887,0.00031397800871010156
71,hours_2,0.021959245822039595,N=500000,500000,41.27378511428833,0.02203573402465048,7.648820261088596e-05
72,hours_2,0.018855170941691275,N=500000,500000,41.27378511428833,0.018737364501742303,0.00011780643994897116
73,hours_2,0.015939135314306595,N=500000,500000,41.27378511428833,0.015576254916895339,0.00036288039741125613
74,hours_2,0.013310029577843507,N=500000,500000,41.27378511428833,0.013023989508788808,0.000286040069054699
75,hours_2,0.011100614076523381,N=500000,500000,41.27378511428833,0.011121310892579636,2.0696816056254425e-05
76,hours_2,0.009211887831718755,N=500000,500000,41.27378511428833,0.008883874147277773,0.0003280136844409816
77,hours_2,0.007420548796412201,N=500000,500000,41.27378511428833,0.007475810904900243,5.5262108488041833e-05
78,hours_2,0.0065508563241684185,N=500000,500000,41.27378511428833,0.006249538859070623,0.00030131746509779594
79,hours_2,0.00513762559099214,N=500000,500000,41.27378511428833,0.005203389466768137,6.576387577599766e-05
80,hours_2,0.004216287154285395,N=500000,500000,41.27378511428833,0.004336941636209799,0.00012065448192440358
81,hours_2,0.003928653573627939,N=500000,500000,41.27378511428833,0.0037197883095546266,0.00020886526407331261
82,hours_2,0.003454464597693847,N=500000,500000,41.27378511428833,0.0036212544819224993,0.0001667898842286522
83,hours_2,0.004466367482791223,N=500000,500000,41.27378511428833,0.004593267057422253,0.00012689957463103002
84,hours_2,0.20058601925491837,N=500000,500000,41.27378511428833,0.19972203693933852,0.0008639823155798532
30,hours_3,0.088694,N=500000,500000,41.27378511428833,0.088833,0.00013900000000000023
31,hours_3,0.087882,N=500000,500000,41.27378511428833,0.088053,0.00017100000000000448
32,hours_3,0.08822294048466714,N=500000,500000,41.27378511428833,0.08883626414067876,0.000613323656011619
33,hours_3,0.08898939064200218,N=500000,500000,41.27378511428833,0.0891830397103609,0.00019364906835872553
34,hours_3,0.08960290960887127,N=500000,500000,41.27378511428833,0.08942448597850387,0.00017842363036739417
35,hours_3,0.0893223038627159,N=500000,500000,41.27378511428833,0.09017164307524841,0.00084933921253251
36,hours_3,0.09070984219501846,N=500000,500000,41.27378511428833,0.09027159940313982,0.00043824279187863746
37,hours_3,0.09039086480414713,N=500000,500000,41.27378511428833,0.09046414380719456,7.327900304743284e-05
38,hours_3,0.09057312031280046,N=500000,500000,41.27378511428833,0.0911163122826099,0.0005431919698094395
39,hours_3,0.08988286690514123,N=500000,500000,41.27378511428833,0.09114437471756606,0.0012615078124248308
40,hours_3,0.0906669928670406,N=500000,500000,41.27378511428833,0.0912933712193371,0.0006263783522965083
41,hours_3,0.09091693540133608,N=500000,500000,41.27378511428833,0.0917876431877401,0.0008707077864040236
42,hours_3,0.09195386138733176,N=500000,500000,41.27378511428833,0.09141170209561297,0.0005421592917187884
43,hours_3,0.0922472874653457,N=500000,500000,41.27378511428833,0.09139884374472328,0.0008484437206224271
44,hours_3,0.0922214909764948,N=500000,500000,41.27378511428833,0.09152444478879787,0.0006970461876969342
45,hours_3,0.09214384313883543,N=500000,500000,41.27378511428833,0.09182115945912998,0.00032268367970544887
46,hours_3,0.09197531611596098,N=500000,500000,41.27378511428833,0.09177261803631638,0.00020269807964459763
47,hours_3,0.09168452116263087,N=500000,500000,41.27378511428833,0.09215833103430156,0.00047380987167068567
48,hours_3,0.09227251832186129,N=500000,500000,41.27378511428833,0.0923299193688823,5.7401047021010676e-05
49,hours_3,0.09191096645109709,N=500000,500000,41.27378511428833,0.09234655574718474,0.0004355892960876545
50,hours_3,0.09204898377580222,N=500000,500000,41.27378511428833,0.09212030130233542,7.131752653320722e-05
51,hours_3,0.08971882947243053,N=500000,500000,41.27378511428833,0.09096016108887926,0.0012413316164487376
52,hours_3,0.08873158200456513,N=500000,500000,41.27378511428833,0.08901595910575016,0.0002843771011850349
53,hours_3,0.08712739212970089,N=500000,500000,41.27378511428833,0.08673075206461482,0.0003966400650860652
54,hours_3,0.08402001025638914,N=500000,500000,41.27378511428833,0.08385782662064306,0.00016218363574607708
55,hours_3,0.08015206388668841,N=500000,500000,41.27378511428833,0.08079073143795486,0.0006386675512664447
56,hours_3,0.07800195316558273,N=500000,500000,41.27378511428833,0.07807344862834396,7.149546276123686e-05
57,hours_3,0.07448634785913881,N=500000,500000,41.27378511428833,0.07427807106938203,0.0002082767897567811
58,hours_3,0.06985557481224726,N=500000,500000,41.27378511428833,0.07065510190579109,0.0007995270935438337
59,hours_3,0.06639195397681504,N=500000,500000,41.27378511428833,0.06647471246507881,8.275848826377885e-05
60,hours_3,0.061921824867092905,N=500000,500000,41.27378511428833,0.06208009572566591,0.00015827085857300638
61,hours_3,0.05810595071540766,N=500000,500000,41.27378511428833,0.05800386871267137,0.00010208200273628676
62,hours_3,0.053517114176049464,N=500000,500000,41.27378511428833,0.05288545831177799,0.0006316558642714756
63,hours_3,0.04924242424242424,N=500000,500000,41.27378511428833,0.048515555769232874,0.0007268684731913666
64,hours_3,0.04448249577446117,N=500000,500000,41.27378511428833,0.04461840221943419,0.0001359064449730149
65,hours_3,0.04171370449439458,N=500000,500000,41.27378511428833,0.04162969453006086,8.400996433371999e-05
66,hours_3,0.03287083593799545,N=500000,500000,41.27378511428833,0.03283432376712786,3.651217086759334e-05
67,hours_3,0.02665018075514974,N=500000,500000,41.27378511428833,0.026696996329421498,4.681557427175728e-05
68,hours_3,0.022725839489707973,N=500000,500000,41.27378511428833,0.022553573492313458,0.0001722659973945155
69,hours_3,0.01883709480624193,N=500000,500000,41.27378511428833,0.018666308537227436,0.00017078626901449387
70,hours_3,0.016051590238032272,N=500000,500000,41.27378511428833,0.016047941360819842,3.6488772124296243e-06
71,hours_3,0.013205305929120366,N=500000,500000,41.27378511428833,0.01299689452539277,0.00020841140372759685
72,hours_3,0.010827747086596565,N=500000,500000,41.27378511428833,0.010810652931435596,1.7094155160969626e-05
73,hours_3,0.008445888632241057,N=500000,500000,41.27378511428833,0.008727815281241197,0.00028192664900014014
74,hours_3,0.007082549072331272,N=500000,500000,41.27378511428833,0.007044751572741125,3.7797499590147034e-05
75,hours_3,0.005621162021728862,N=500000,500000,41.27378511428833,0.005250958602003447,0.0003702034197254145
76,hours_3,0.0046376494121512755,N=500000,500000,41.27378511428833,0.004442657582491059,0.00019499182966021666
77,hours_3,0.003590200793086162,N=500000,500000,41.27378511428833,0.003469304458476387,0.0001208963346097749
78,hours_3,0.0029690931541194988,N=500000,500000,41.27378511428833,0.00269070826537228,0.0002783848887472186
79,hours_3,0.0023457968936362824,N=500000,500000,41.27378511428833,0.002231910710365013,0.00011388618327126936
80,hours_3,0.0017660937914473593,N=500000,500000,41.27378511428833,0.0018614307022670378,9.533691081967848e-05
81,hours_3,0.0016360115448252324,N=500000,500000,41.27378511428833,0.0016392287465833949,3.2172017581624975e-06
82,hours_3,0.001528699850703599,N=500000,500000,41.27378511428833,0.0015437457462661394,1.5045895562540348e-05
83,hours_3,0.0017968145045711816,N=500000,500000,41.27378511428833,0.0016700845306549254,0.00012672997391625614
84,hours_3,0.20027440584158876,N=500000,500000,41.27378511428833,0.20001952248921034,0.00025488335237841553
30,hours_4,0.418418,N=500000,500000,41.27378511428833,0.418378,3.999999999998449e-05
31,hours_4,0.445816,N=500000,500000,41.27378511428833,0.444428,0.0013880000000000003
32,hours_4,0.46091781139743826,N=500000,500000,41.27378511428833,0.46123413923868345,0.00031632784124518976
33,hours_4,0.47123031748063754,N=500000,500000,41.27378511428833,0.47222074980122314,0.0009904323205855992
34,hours_4,0.4801634854489548,N=500000,500000,41.27378511428833,0.48042392081743296,0.0002604353684781402
35,hours_4,0.4888824857129136,N=500000,500000,41.27378511428833,0.4880832322844257,0.0007992534284879116
36,hours_4,0.4950740986861594,N=500000,500000,41.27378511428833,0.49642374270562606,0.0013496440194666337
37,hours_4,0.5023596853218963,N=500000,500000,41.27378511428833,0.5034252917980204,0.0010656064761240813
38,hours_4,0.5090779437215563,N=500000,500000,41.27378511428833,0.5095068267879694,0.00042888306641308827
39,hours_4,0.5160870131561808,N=500000,500000,41.27378511428833,0.5142677358492457,0.0018192773069350965
40,hours_4,0.5210609800850661,N=500000,500000,41.27378511428833,0.5209459202027716,0.00011505988229443265
41,hours_4,0.5276296699128878,N=500000,500000,41.27378511428833,0.5265425948723814,0.0010870750405064245
42,hours_4,0.5312528244133756,N=500000,500000,41.27378511428833,0.531910150719457,0.0006573263060813961
43,hours_4,0.5367049112106037,N=500000,500000,41.27378511428833,0.5374576857204886,0.0007527745098848682
44,hours_4,0.540329543602036,N=500000,500000,41.27378511428833,0.5425538658759059,0.0022243222738699275
45,hours_4,0.5464648805505457,N=500000,500000,41.27378511428833,0.5470007022323331,0.0005358216817874517
46,hours_4,0.5513151150448192,N=500000,500000,41.27378511428833,0.5509605741854642,0.00035454085935504587
47,hours_4,0.5561123014108421,N=500000,500000,41.27378511428833,0.5556107996891507,0.0005015017216913886
48,hours_4,0.558786899388225,N=500000,500000,41.27378511428833,0.5600207753708586,0.001233875982633581
49,hours_4,0.5636938086821712,N=500000,500000,41.27378511428833,0.5628385918636502,0.0008552168185210762
50,hours_4,0.5661710120344212,N=500000,500000,41.27378511428833,0.5649154417446902,0.0012555702897310006
51,hours_4,0.5665238414742333,N=500000,500000,41.27378511428833,0.5649193281166365,0.0016045133575968151
52,hours_4,0.5643187898323666,N=500000,500000,41.27378511428833,0.564203011032408,0.00011577879995861018
53,hours_4,0.560389923554461,N=500000,500000,41.27378511428833,0.5612048383141621,0.0008149147597010797
54,hours_4,0.5555296971893786,N=500000,500000,41.27378511428833,0.5560634581956881,0.0005337610063095299
55,hours_4,0.54940111400448,N=500000,500000,41.27378511428833,0.5508461781865336,0.0014450641820535903
56,hours_4,0.5403245579404492,N=500000,500000,41.27378511428833,0.5416233825594827,0.0012988246190335229
57,hours_4,0.5299983710157761,N=500000,500000,41.27378511428833,0.5322602201914564,0.002261849175680286
58,hours_4,0.5180799327766399,N=500000,500000,41.27378511428833,0.5179147723752183,0.0001651604014215602
59,hours_4,0.5030751893847295,N=500000,500000,41.27378511428833,0.5022540877471701,0.0008211016375594404
60,hours_4,0.4852104264736879,N=500000,500000,41.27378511428833,0.48335925548596853,0.0018511709877193638
61,hours_4,0.46432617782622504,N=500000,500000,41.27378511428833,0.4636254107690971,0.0007007670571279601
62,hours_4,0.4411714405089982,N=500000,500000,41.27378511428833,0.44165337269935,0.0004819321903518081
63,hours_4,0.4176393187501093,N=500000,500000,41.27378511428833,0.4187377279715382,0.0010984092214288976
64,hours_4,0.39030943096077153,N=500000,500000,41.27378511428833,0.39078652082486615,0.0004770898640946153
65,hours_4,0.34704192607330075,N=500000,500000,41.27378511428833,0.3472952041644223,0.00025327809112152266
66,hours_4,0.2385485463720454,N=500000,500000,41.27378511428833,0.23821583795906862,0.0003327084129767788
67,hours_4,0.1845564087065837,N=500000,500000,41.27378511428833,0.18465020363381526,9.37949272315497e-05
68,hours_4,0.15662144076683943,N=500000,500000,41.27378511428833,0.1574057320163852,0.0007842912495457655
69,hours_4,0.13649996313447355,N=500000,500000,41.27378511428833,0.1373874061247265,0.0008874429902529513
70,hours_4,0.11830769268095039,N=500000,500000,41.27378511428833,0.11852951053596997,0.00022181785501958207
71,hours_4,0.1021979084779304,N=500000,500000,41.27378511428833,0.10196019143404522,0.00023771704388517167
72,hours_4,0.08757744088065338,N=500000,500000,41.27378511428833,0.0874414576412382,0.00013598323941517443
73,hours_4,0.07464014929073849,N=500000,500000,41.27378511428833,0.07443162254937763,0.00020852674136086213
74,hours_4,0.06363807475127722,N=500000,500000,41.27378511428833,0.06358953136211071,4.854338916651657e-05
75,hours_4,0.053605268276417796,N=500000,500000,41.27378511428833,0.053799758075379935,0.00019448979896213858
76,hours_4,0.04562132684619664,N=500000,500000,41.27378511428833,0.045524631315620345,9.669553057629204e-05
77,hours_4,0.03875075421233216,N=500000,500000,41.27378511428833,0.03868604595327843,6.470825905372651e-05
78,hours_4,0.0332507014286208,N=500000,500000,41.27378511428833,0.03331517550042621,6.44740718054107e-05
79,hours_4,0.03021122083860587,N=500000,500000,41.27378511428833,0.029878218895633413,0.0003330019429724565
80,hours_4,0.027566420483895737,N=500000,500000,41.27378511428833,0.027199218443341503,0.0003672020405542341
81,hours_4,0.027118468010595122,N=500000,500000,41.27378511428833,0.027134427883206805,1.5959872611683718e-05
82,hours_4,0.030605762205774913,N=500000,500000,41.27378511428833,0.030859040933073265,0.00025327872729835263
83,hours_4,0.03007525230270335,N=500000,500000,41.27378511428833,0.030790713389116865,0.0007154610864135158
84,hours_4,0.2009906515976001,N=500000,500000,41.27378511428833,0.19992888236073378,0.0010617692368663223
30,work_work,0.560004,N=500000,500000,41.27378511428833,0.561155,0.0011510000000000131
31,work_work,0.54578,N=500000,500000,41.27378511428833,0.545674,0.0001060000000000505
32,work_work,0.5621834822750074,N=500000,500000,41.27378511428833,0.5618879706225899,0.00029551165241747945
33,work_work,0.5763577737950457,N=500000,500000,41.27378511428833,0.576458821940962,0.00010104814591627154
34,work_work,0.5872732619668268,N=500000,500000,41.27378511428833,0.5881586252081843,0.0008853632413574619
35,work_work,0.5968480366261666,N=500000,500000,41.27378511428833,0.5977232980762689,0.0008752614501023048
36,work_work,0.605743749049247,N=500000,500000,41.27378511428833,0.6065066166013997,0.0007628675521527128
37,work_work,0.6138365459893359,N=500000,500000,41.27378511428833,0.6150939089572156,0.001257362967879705
38,work_work,0.6211020126914941,N=500000,500000,41.27378511428833,0.6223168314650178,0.001214818773523696
39,work_work,0.6292742557689802,N=500000,500000,41.27378511428833,0.6286681342376563,0.0006061215313238888
40,work_work,0.6360446065642478,N=500000,500000,41.27378511428833,0.6353869846738147,0.0006576218904330577
41,work_work,0.6430407587046956,N=500000,500000,41.27378511428833,0.6430753671435494,3.460843885383369e-05
42,work_work,0.6493690386048352,N=500000,500000,41.27378511428833,0.6498107220676982,0.0004416834628629962
43,work_work,0.6556825012615272,N=500000,500000,41.27378511428833,0.6554893983130573,0.00019310294846985876
44,work_work,0.6601257071783508,N=500000,500000,41.27378511428833,0.6609969098752178,0.0008712026968669129
45,work_work,0.6655636946204923,N=500000,500000,41.27378511428833,0.6666058804149719,0.0010421857944796775
46,work_work,0.6713019578404427,N=500000,500000,41.27378511428833,0.6713930293045245,9.107146408182665e-05
47,work_work,0.676280470550188,N=500000,500000,41.27378511428833,0.6768996318517463,0.0006191613015582575
48,work_work,0.6807024578328869,N=500000,500000,41.27378511428833,0.6812114511576296,0.0005089933247427458
49,work_work,0.6857567831364663,N=500000,500000,41.27378511428833,0.6854377599675358,0.0003190231689305101
50,work_work,0.6896616246977157,N=500000,500000,41.27378511428833,0.6886657772933223,0.0009958474043934018
51,work_work,0.6888504577408059,N=500000,500000,41.27378511428833,0.6879800168225728,0.000870440918233073
52,work_work,0.6850737537940457,N=500000,500000,41.27378511428833,0.6844704720242715,0.0006032817697741999
53,work_work,0.6787542968549587,N=500000,500000,41.27378511428833,0.6783787194617072,0.00037557739325144723
54,work_work,0.6680657644614058,N=500000,500000,41.27378511428833,0.6687886676497483,0.0007229031883425607
55,work_work,0.6555893613192659,N=500000,500000,41.27378511428833,0.6569064395576669,0.0013170782384009927
56,work_work,0.6417478754129698,N=500000,500000,41.27378511428833,0.6428209326097616,0.001073057196791738
57,work_work,0.6243604148479823,N=500000,500000,41.27378511428833,0.6255387841021101,0.0011783692541277313
58,work_work,0.60416574759729,N=500000,500000,41.27378511428833,0.6050842099846356,0.0009184623873456088
59,work_work,0.5807868848299819,N=500000,500000,41.27378511428833,0.5803898065554051,0.0003970782745768009
60,work_work,0.5550332241121253,N=500000,500000,41.27378511428833,0.5532756126304225,0.0017576114817028365
61,work_work,0.5250972044598179,N=500000,500000,41.27378511428833,0.523296495092228,0.0018007093675899144
62,work_work,0.49070307646013334,N=500000,500000,41.27378511428833,0.4902313691451528,0.00047170731498052954
63,work_work,0.455609907499694,N=500000,500000,41.27378511428833,0.45643914767518473,0.0008292401754907419
64,work_work,0.4177174357331448,N=500000,500000,41.27378511428833,0.41944832217137,0.001730886438225221
65,work_work,0.372231101970559,N=500000,500000,41.27378511428833,0.3722812907205711,5.0188750012114536e-05
66,work_work,0.3042720988593845,N=500000,500000,41.27378511428833,0.30435885214591474,8.675328653023895e-05
67,work_work,0.23459099694566313,N=500000,500000,41.27378511428833,0.23377047108629592,0.0008205258593672049
68,work_work,0.1827222893071772,N=500000,500000,41.27378511428833,0.18382096291618172,0.001098673609004508
69,work_work,0.14935295055024772,N=500000,500000,41.27378511428833,0.1505391551552218,0.001186204604974067
70,work_work,0.12464244209320889,N=500000,500000,41.27378511428833,0.12422757840602007,0.00041486368718882116
71,work_work,0.10113156452496856,N=500000,500000,41.27378511428833,0.10116833258567318,3.676806070461447e-05
72,work_work,0.08205048713426813,N=500000,500000,41.27378511428833,0.0812024422703768,0.0008480448638913257
73,work_work,0.0658393036578841,N=500000,500000,41.27378511428833,0.06500735577976482,0.0008319478781192713
74,work_work,0.05154073675719279,N=500000,500000,41.27378511428833,0.0519535312438696,0.000412794486676811
75,work_work,0.040273416877379196,N=500000,500000,41.27378511428833,0.04049945907210381,0.00022604219472461412
76,work_work,0.03148067550001009,N=500000,500000,41.27378511428833,0.03153379042414915,5.3114924139063824e-05
77,work_work,0.024636101930483385,N=500000,500000,41.27378511428833,0.024478703992701255,0.00015739793778212982
78,work_work,0.019275541270394842,N=500000,500000,41.27378511428833,0.019208580125493126,6.696114490171642e-05
79,work_work,0.01513534587288424,N=500000,500000,41.27378511428833,0.014868949532734965,0.0002663963401492754
80,work_work,0.01198570371507951,N=500000,500000,41.27378511428833,0.012009455439930917,2.3751724851407002e-05
81,work_work,0.010246403371445107,N=500000,500000,41.27378511428833,0.009942923686855388,0.00030347968458971884
82,work_work,0.009541469457768178,N=500000,500000,41.27378511428833,0.00966726127995968,0.00012579182219150248
83,work_work,0.012564867142679906,N=500000,500000,41.27378511428833,0.012511734428760524,5.313271391938282e-05
84,work_work,0.06127621971071113,N=500000,500000,41.27378511428833,0.06095432434756538,0.00032189536314574524
30,nowork_nowork,0.136868,N=500000,500000,41.27378511428833,0.136219,0.0006489999999999829
31,nowork_nowork,0.165348,N=500000,500000,41.27378511428833,0.164972,0.00037599999999998746
32,nowork_nowork,0.15414463209939758,N=500000,500000,41.27378511428833,0.15418140070723393,3.676860783635716e-05
33,nowork_nowork,0.1448465403571657,N=500000,500000,41.27378511428833,0.1443534877208423,0.0004930526363234045
34,nowork_nowork,0.13777830236805833,N=500000,500000,41.27378511428833,0.1374041601856529,0.0003741421824054181
35,nowork_nowork,0.13208151243016536,N=500000,500000,41.27378511428833,0.13133856786684756,0.0007429445633178045
36,nowork_nowork,0.12696855909880625,N=500000,500000,41.27378511428833,0.1259340951873895,0.0010344639114167609
37,nowork_nowork,0.12231919924874507,N=500000,500000,41.27378511428833,0.12142441682943018,0.0008947824193148851
38,nowork_nowork,0.11699971155695148,N=500000,500000,41.27378511428833,0.11708444626051459,8.473470356311352e-05
39,nowork_nowork,0.11295678400016032,N=500000,500000,41.27378511428833,0.11341244322514256,0.0004556592249822383
40,nowork_nowork,0.10932257941608796,N=500000,500000,41.27378511428833,0.10977182171654078,0.0004492423004528179
41,nowork_nowork,0.10569048588967396,N=500000,500000,41.27378511428833,0.10588142043442185,0.0001909345447478894
42,nowork_nowork,0.10120689066482423,N=500000,500000,41.27378511428833,0.1018465894827742,0.0006396988179499657
43,nowork_nowork,0.09863634444616445,N=500000,500000,41.27378511428833,0.09839627875561845,0.0002400656905460069
44,nowork_nowork,0.0963030496972039,N=500000,500000,41.27378511428833,0.09540445819174874,0.0008985915054551541
45,nowork_nowork,0.09376202807137747,N=500000,500000,41.27378511428833,0.09274101329002397,0.0010210147813534964
46,nowork_nowork,0.09027416223720906,N=500000,500000,41.27378511428833,0.08997576620950021,0.0002983960277088554
47,nowork_nowork,0.08737922949427983,N=500000,500000,41.27378511428833,0.08773913720116376,0.0003599077068839329
48,nowork_nowork,0.08463798756199259,N=500000,500000,41.27378511428833,0.08454927974664576,8.870781534682515e-05
49,nowork_nowork,0.08283837557807075,N=500000,500000,41.27378511428833,0.08255351526833722,0.0002848603097335284
50,nowork_nowork,0.08115353090366971,N=500000,500000,41.27378511428833,0.08148442647621063,0.00033089557254091517
51,nowork_nowork,0.08073736139804177,N=500000,500000,41.27378511428833,0.08113373945403105,0.00039637805598927156
52,nowork_nowork,0.08283291472703325,N=500000,500000,41.27378511428833,0.08312805426116407,0.0002951395341308227
53,nowork_nowork,0.08623262018367452,N=500000,500000,41.27378511428833,0.08616746542558922,6.515475808530069e-05
54,nowork_nowork,0.0905569136918676,N=500000,500000,41.27378511428833,0.09063161623567598,7.470254380838315e-05
55,nowork_nowork,0.09671321106723946,N=500000,500000,41.27378511428833,0.09667505640843221,3.815465880724345e-05
56,nowork_nowork,0.10483720157084381,N=500000,500000,41.27378511428833,0.10400651547008619,0.0008306861007576216
57,nowork_nowork,0.11390985451917815,N=500000,500000,41.27378511428833,0.11327413669245034,0.0006357178267278052
58,nowork_nowork,0.12561104983981933,N=500000,500000,41.27378511428833,0.12539132936989275,0.00021972046992657646
59,nowork_nowork,0.14003370128483505,N=500000,500000,41.27378511428833,0.13984117269641747,0.0001925285884175898
60,nowork_nowork,0.15656317265254244,N=500000,500000,41.27378511428833,0.15790902442218085,0.0013458517696384176
61,nowork_nowork,0.17689924210562455,N=500000,500000,41.27378511428833,0.17792859725370752,0.0010293551480829721
62,nowork_nowork,0.20102094053822359,N=500000,500000,41.27378511428833,0.20131107017699557,0.00029012963877197984
63,nowork_nowork,0.22866722621483151,N=500000,500000,41.27378511428833,0.22842554177215466,0.0002416844426768594
64,nowork_nowork,0.2588327570398029,N=500000,500000,41.27378511428833,0.25820801894294143,0.0006247380968614769
65,nowork_nowork,0.2934243911162775,N=500000,500000,41.27378511428833,0.292677393615238,0.0007469975010395147
66,nowork_nowork,0.34217333007184336,N=500000,500000,41.27378511428833,0.34161984324389805,0.0005534868279453153
67,nowork_nowork,0.41865328795111223,N=500000,500000,41.27378511428833,0.417177618087508,0.0014756698636042564
68,nowork_nowork,0.4878347857161209,N=500000,500000,41.27378511428833,0.4880513922629102,0.0002166065467893441
69,nowork_nowork,0.5380131146137326,N=500000,500000,41.27378511428833,0.5390897886758996,0.001076674062167049
70,nowork_nowork,0.5834956850433437,N=500000,500000,41.27378511428833,0.5839198099997454,0.00042412495640165027
71,nowork_nowork,0.6252768154505799,N=500000,500000,41.27378511428833,0.6260740902297753,0.0007972747791954449
72,nowork_nowork,0.6659687034655906,N=500000,500000,41.27378511428833,0.666351731634716,0.00038302816912538784
73,nowork_nowork,0.7029975596706208,N=500000,500000,41.27378511428833,0.7040263764698518,0.0010288167992309472
74,nowork_nowork,0.7373030384511966,N=500000,500000,41.27378511428833,0.7385715936483026,0.0012685551971060027
75,nowork_nowork,0.7699435938759065,N=500000,500000,41.27378511428833,0.7703021557955667,0.00035856191966021633
76,nowork_nowork,0.7987969205316147,N=500000,500000,41.27378511428833,0.7994939145822345,0.000696994050619848
77,nowork_nowork,0.8237709716055942,N=500000,500000,41.27378511428833,0.8236762022520467,9.476935354746363e-05
78,nowork_nowork,0.8460250283556251,N=500000,500000,41.27378511428833,0.8457002827284472,0.00032474562717788036
79,nowork_nowork,0.8627609699044171,N=500000,500000,41.27378511428833,0.8631254343724154,0.00036446446799831556
80,nowork_nowork,0.8771447917684672,N=500000,500000,41.27378511428833,0.8769571626702023,0.00018762909826486318
81,nowork_nowork,0.8867627746162235,N=500000,500000,41.27378511428833,0.8864407596823901,0.0003220149338334366
82,nowork_nowork,0.8859272259458085,N=500000,500000,41.27378511428833,0.8854969254061261,0.00043030053968240445
83,nowork_nowork,0.8723106606715808,N=500000,500000,41.27378511428833,0.8716194687805389,0.0006911918910419423
84,nowork_nowork,0.1824008185665783,N=500000,500000,41.27378511428833,0.18495234420937404,0.0025515256427957322
30,prob_work,0.683829,N=1000000,1000000,90.34131908416748,0.683829,0.0
31,prob_work,0.696873,N=1000000,1000000,90.34131908416748,0.696873,0.0
32,prob_work,0.7108331199897595,N=1000000,1000000,90.34131908416748,0.7108331199897595,0.0
33,prob_work,0.7212743720402254,N=1000000,1000000,90.34131908416748,0.7212743720402254,0.0
34,prob_work,0.7294789014869237,N=1000000,1000000,90.34131908416748,0.7294789014869237,0.0
35,prob_work,0.7369026608878697,N=1000000,1000000,90.34131908416748,0.7369026608878697,0.0
36,prob_work,0.7436603621392094,N=1000000,1000000,90.34131908416748,0.7436603621392094,0.0
37,prob_work,0.7500132646840052,N=1000000,1000000,90.34131908416748,0.7500132646840052,0.0
38,prob_work,0.7552311333179101,N=1000000,1000000,90.34131908416748,0.7552311333179101,0.0
39,prob_work,0.7600280956011948,N=1000000,1000000,90.34131908416748,0.7600280956011948,0.0
40,prob_work,0.7655733332798598,N=1000000,1000000,90.34131908416748,0.7655733332798598,0.0
41,prob_work,0.7716119801621582,N=1000000,1000000,90.34131908416748,0.7716119801621582,0.0
42,prob_work,0.7763678719537298,N=1000000,1000000,90.34131908416748,0.7763678719537298,0.0
43,prob_work,0.7807135333327972,N=1000000,1000000,90.34131908416748,0.7807135333327972,0.0
44,prob_work,0.784895719608658,N=1000000,1000000,90.34131908416748,0.784895719608658,0.0
45,prob_work,0.7889726351041612,N=1000000,1000000,90.34131908416748,0.7889726351041612,0.0
46,prob_work,0.7924560472488291,N=1000000,1000000,90.34131908416748,0.7924560472488291,0.0
47,prob_work,0.7966887878999178,N=1000000,1000000,90.34131908416748,0.7966887878999178,0.0
48,prob_work,0.799972259007723,N=1000000,1000000,90.34131908416748,0.799972259007723,0.0
49,prob_work,0.8029248249974638,N=1000000,1000000,90.34131908416748,0.8029248249974638,0.0
50,prob_work,0.8042378775430519,N=1000000,1000000,90.34131908416748,0.8042378775430519,0.0
51,prob_work,0.8025957739657941,N=1000000,1000000,90.34131908416748,0.8025957739657941,0.0
52,prob_work,0.7987324336843784,N=1000000,1000000,90.34131908416748,0.7987324336843784,0.0
53,prob_work,0.7934820861510491,N=1000000,1000000,90.34131908416748,0.7934820861510491,0.0
54,prob_work,0.784674223763665,N=1000000,1000000,90.34131908416748,0.784674223763665,0.0
55,prob_work,0.7755647564665469,N=1000000,1000000,90.34131908416748,0.7755647564665469,0.0
56,prob_work,0.7632594802582918,N=1000000,1000000,90.34131908416748,0.7632594802582918,0.0
57,prob_work,0.7489944785071087,N=1000000,1000000,90.34131908416748,0.7489944785071087,0.0
58,prob_work,0.7307244358608406,N=1000000,1000000,90.34131908416748,0.7307244358608406,0.0
59,prob_work,0.7097918840156904,N=1000000,1000000,90.34131908416748,0.7097918840156904,0.0
60,prob_work,0.6855956931966858,N=1000000,1000000,90.34131908416748,0.6855956931966858,0.0
61,prob_work,0.6597356701530855,N=1000000,1000000,90.34131908416748,0.6597356701530855,0.0
62,prob_work,0.6292249382561057,N=1000000,1000000,90.34131908416748,0.6292249382561057,0.0
63,prob_work,0.5988116141876395,N=1000000,1000000,90.34131908416748,0.5988116141876395,0.0
64,prob_work,0.5623299199519358,N=1000000,1000000,90.34131908416748,0.5623299199519358,0.0
65,prob_work,0.517231437007302,N=1000000,1000000,90.34131908416748,0.517231437007302,0.0
66,prob_work,0.44552538654089346,N=1000000,1000000,90.34131908416748,0.44552538654089346,0.0
67,prob_work,0.37107423299844333,N=1000000,1000000,90.34131908416748,0.37107423299844333,0.0
68,prob_work,0.32468857507409876,N=1000000,1000000,90.34131908416748,0.32468857507409876,0.0
69,prob_work,0.28681176455207874,N=1000000,1000000,90.34131908416748,0.28681176455207874,0.0
70,prob_work,0.2535312866358486,N=1000000,1000000,90.34131908416748,0.2535312866358486,0.0
71,prob_work,0.2216758657780664,N=1000000,1000000,90.34131908416748,0.2216758657780664,0.0
72,prob_work,0.19313771804171365,N=1000000,1000000,90.34131908416748,0.19313771804171365,0.0
73,prob_work,0.16780046534436527,N=1000000,1000000,90.34131908416748,0.16780046534436527,0.0
74,prob_work,0.14563273773853128,N=1000000,1000000,90.34131908416748,0.14563273773853128,0.0
75,prob_work,0.12457173648270489,N=1000000,1000000,90.34131908416748,0.12457173648270489,0.0
76,prob_work,0.10751288990336536,N=1000000,1000000,90.34131908416748,0.10751288990336536,0.0
77,prob_work,0.0932165494225829,N=1000000,1000000,90.34131908416748,0.0932165494225829,0.0
78,prob_work,0.080256574888502,N=1000000,1000000,90.34131908416748,0.080256574888502,0.0
79,prob_work,0.07151689038049786,N=1000000,1000000,90.34131908416748,0.07151689038049786,0.0
80,prob_work,0.06333574662212259,N=1000000,1000000,90.34131908416748,0.06333574662212259,0.0
81,prob_work,0.0601730461839719,N=1000000,1000000,90.34131908416748,0.0601730461839719,0.0
82,prob_work,0.06397020451654764,N=1000000,1000000,90.34131908416748,0.06397020451654764,0.0
83,prob_work,0.07691797767945924,N=1000000,1000000,90.34131908416748,0.07691797767945924,0.0
84,prob_work,0.799192605624801,N=1000000,1000000,90.34131908416748,0.799192605624801,0.0
30,hours_0,0.316171,N=1000000,1000000,90.34131908416748,0.316171,0.0
31,hours_0,0.303127,N=1000000,1000000,90.34131908416748,0.303127,0.0
32,hours_0,0.2891668800102405,N=1000000,1000000,90.34131908416748,0.2891668800102405,0.0
33,hours_0,0.27872562795977457,N=1000000,1000000,90.34131908416748,0.27872562795977457,0.0
34,hours_0,0.2705210985130762,N=1000000,1000000,90.34131908416748,0.2705210985130762,0.0
35,hours_0,0.2630973391121303,N=1000000,1000000,90.34131908416748,0.2630973391121303,0.0
36,hours_0,0.25633963786079067,N=1000000,1000000,90.34131908416748,0.25633963786079067,0.0
37,hours_0,0.2499867353159948,N=1000000,1000000,90.34131908416748,0.2499867353159948,0.0
38,hours_0,0.24476886668208991,N=1000000,1000000,90.34131908416748,0.24476886668208991,0.0
39,hours_0,0.23997190439880522,N=1000000,1000000,90.34131908416748,0.23997190439880522,0.0
40,hours_0,0.2344266667201402,N=1000000,1000000,90.34131908416748,0.2344266667201402,0.0
41,hours_0,0.2283880198378418,N=1000000,1000000,90.34131908416748,0.2283880198378418,0.0
42,hours_0,0.22363212804627017,N=1000000,1000000,90.34131908416748,0.22363212804627017,0.0
43,hours_0,0.21928646666720272,N=1000000,1000000,90.34131908416748,0.21928646666720272,0.0
44,hours_0,0.21510428039134202,N=1000000,1000000,90.34131908416748,0.21510428039134202,0.0
45,hours_0,0.2110273648958389,N=1000000,1000000,90.34131908416748,0.2110273648958389,0.0
46,hours_0,0.20754395275117082,N=1000000,1000000,90.34131908416748,0.20754395275117082,0.0
47,hours_0,0.20331121210008216,N=1000000,1000000,90.34131908416748,0.20331121210008216,0.0
48,hours_0,0.20002774099227708,N=1000000,1000000,90.34131908416748,0.20002774099227708,0.0
49,hours_0,0.19707517500253627,N=1000000,1000000,90.34131908416748,0.19707517500253627,0.0
50,hours_0,0.1957621224569481,N=1000000,1000000,90.34131908416748,0.1957621224569481,0.0
51,hours_0,0.1974042260342059,N=1000000,1000000,90.34131908416748,0.1974042260342059,0.0
52,hours_0,0.20126756631562157,N=1000000,1000000,90.34131908416748,0.20126756631562157,0.0
53,hours_0,0.20651791384895093,N=1000000,1000000,90.34131908416748,0.20651791384895093,0.0
54,hours_0,0.21532577623633503,N=1000000,1000000,90.34131908416748,0.21532577623633503,0.0
55,hours_0,0.22443524353345315,N=1000000,1000000,90.34131908416748,0.22443524353345315,0.0
56,hours_0,0.23674051974170815,N=1000000,1000000,90.34131908416748,0.23674051974170815,0.0
57,hours_0,0.2510055214928914,N=1000000,1000000,90.34131908416748,0.2510055214928914,0.0
58,hours_0,0.26927556413915943,N=1000000,1000000,90.34131908416748,0.26927556413915943,0.0
59,hours_0,0.2902081159843096,N=1000000,1000000,90.34131908416748,0.2902081159843096,0.0
60,hours_0,0.3144043068033142,N=1000000,1000000,90.34131908416748,0.3144043068033142,0.0
61,hours_0,0.3402643298469144,N=1000000,1000000,90.34131908416748,0.3402643298469144,0.0
62,hours_0,0.37077506174389435,N=1000000,1000000,90.34131908416748,0.37077506174389435,0.0
63,hours_0,0.4011883858123605,N=1000000,1000000,90.34131908416748,0.4011883858123605,0.0
64,hours_0,0.4376700800480642,N=1000000,1000000,90.34131908416748,0.4376700800480642,0.0
65,hours_0,0.48276856299269794,N=1000000,1000000,90.34131908416748,0.48276856299269794,0.0
66,hours_0,0.5544746134591065,N=1000000,1000000,90.34131908416748,0.5544746134591065,0.0
67,hours_0,0.6289257670015567,N=1000000,1000000,90.34131908416748,0.6289257670015567,0.0
68,hours_0,0.6753114249259012,N=1000000,1000000,90.34131908416748,0.6753114249259012,0.0
69,hours_0,0.7131882354479213,N=1000000,1000000,90.34131908416748,0.7131882354479213,0.0
70,hours_0,0.7464687133641514,N=1000000,1000000,90.34131908416748,0.7464687133641514,0.0
71,hours_0,0.7783241342219336,N=1000000,1000000,90.34131908416748,0.7783241342219336,0.0
72,hours_0,0.8068622819582864,N=1000000,1000000,90.34131908416748,0.8068622819582864,0.0
73,hours_0,0.8321995346556348,N=1000000,1000000,90.34131908416748,0.8321995346556348,0.0
74,hours_0,0.8543672622614688,N=1000000,1000000,90.34131908416748,0.8543672622614688,0.0
75,hours_0,0.8754282635172951,N=1000000,1000000,90.34131908416748,0.8754282635172951,0.0
76,hours_0,0.8924871100966346,N=1000000,1000000,90.34131908416748,0.8924871100966346,0.0
77,hours_0,0.9067834505774172,N=1000000,1000000,90.34131908416748,0.9067834505774172,0.0
78,hours_0,0.919743425111498,N=1000000,1000000,90.34131908416748,0.919743425111498,0.0
79,hours_0,0.9284831096195022,N=1000000,1000000,90.34131908416748,0.9284831096195022,0.0
80,hours_0,0.9366642533778774,N=1000000,1000000,90.34131908416748,0.9366642533778774,0.0
81,hours_0,0.9398269538160281,N=1000000,1000000,90.34131908416748,0.9398269538160281,0.0
82,hours_0,0.9360297954834523,N=1000000,1000000,90.34131908416748,0.9360297954834523,0.0
83,hours_0,0.9230820223205407,N=1000000,1000000,90.34131908416748,0.9230820223205407,0.0
84,hours_0,0.200807394375199,N=1000000,1000000,90.34131908416748,0.200807394375199,0.0
30,hours_1,0.094294,N=1000000,1000000,90.34131908416748,0.094294,0.0
31,hours_1,0.085412,N=1000000,1000000,90.34131908416748,0.085412,0.0
32,hours_1,0.08316299182360753,N=1000000,1000000,90.34131908416748,0.08316299182360753,0.0
33,hours_1,0.08218109444775044,N=1000000,1000000,90.34131908416748,0.08218109444775044,0.0
34,hours_1,0.08203337951316125,N=1000000,1000000,90.34131908416748,0.08203337951316125,0.0
35,hours_1,0.08153246171146836,N=1000000,1000000,90.34131908416748,0.08153246171146836,0.0
36,hours_1,0.08040699379221379,N=1000000,1000000,90.34131908416748,0.08040699379221379,0.0
37,hours_1,0.07965317606590495,N=1000000,1000000,90.34131908416748,0.07965317606590495,0.0
38,hours_1,0.07878873462307698,N=1000000,1000000,90.34131908416748,0.07878873462307698,0.0
39,hours_1,0.07868070912335512,N=1000000,1000000,90.34131908416748,0.07868070912335512,0.0
40,hours_1,0.07756136590139345,N=1000000,1000000,90.34131908416748,0.07756136590139345,0.0
41,hours_1,0.07751727985182821,N=1000000,1000000,90.34131908416748,0.07751727985182821,0.0
42,hours_1,0.0771269919368605,N=1000000,1000000,90.34131908416748,0.0771269919368605,0.0
43,hours_1,0.07660090699301261,N=1000000,1000000,90.34131908416748,0.07660090699301261,0.0
44,hours_1,0.07561095620797113,N=1000000,1000000,90.34131908416748,0.07561095620797113,0.0
45,hours_1,0.07539174388367728,N=1000000,1000000,90.34131908416748,0.07539174388367728,0.0
46,hours_1,0.07457994426833525,N=1000000,1000000,90.34131908416748,0.07457994426833525,0.0
47,hours_1,0.07401063314829917,N=1000000,1000000,90.34131908416748,0.07401063314829917,0.0
48,hours_1,0.07350755486439312,N=1000000,1000000,90.34131908416748,0.07350755486439312,0.0
49,hours_1,0.07369179263467586,N=1000000,1000000,90.34131908416748,0.07369179263467586,0.0
50,hours_1,0.07363055485508366,N=1000000,1000000,90.34131908416748,0.07363055485508366,0.0
51,hours_1,0.07375321795427318,N=1000000,1000000,90.34131908416748,0.07375321795427318,0.0
52,hours_1,0.07344031363983569,N=1000000,1000000,90.34131908416748,0.07344031363983569,0.0
53,hours_1,0.07430048315424101,N=1000000,1000000,90.34131908416748,0.07430048315424101,0.0
54,hours_1,0.07520368738003246,N=1000000,1000000,90.34131908416748,0.07520368738003246,0.0
55,hours_1,0.07544873399003571,N=1000000,1000000,90.34131908416748,0.07544873399003571,0.0
56,hours_1,0.07668143174130924,N=1000000,1000000,90.34131908416748,0.07668143174130924,0.0
57,hours_1,0.07732073942897238,N=1000000,1000000,90.34131908416748,0.07732073942897238,0.0
58,hours_1,0.07865339638711494,N=1000000,1000000,90.34131908416748,0.07865339638711494,0.0
59,hours_1,0.07965782260937214,N=1000000,1000000,90.34131908416748,0.07965782260937214,0.0
60,hours_1,0.08094524836828831,N=1000000,1000000,90.34131908416748,0.08094524836828831,0.0
61,hours_1,0.08129553596046746,N=1000000,1000000,90.34131908416748,0.08129553596046746,0.0
62,hours_1,0.08149436458443816,N=1000000,1000000,90.34131908416748,0.08149436458443816,0.0
63,hours_1,0.08124096500074848,N=1000000,1000000,90.34131908416748,0.08124096500074848,0.0
64,hours_1,0.07979846618720292,N=1000000,1000000,90.34131908416748,0.07979846618720292,0.0
65,hours_1,0.0818110498447729,N=1000000,1000000,90.34131908416748,0.0818110498447729,0.0
66,hours_1,0.1268823242380981,N=1000000,1000000,90.34131908416748,0.1268823242380981,0.0
67,hours_1,0.11935296719456363,N=1000000,1000000,90.34131908416748,0.11935296719456363,0.0
68,hours_1,0.11034090683576399,N=1000000,1000000,90.34131908416748,0.11034090683576399,0.0
69,hours_1,0.10092951228237397,N=1000000,1000000,90.34131908416748,0.10092951228237397,0.0
70,hours_1,0.09325191158053492,N=1000000,1000000,90.34131908416748,0.09325191158053492,0.0
71,hours_1,0.08468304579397791,N=1000000,1000000,90.34131908416748,0.08468304579397791,0.0
72,hours_1,0.07614824296729755,N=1000000,1000000,90.34131908416748,0.07614824296729755,0.0
73,hours_1,0.0690647725968511,N=1000000,1000000,90.34131908416748,0.0690647725968511,0.0
74,hours_1,0.06197446529489064,N=1000000,1000000,90.34131908416748,0.06197446529489064,0.0
75,hours_1,0.05439970891274187,N=1000000,1000000,90.34131908416748,0.05439970891274187,0.0
76,hours_1,0.04866172685797618,N=1000000,1000000,90.34131908416748,0.04866172685797618,0.0
77,hours_1,0.04358538810592783,N=1000000,1000000,90.34131908416748,0.04358538810592783,0.0
78,hours_1,0.0380011522636329,N=1000000,1000000,90.34131908416748,0.0380011522636329,0.0
79,hours_1,0.034203371307731295,N=1000000,1000000,90.34131908416748,0.034203371307731295,0.0
80,hours_1,0.029938155840304247,N=1000000,1000000,90.34131908416748,0.029938155840304247,0.0
81,hours_1,0.027679601244627077,N=1000000,1000000,90.34131908416748,0.027679601244627077,0.0
82,hours_1,0.02794616335528574,N=1000000,1000000,90.34131908416748,0.02794616335528574,0.0
83,hours_1,0.0398639127022652,N=1000000,1000000,90.34131908416748,0.0398639127022652,0.0
84,hours_1,0.19952216383551838,N=1000000,1000000,90.34131908416748,0.19952216383551838,0.0
30,hours_2,0.082324,N=1000000,1000000,90.34131908416748,0.082324,0.0
31,hours_2,0.07898,N=1000000,1000000,90.34131908416748,0.07898,0.0
32,hours_2,0.07759972478678977,N=1000000,1000000,90.34131908416748,0.07759972478678977,0.0
33,hours_2,0.07768948808089092,N=1000000,1000000,90.34131908416748,0.07768948808089092,0.0
34,hours_2,0.07759711517782568,N=1000000,1000000,90.34131908416748,0.07759711517782568,0.0
35,hours_2,0.0771153238167273,N=1000000,1000000,90.34131908416748,0.0771153238167273,0.0
36,hours_2,0.07655802623822967,N=1000000,1000000,90.34131908416748,0.07655802623822967,0.0
37,hours_2,0.07647065301288526,N=1000000,1000000,90.34131908416748,0.07647065301288526,0.0
38,hours_2,0.07581925962425375,N=1000000,1000000,90.34131908416748,0.07581925962425375,0.0
39,hours_2,0.07593527591102793,N=1000000,1000000,90.34131908416748,0.07593527591102793,0.0
40,hours_2,0.07577267595635757,N=1000000,1000000,90.34131908416748,0.07577267595635757,0.0
41,hours_2,0.07576446225020844,N=1000000,1000000,90.34131908416748,0.07576446225020844,0.0
42,hours_2,0.0759190272017994,N=1000000,1000000,90.34131908416748,0.0759190272017994,0.0
43,hours_2,0.07525609687457284,N=1000000,1000000,90.34131908416748,0.07525609687457284,0.0
44,hours_2,0.075206452735983,N=1000000,1000000,90.34131908416748,0.075206452735983,0.0
45,hours_2,0.07475902952902073,N=1000000,1000000,90.34131908416748,0.07475902952902073,0.0
46,hours_2,0.07514291075871336,N=1000000,1000000,90.34131908416748,0.07514291075871336,0.0
47,hours_2,0.07490902402816642,N=1000000,1000000,90.34131908416748,0.07490902402816642,0.0
48,hours_2,0.07411400940358892,N=1000000,1000000,90.34131908416748,0.07411400940358892,0.0
49,hours_2,0.07404788475195292,N=1000000,1000000,90.34131908416748,0.07404788475195292,0.0
50,hours_2,0.07357157964094263,N=1000000,1000000,90.34131908416748,0.07357157964094263,0.0
51,hours_2,0.07296306680600514,N=1000000,1000000,90.34131908416748,0.07296306680600514,0.0
52,hours_2,0.07207314990638457,N=1000000,1000000,90.34131908416748,0.07207314990638457,0.0
53,hours_2,0.07124601261803112,N=1000000,1000000,90.34131908416748,0.07124601261803112,0.0
54,hours_2,0.06954925156730128,N=1000000,1000000,90.34131908416748,0.06954925156730128,0.0
55,hours_2,0.06847911285202274,N=1000000,1000000,90.34131908416748,0.06847911285202274,0.0
56,hours_2,0.0668812173291559,N=1000000,1000000,90.34131908416748,0.0668812173291559,0.0
57,hours_2,0.0651354478172979,N=1000000,1000000,90.34131908416748,0.0651354478172979,0.0
58,hours_2,0.06350116519271626,N=1000000,1000000,90.34131908416748,0.06350116519271626,0.0
59,hours_2,0.06140526119406929,N=1000000,1000000,90.34131908416748,0.06140526119406929,0.0
60,hours_2,0.059211093616763064,N=1000000,1000000,90.34131908416748,0.059211093616763064,0.0
61,hours_2,0.05681085471084967,N=1000000,1000000,90.34131908416748,0.05681085471084967,0.0
62,hours_2,0.05319174266053954,N=1000000,1000000,90.34131908416748,0.05319174266053954,0.0
63,hours_2,0.05031736544611999,N=1000000,1000000,90.34131908416748,0.05031736544611999,0.0
64,hours_2,0.047126530720432575,N=1000000,1000000,90.34131908416748,0.047126530720432575,0.0
65,hours_2,0.04649548846804601,N=1000000,1000000,90.34131908416748,0.04649548846804601,0.0
66,hours_2,0.047592900576598894,N=1000000,1000000,90.34131908416748,0.047592900576598894,0.0
67,hours_2,0.040374065840642896,N=1000000,1000000,90.34131908416748,0.040374065840642896,0.0
68,hours_2,0.03438836272963612,N=1000000,1000000,90.34131908416748,0.03438836272963612,0.0
69,hours_2,0.029828537607750807,N=1000000,1000000,90.34131908416748,0.029828537607750807,0.0
70,hours_2,0.025701923158523887,N=1000000,1000000,90.34131908416748,0.025701923158523887,0.0
71,hours_2,0.02203573402465048,N=1000000,1000000,90.34131908416748,0.02203573402465048,0.0
72,hours_2,0.018737364501742303,N=1000000,1000000,90.34131908416748,0.018737364501742303,0.0
73,hours_2,0.015576254916895339,N=1000000,1000000,90.34131908416748,0.015576254916895339,0.0
74,hours_2,0.013023989508788808,N=1000000,1000000,90.34131908416748,0.013023989508788808,0.0
75,hours_2,0.011121310892579636,N=1000000,1000000,90.34131908416748,0.011121310892579636,0.0
76,hours_2,0.008883874147277773,N=1000000,1000000,90.34131908416748,0.008883874147277773,0.0
77,hours_2,0.007475810904900243,N=1000000,1000000,90.34131908416748,0.007475810904900243,0.0
78,hours_2,0.006249538859070623,N=1000000,1000000,90.34131908416748,0.006249538859070623,0.0
79,hours_2,0.005203389466768137,N=1000000,1000000,90.34131908416748,0.005203389466768137,0.0
80,hours_2,0.004336941636209799,N=1000000,1000000,90.34131908416748,0.004336941636209799,0.0
81,hours_2,0.0037197883095546266,N=1000000,1000000,90.34131908416748,0.0037197883095546266,0.0
82,hours_2,0.0036212544819224993,N=1000000,1000000,90.34131908416748,0.0036212544819224993,0.0
83,hours_2,0.004593267057422253,N=1000000,1000000,90.34131908416748,0.004593267057422253,0.0
84,hours_2,0.19972203693933852,N=1000000,1000000,90.34131908416748,0.19972203693933852,0.0
30,hours_3,0.088833,N=1000000,1000000,90.34131908416748,0.088833,0.0
31,hours_3,0.088053,N=1000000,1000000,90.34131908416748,0.088053,0.0
32,hours_3,0.08883626414067876,N=1000000,1000000,90.34131908416748,0.08883626414067876,0.0
33,hours_3,0.0891830397103609,N=1000000,1000000,90.34131908416748,0.0891830397103609,0.0
34,hours_3,0.08942448597850387,N=1000000,1000000,90.34131908416748,0.08942448597850387,0.0
35,hours_3,0.09017164307524841,N=1000000,1000000,90.34131908416748,0.09017164307524841,0.0
36,hours_3,0.09027159940313982,N=1000000,1000000,90.34131908416748,0.09027159940313982,0.0
37,hours_3,0.09046414380719456,N=1000000,1000000,90.34131908416748,0.09046414380719456,0.0
38,hours_3,0.0911163122826099,N=1000000,1000000,90.34131908416748,0.0911163122826099,0.0
39,hours_3,0.09114437471756606,N=1000000,1000000,90.34131908416748,0.09114437471756606,0.0
40,hours_3,0.0912933712193371,N=1000000,1000000,90.34131908416748,0.0912933712193371,0.0
41,hours_3,0.0917876431877401,N=1000000,1000000,90.34131908416748,0.0917876431877401,0.0
42,hours_3,0.09141170209561297,N=1000000,1000000,90.34131908416748,0.09141170209561297,0.0
43,hours_3,0.09139884374472328,N=1000000,1000000,90.34131908416748,0.09139884374472328,0.0
44,hours_3,0.09152444478879787,N=1000000,1000000,90.34131908416748,0.09152444478879787,0.0
45,hours_3,0.09182115945912998,N=1000000,1000000,90.34131908416748,0.09182115945912998,0.0
46,hours_3,0.09177261803631638,N=1000000,1000000,90.34131908416748,0.09177261803631638,0.0
47,hours_3,0.09215833103430156,N=1000000,1000000,90.34131908416748,0.09215833103430156,0.0
48,hours_3,0.0923299193688823,N=1000000,1000000,90.34131908416748,0.0923299193688823,0.0
49,hours_3,0.09234655574718474,N=1000000,1000000,90.34131908416748,0.09234655574718474,0.0
50,hours_3,0.09212030130233542,N=1000000,1000000,90.34131908416748,0.09212030130233542,0.0
51,hours_3,0.09096016108887926,N=1000000,1000000,90.34131908416748,0.09096016108887926,0.0
52,hours_3,0.08901595910575016,N=1000000,1000000,90.34131908416748,0.08901595910575016,0.0
53,hours_3,0.08673075206461482,N=1000000,1000000,90.34131908416748,0.08673075206461482,0.0
54,hours_3,0.08385782662064306,N=1000000,1000000,90.34131908416748,0.08385782662064306,0.0
55,hours_3,0.08079073143795486,N=1000000,1000000,90.34131908416748,0.08079073143795486,0.0
56,hours_3,0.07807344862834396,N=1000000,1000000,90.34131908416748,0.07807344862834396,0.0
57,hours_3,0.07427807106938203,N=1000000,1000000,90.34131908416748,0.07427807106938203,0.0
58,hours_3,0.07065510190579109,N=1000000,1000000,90.34131908416748,0.07065510190579109,0.0
59,hours_3,0.06647471246507881,N=1000000,1000000,90.34131908416748,0.06647471246507881,0.0
60,hours_3,0.06208009572566591,N=1000000,1000000,90.34131908416748,0.06208009572566591,0.0
61,hours_3,0.05800386871267137,N=1000000,1000000,90.34131908416748,0.05800386871267137,0.0
62,hours_3,0.05288545831177799,N=1000000,1000000,90.34131908416748,0.05288545831177799,0.0
63,hours_3,0.048515555769232874,N=1000000,1000000,90.34131908416748,0.048515555769232874,0.0
64,hours_3,0.04461840221943419,N=1000000,1000000,90.34131908416748,0.04461840221943419,0.0
65,hours_3,0.04162969453006086,N=1000000,1000000,90.34131908416748,0.04162969453006086,0.0
66,hours_3,0.03283432376712786,N=1000000,1000000,90.34131908416748,0.03283432376712786,0.0
67,hours_3,0.026696996329421498,N=1000000,1000000,90.34131908416748,0.026696996329421498,0.0
68,hours_3,0.022553573492313458,N=1000000,1000000,90.34131908416748,0.022553573492313458,0.0
69,hours_3,0.018666308537227436,N=1000000,1000000,90.34131908416748,0.018666308537227436,0.0
70,hours_3,0.016047941360819842,N=1000000,1000000,90.34131908416748,0.016047941360819842,0.0
71,hours_3,0.01299689452539277,N=1000000,1000000,90.34131908416748,0.01299689452539277,0.0
72,hours_3,0.010810652931435596,N=1000000,1000000,90.34131908416748,0.010810652931435596,0.0
73,hours_3,0.008727815281241197,N=1000000,1000000,90.34131908416748,0.008727815281241197,0.0
74,hours_3,0.007044751572741125,N=1000000,1000000,90.34131908416748,0.007044751572741125,0.0
75,hours_3,0.005250958602003447,N=1000000,1000000,90.34131908416748,0.005250958602003447,0.0
76,hours_3,0.004442657582491059,N=1000000,1000000,90.34131908416748,0.004442657582491059,0.0
77,hours_3,0.003469304458476387,N=1000000,1000000,90.34131908416748,0.003469304458476387,0.0
78,hours_3,0.00269070826537228,N=1000000,1000000,90.34131908416748,0.00269070826537228,0.0
79,hours_3,0.002231910710365013,N=1000000,1000000,90.34131908416748,0.002231910710365013,0.0
80,hours_3,0.0018614307022670378,N=1000000,1000000,90.34131908416748,0.0018614307022670378,0.0
81,hours_3,0.0016392287465833949,N=1000000,1000000,90.34131908416748,0.0016392287465833949,0.0
82,hours_3,0.0015437457462661394,N=1000000,1000000,90.34131908416748,0.0015437457462661394,0.0
83,hours_3,0.0016700845306549254,N=1000000,1000000,90.34131908416748,0.0016700845306549254,0.0
84,hours_3,0.20001952248921034,N=1000000,1000000,90.34131908416748,0.20001952248921034,0.0
30,hours_4,0.418378,N=1000000,1000000,90.34131908416748,0.418378,0.0
31,hours_4,0.444428,N=1000000,1000000,90.34131908416748,0.444428,0.0
32,hours_4,0.46123413923868345,N=1000000,1000000,90.34131908416748,0.46123413923868345,0.0
33,hours_4,0.47222074980122314,N=1000000,1000000,90.34131908416748,0.47222074980122314,0.0
34,hours_4,0.48042392081743296,N=1000000,1000000,90.34131908416748,0.48042392081743296,0.0
35,hours_4,0.4880832322844257,N=1000000,1000000,90.34131908416748,0.4880832322844257,0.0
36,hours_4,0.49642374270562606,N=1000000,1000000,90.34131908416748,0.49642374270562606,0.0
37,hours_4,0.5034252917980204,N=1000000,1000000,90.34131908416748,0.5034252917980204,0.0
38,hours_4,0.5095068267879694,N=1000000,1000000,90.34131908416748,0.5095068267879694,0.0
39,hours_4,0.5142677358492457,N=1000000,1000000,90.34131908416748,0.5142677358492457,0.0
40,hours_4,0.5209459202027716,N=1000000,1000000,90.34131908416748,0.5209459202027716,0.0
41,hours_4,0.5265425948723814,N=1000000,1000000,90.34131908416748,0.5265425948723814,0.0
42,hours_4,0.531910150719457,N=1000000,1000000,90.34131908416748,0.531910150719457,0.0
43,hours_4,0.5374576857204886,N=1000000,1000000,90.34131908416748,0.5374576857204886,0.0
44,hours_4,0.5425538658759059,N=1000000,1000000,90.34131908416748,0.5425538658759059,0.0
45,hours_4,0.5470007022323331,N=1000000,1000000,90.34131908416748,0.5470007022323331,0.0
46,hours_4,0.5509605741854642,N=1000000,1000000,90.34131908416748,0.5509605741854642,0.0
47,hours_4,0.5556107996891507,N=1000000,1000000,90.34131908416748,0.5556107996891507,0.0
48,hours_4,0.5600207753708586,N=1000000,1000000,90.34131908416748,0.5600207753708586,0.0
49,hours_4,0.5628385918636502,N=1000000,1000000,90.34131908416748,0.5628385918636502,0.0
50,hours_4,0.5649154417446902,N=1000000,1000000,90.34131908416748,0.5649154417446902,0.0
51,hours_4,0.5649193281166365,N=1000000,1000000,90.34131908416748,0.5649193281166365,0.0
52,hours_4,0.564203011032408,N=1000000,1000000,90.34131908416748,0.564203011032408,0.0
53,hours_4,0.5612048383141621,N=1000000,1000000,90.34131908416748,0.5612048383141621,0.0
54,hours_4,0.5560634581956881,N=1000000,1000000,90.34131908416748,0.5560634581956881,0.0
55,hours_4,0.5508461781865336,N=1000000,1000000,90.34131908416748,0.5508461781865336,0.0
56,hours_4,0.5416233825594827,N=1000000,1000000,90.34131908416748,0.5416233825594827,0.0
57,hours_4,0.5322602201914564,N=1000000,1000000,90.34131908416748,0.5322602201914564,0.0
58,hours_4,0.5179147723752183,N=1000000,1000000,90.34131908416748,0.5179147723752183,0.0
59,hours_4,0.5022540877471701,N=1000000,1000000,90.34131908416748,0.5022540877471701,0.0
60,hours_4,0.48335925548596853,N=1000000,1000000,90.34131908416748,0.48335925548596853,0.0
61,hours_4,0.4636254107690971,N=1000000,1000000,90.34131908416748,0.4636254107690971,0.0
62,hours_4,0.44165337269935,N=1000000,1000000,90.34131908416748,0.44165337269935,0.0
63,hours_4,0.4187377279715382,N=1000000,1000000,90.34131908416748,0.4187377279715382,0.0
64,hours_4,0.39078652082486615,N=1000000,1000000,90.34131908416748,0.39078652082486615,0.0
65,hours_4,0.3472952041644223,N=1000000,1000000,90.34131908416748,0.3472952041644223,0.0
66,hours_4,0.23821583795906862,N=1000000,1000000,90.34131908416748,0.23821583795906862,0.0
67,hours_4,0.18465020363381526,N=1000000,1000000,90.34131908416748,0.18465020363381526,0.0
68,hours_4,0.1574057320163852,N=1000000,1000000,90.34131908416748,0.1574057320163852,0.0
69,hours_4,0.1373874061247265,N=1000000,1000000,90.34131908416748,0.1373874061247265,0.0
70,hours_4,0.11852951053596997,N=1000000,1000000,90.34131908416748,0.11852951053596997,0.0
71,hours_4,0.10196019143404522,N=1000000,1000000,90.34131908416748,0.10196019143404522,0.0
72,hours_4,0.0874414576412382,N=1000000,1000000,90.34131908416748,0.0874414576412382,0.0
73,hours_4,0.07443162254937763,N=1000000,1000000,90.34131908416748,0.07443162254937763,0.0
74,hours_4,0.06358953136211071,N=1000000,1000000,90.34131908416748,0.06358953136211071,0.0
75,hours_4,0.053799758075379935,N=1000000,1000000,90.34131908416748,0.053799758075379935,0.0
76,hours_4,0.045524631315620345,N=1000000,1000000,90.34131908416748,0.045524631315620345,0.0
77,hours_4,0.03868604595327843,N=1000000,1000000,90.34131908416748,0.03868604595327843,0.0
78,hours_4,0.03331517550042621,N=1000000,1000000,90.34131908416748,0.03331517550042621,0.0
79,hours_4,0.029878218895633413,N=1000000,1000000,90.34131908416748,0.029878218895633413,0.0
80,hours_4,0.027199218443341503,N=1000000,1000000,90.34131908416748,0.027199218443341503,0.0
81,hours_4,0.027134427883206805,N=1000000,1000000,90.34131908416748,0.027134427883206805,0.0
82,hours_4,0.030859040933073265,N=1000000,1000000,90.34131908416748,0.030859040933073265,0.0
83,hours_4,0.030790713389116865,N=1000000,1000000,90.34131908416748,0.030790713389116865,0.0
84,hours_4,0.19992888236073378,N=1000000,1000000,90.34131908416748,0.19992888236073378,0.0
30,work_work,0.561155,N=1000000,1000000,90.34131908416748,0.561155,0.0
31,work_work,0.545674,N=1000000,1000000,90.34131908416748,0.545674,0.0
32,work_work,0.5618879706225899,N=1000000,1000000,90.34131908416748,0.5618879706225899,0.0
33,work_work,0.576458821940962,N=1000000,1000000,90.34131908416748,0.576458821940962,0.0
34,work_work,0.5881586252081843,N=1000000,1000000,90.34131908416748,0.5881586252081843,0.0
35,work_work,0.5977232980762689,N=1000000,1000000,90.34131908416748,0.5977232980762689,0.0
36,work_work,0.6065066166013997,N=1000000,1000000,90.34131908416748,0.6065066166013997,0.0
37,work_work,0.6150939089572156,N=1000000,1000000,90.34131908416748,0.6150939089572156,0.0
38,work_work,0.6223168314650178,N=1000000,1000000,90.34131908416748,0.6223168314650178,0.0
39,work_work,0.6286681342376563,N=1000000,1000000,90.34131908416748,0.6286681342376563,0.0
40,work_work,0.6353869846738147,N=1000000,1000000,90.34131908416748,0.6353869846738147,0.0
41,work_work,0.6430753671435494,N=1000000,1000000,90.34131908416748,0.6430753671435494,0.0
42,work_work,0.6498107220676982,N=1000000,1000000,90.34131908416748,0.6498107220676982,0.0
43,work_work,0.6554893983130573,N=1000000,1000000,90.34131908416748,0.6554893983130573,0.0
44,work_work,0.6609969098752178,N=1000000,1000000,90.34131908416748,0.6609969098752178,0.0
45,work_work,0.6666058804149719,N=1000000,1000000,90.34131908416748,0.6666058804149719,0.0
46,work_work,0.6713930293045245,N=1000000,1000000,90.34131908416748,0.6713930293045245,0.0
47,work_work,0.6768996318517463,N=1000000,1000000,90.34131908416748,0.6768996318517463,0.0
48,work_work,0.6812114511576296,N=1000000,1000000,90.34131908416748,0.6812114511576296,0.0
49,work_work,0.6854377599675358,N=1000000,1000000,90.34131908416748,0.6854377599675358,0.0
50,work_work,0.6886657772933223,N=1000000,1000000,90.34131908416748,0.6886657772933223,0.0
51,work_work,0.6879800168225728,N=1000000,1000000,90.34131908416748,0.6879800168225728,0.0
52,work_work,0.6844704720242715,N=1000000,1000000,90.34131908416748,0.6844704720242715,0.0
53,work_work,0.6783787194617072,N=1000000,1000000,90.34131908416748,0.6783787194617072,0.0
54,work_work,0.6687886676497483,N=1000000,1000000,90.34131908416748,0.6687886676497483,0.0
55,work_work,0.6569064395576669,N=1000000,1000000,90.34131908416748,0.6569064395576669,0.0
56,work_work,0.6428209326097616,N=1000000,1000000,90.34131908416748,0.6428209326097616,0.0
57,work_work,0.6255387841021101,N=1000000,1000000,90.34131908416748,0.6255387841021101,0.0
58,work_work,0.6050842099846356,N=1000000,1000000,90.34131908416748,0.6050842099846356,0.0
59,work_work,0.5803898065554051,N=1000000,1000000,90.34131908416748,0.5803898065554051,0.0
60,work_work,0.5532756126304225,N=1000000,1000000,90.34131908416748,0.5532756126304225,0.0
61,work_work,0.523296495092228,N=1000000,1000000,90.34131908416748,0.523296495092228,0.0
62,work_work,0.4902313691451528,N=1000000,1000000,90.34131908416748,0.4902313691451528,0.0
63,work_work,0.45643914767518473,N=1000000,1000000,90.34131908416748,0.45643914767518473,0.0
64,work_work,0.41944832217137,N=1000000,1000000,90.34131908416748,0.41944832217137,0.0
65,work_work,0.3722812907205711,N=1000000,1000000,90.34131908416748,0.3722812907205711,0.0
66,work_work,0.30435885214591474,N=1000000,1000000,90.34131908416748,0.30435885214591474,0.0
67,work_work,0.23377047108629592,N=1000000,1000000,90.34131908416748,0.23377047108629592,0.0
68,work_work,0.18382096291618172,N=1000000,1000000,90.34131908416748,0.18382096291618172,0.0
69,work_work,0.1505391551552218,N=1000000,1000000,90.34131908416748,0.1505391551552218,0.0
70,work_work,0.12422757840602007,N=1000000,1000000,90.34131908416748,0.12422757840602007,0.0
71,work_work,0.10116833258567318,N=1000000,1000000,90.34131908416748,0.10116833258567318,0.0
72,work_work,0.0812024422703768,N=1000000,1000000,90.34131908416748,0.0812024422703768,0.0
73,work_work,0.06500735577976482,N=1000000,1000000,90.34131908416748,0.06500735577976482,0.0
74,work_work,0.0519535312438696,N=1000000,1000000,90.34131908416748,0.0519535312438696,0.0
75,work_work,0.04049945907210381,N=1000000,1000000,90.34131908416748,0.04049945907210381,0.0
76,work_work,0.03153379042414915,N=1000000,1000000,90.34131908416748,0.03153379042414915,0.0
77,work_work,0.024478703992701255,N=1000000,1000000,90.34131908416748,0.024478703992701255,0.0
78,work_work,0.019208580125493126,N=1000000,1000000,90.34131908416748,0.019208580125493126,0.0
79,work_work,0.014868949532734965,N=1000000,1000000,90.34131908416748,0.014868949532734965,0.0
80,work_work,0.012009455439930917,N=1000000,1000000,90.34131908416748,0.012009455439930917,0.0
81,work_work,0.009942923686855388,N=1000000,1000000,90.34131908416748,0.009942923686855388,0.0
82,work_work,0.00966726127995968,N=1000000,1000000,90.34131908416748,0.00966726127995968,0.0
83,work_work,0.012511734428760524,N=1000000,1000000,90.34131908416748,0.012511734428760524,0.0
84,work_work,0.06095432434756538,N=1000000,1000000,90.34131908416748,0.06095432434756538,0.0
30,nowork_nowork,0.136219,N=1000000,1000000,90.34131908416748,0.136219,0.0
31,nowork_nowork,0.164972,N=1000000,1000000,90.34131908416748,0.164972,0.0
32,nowork_nowork,0.15418140070723393,N=1000000,1000000,90.34131908416748,0.15418140070723393,0.0
33,nowork_nowork,0.1443534877208423,N=1000000,1000000,90.34131908416748,0.1443534877208423,0.0
34,nowork_nowork,0.1374041601856529,N=1000000,1000000,90.34131908416748,0.1374041601856529,0.0
35,nowork_nowork,0.13133856786684756,N=1000000,1000000,90.34131908416748,0.13133856786684756,0.0
36,nowork_nowork,0.1259340951873895,N=1000000,1000000,90.34131908416748,0.1259340951873895,0.0
37,nowork_nowork,0.12142441682943018,N=1000000,1000000,90.34131908416748,0.12142441682943018,0.0
38,nowork_nowork,0.11708444626051459,N=1000000,1000000,90.34131908416748,0.11708444626051459,0.0
39,nowork_nowork,0.11341244322514256,N=1000000,1000000,90.34131908416748,0.11341244322514256,0.0
40,nowork_nowork,0.10977182171654078,N=1000000,1000000,90.34131908416748,0.10977182171654078,0.0
41,nowork_nowork,0.10588142043442185,N=1000000,1000000,90.34131908416748,0.10588142043442185,0.0
42,nowork_nowork,0.1018465894827742,N=1000000,1000000,90.34131908416748,0.1018465894827742,0.0
43,nowork_nowork,0.09839627875561845,N=1000000,1000000,90.34131908416748,0.09839627875561845,0.0
44,nowork_nowork,0.09540445819174874,N=1000000,1000000,90.34131908416748,0.09540445819174874,0.0
45,nowork_nowork,0.09274101329002397,N=1000000,1000000,90.34131908416748,0.09274101329002397,0.0
46,nowork_nowork,0.08997576620950021,N=1000000,1000000,90.34131908416748,0.08997576620950021,0.0
47,nowork_nowork,0.08773913720116376,N=1000000,1000000,90.34131908416748,0.08773913720116376,0.0
48,nowork_nowork,0.08454927974664576,N=1000000,1000000,90.34131908416748,0.08454927974664576,0.0
49,nowork_nowork,0.08255351526833722,N=1000000,1000000,90.34131908416748,0.08255351526833722,0.0
50,nowork_nowork,0.08148442647621063,N=1000000,1000000,90.34131908416748,0.08148442647621063,0.0
51,nowork_nowork,0.08113373945403105,N=1000000,1000000,90.34131908416748,0.08113373945403105,0.0
52,nowork_nowork,0.08312805426116407,N=1000000,1000000,90.34131908416748,0.08312805426116407,0.0
53,nowork_nowork,0.08616746542558922,N=1000000,1000000,90.34131908416748,0.08616746542558922,0.0
54,nowork_nowork,0.09063161623567598,N=1000000,1000000,90.34131908416748,0.09063161623567598,0.0
55,nowork_nowork,0.09667505640843221,N=1000000,1000000,90.34131908416748,0.09667505640843221,0.0
56,nowork_nowork,0.10400651547008619,N=1000000,1000000,90.34131908416748,0.10400651547008619,0.0
57,nowork_nowork,0.11327413669245034,N=1000000,1000000,90.34131908416748,0.11327413669245034,0.0
58,nowork_nowork,0.12539132936989275,N=1000000,1000000,90.34131908416748,0.12539132936989275,0.0
59,nowork_nowork,0.13984117269641747,N=1000000,1000000,90.34131908416748,0.13984117269641747,0.0
60,nowork_nowork,0.15790902442218085,N=1000000,1000000,90.34131908416748,0.15790902442218085,0.0
61,nowork_nowork,0.17792859725370752,N=1000000,1000000,90.34131908416748,0.17792859725370752,0.0
62,nowork_nowork,0.20131107017699557,N=1000000,1000000,90.34131908416748,0.20131107017699557,0.0
63,nowork_nowork,0.22842554177215466,N=1000000,1000000,90.34131908416748,0.22842554177215466,0.0
64,nowork_nowork,0.25820801894294143,N=1000000,1000000,90.34131908416748,0.25820801894294143,0.0
65,nowork_nowork,0.292677393615238,N=1000000,1000000,90.34131908416748,0.292677393615238,0.0
66,nowork_nowork,0.34161984324389805,N=1000000,1000000,90.34131908416748,0.34161984324389805,0.0
67,nowork_nowork,0.417177618087508,N=1000000,1000000,90.34131908416748,0.417177618087508,0.0
68,nowork_nowork,0.4880513922629102,N=1000000,1000000,90.34131908416748,0.4880513922629102,0.0
69,nowork_nowork,0.5390897886758996,N=1000000,1000000,90.34131908416748,0.5390897886758996,0.0
70,nowork_nowork,0.5839198099997454,N=1000000,1000000,90.34131908416748,0.5839198099997454,0.0
71,nowork_nowork,0.6260740902297753,N=1000000,1000000,90.34131908416748,0.6260740902297753,0.0
72,nowork_nowork,0.666351731634716,N=1000000,1000000,90.34131908416748,0.666351731634716,0.0
73,nowork_nowork,0.7040263764698518,N=1000000,1000000,90.34131908416748,0.7040263764698518,0.0
74,nowork_nowork,0.7385715936483026,N=1000000,1000000,90.34131908416748,0.7385715936483026,0.0
75,nowork_nowork,0.7703021557955667,N=1000000,1000000,90.34131908416748,0.7703021557955667,0.0
76,nowork_nowork,0.7994939145822345,N=1000000,1000000,90.34131908416748,0.7994939145822345,0.0
77,nowork_nowork,0.8236762022520467,N=1000000,1000000,90.34131908416748,0.8236762022520467,0.0
78,nowork_nowork,0.8457002827284472,N=1000000,1000000,90.34131908416748,0.8457002827284472,0.0
79,nowork_nowork,0.8631254343724154,N=1000000,1000000,90.34131908416748,0.8631254343724154,0.0
80,nowork_nowork,0.8769571626702023,N=1000000,1000000,90.34131908416748,0.8769571626702023,0.0
81,nowork_nowork,0.8864407596823901,N=1000000,1000000,90.34131908416748,0.8864407596823901,0.0
82,nowork_nowork,0.8854969254061261,N=1000000,1000000,90.34131908416748,0.8854969254061261,0.0
83,nowork_nowork,0.8716194687805389,N=1000000,1000000,90.34131908416748,0.8716194687805389,0.0
84,nowork_nowork,0.18495234420937404,N=1000000,1000000,90.34131908416748,0.18495234420937404,0.0
