model,seed,moment,squared_error_sum,empirical_variance,weight,criterion_value,total_criterion,share_of_total_criterion,run
new_model_edu1,1501552845,hours_0,0.6663000507463017,0.09383737769701109,10.656734272383432,7.100582586478933,228.32698460400522,0.03109830666223574,1
new_model_edu1,1501552845,hours_1,0.03644537930676406,0.0003774710394068248,2649.2091595967977,96.55143268445893,228.32698460400522,0.42286474746693287,1
new_model_edu1,1501552845,hours_2,0.04640334455955064,0.0006603871856662427,1514.2629510062923,70.26686546930694,228.32698460400522,0.307746653735094,1
new_model_edu1,1501552845,hours_3,0.047329589050363746,0.001228700509100839,813.8679126494437,38.52003384697551,228.32698460400522,0.168705568961908,1
new_model_edu1,1501552845,hours_4,0.12960573934574557,0.061082580566403206,16.371279489015148,2.121811782209648,228.32698460400522,0.009292864730332133,1
new_model_edu1,1501552845,work_work,0.21775225695694278,0.08657059463138579,11.551266375180099,2.51531432390631,228.32698460400522,0.011016281445089374,1
new_model_edu1,1501552845,nowork_nowork,1.083219147453215,0.09627806830509002,10.386581456874474,11.250943910668939,228.32698460400522,0.04927557699840783,1
new_model_edu1,488200390,hours_0,0.6524295650042284,0.09383737769701109,10.656734272383432,6.952768505696775,230.5080280243678,0.0301628041560521,2
new_model_edu1,488200390,hours_1,0.03858405610517996,0.0003774710394068248,2649.2091595967977,102.2172348482395,230.5080280243678,0.443443274945,2
new_model_edu1,488200390,hours_2,0.046345349852273295,0.0006603871856662427,1514.2629510062923,70.17904623272238,230.5080280243678,0.30445380507660025,2
new_model_edu1,488200390,hours_3,0.04371691122546788,0.001228700509100839,813.8679126494437,35.57979128655258,230.5080280243678,0.1543538053381434,2
new_model_edu1,488200390,hours_4,0.11984107192929017,0.061082580566403206,16.371279489015148,1.9619516828175771,230.5080280243678,0.00851142452448629,2
new_model_edu1,488200390,work_work,0.21389023933169243,0.08657059463138579,11.551266375180099,2.470703129571403,230.5080280243678,0.010718512282401792,2
new_model_edu1,488200390,nowork_nowork,1.0731666029914126,0.09627806830509002,10.386581456874474,11.146532338767576,230.5080280243678,0.04835637367731608,2
new_model_edu1,1693606510,hours_0,0.663582018802733,0.09383737769701109,10.656734272383432,7.071617242312472,230.19279804663176,0.030720410466012604,3
new_model_edu1,1693606510,hours_1,0.03949389186818864,0.0003774710394068248,2649.2091595967977,104.62758008533083,230.19279804663176,0.4545215183671198,3
new_model_edu1,1693606510,hours_2,0.0425947242256708,0.0006603871856662427,1514.2629510062923,64.49961280326347,230.19279804663176,0.2801982223188292,3
new_model_edu1,1693606510,hours_3,0.04710751898883927,0.001228700509100839,813.8679126494437,38.339298149540646,230.19279804663176,0.1665529872128058,3
new_model_edu1,1693606510,hours_4,0.12298221817093558,0.061082580566403206,16.371279489015148,2.0133762658554235,230.19279804663176,0.008746478095494368,3
new_model_edu1,1693606510,work_work,0.2161169497860297,0.08657059463138579,11.551266375180099,2.4964244551698505,230.19279804663176,0.01084492858314417,3
new_model_edu1,1693606510,nowork_nowork,1.0730083898569638,0.09627806830509002,10.386581456874474,11.144889045159076,230.19279804663176,0.048415454956594155,3
new_model_edu1,680233354,hours_0,0.6587259975689049,0.09383737769701109,10.656734272383432,7.019867914402514,218.82470690905197,0.03207986892138334,4
new_model_edu1,680233354,hours_1,0.03512205860874192,0.0003774710394068248,2649.2091595967977,93.04567937017467,218.82470690905197,0.425206461758664,4
new_model_edu1,680233354,hours_2,0.04327915952855166,0.0006603871856662427,1514.2629510062923,65.53602782477672,218.82470690905197,0.29949098870272833,4
new_model_edu1,680233354,hours_3,0.04574850796147434,0.001228700509100839,813.8679126494437,37.23324268143158,218.82470690905197,0.17015099989100627,4
new_model_edu1,680233354,hours_4,0.13125745847292944,0.061082580566403206,16.371279489015148,2.148852537678127,218.82470690905197,0.009819972196152577,4
new_model_edu1,680233354,work_work,0.22670986808129348,0.08657059463138579,11.551266375180099,2.6187860760889614,218.82470690905197,0.011967506380243353,4
new_model_edu1,680233354,nowork_nowork,1.080456601731249,0.09627806830509002,10.386581456874474,11.222250504499398,218.82470690905197,0.051284202149822114,4
new_model_edu1,438466540,hours_0,0.6729072861247191,0.09383737769701109,10.656734272383432,7.170994138181817,239.35075460971274,0.029960190223234925,5
new_model_edu1,438466540,hours_1,0.03995966301277862,0.0003774710394068248,2649.2091595967977,105.86150526785448,239.35075460971274,0.4422860727574187,5
new_model_edu1,438466540,hours_2,0.0488933580572909,0.0006603871856662427,1514.2629510062923,74.0374006564406,239.35075460971274,0.30932595461069917,5
new_model_edu1,438466540,hours_3,0.04483787932878343,0.001228700509100839,813.8679126494437,36.49211125694461,239.35075460971274,0.15246290456217254,5
new_model_edu1,438466540,hours_4,0.12397297446960602,0.061082580566403206,16.371279489015148,2.0295962141264594,239.35075460971274,0.008479589786278031,5
new_model_edu1,438466540,work_work,0.2192936014200853,0.08657059463138579,11.551266375180099,2.5331188043759783,239.35075460971274,0.010583291489957916,5
new_model_edu1,438466540,nowork_nowork,1.0808203178687543,0.09627806830509002,10.386581456874474,11.226028271788778,239.35075460971274,0.04690199657023864,5
new_model_edu1,1712329280,hours_0,0.665929876184678,0.09383737769701109,10.656734272383432,7.096637734541313,240.31954244286442,0.02953000685006101,6
new_model_edu1,1712329280,hours_1,0.040688442066750846,0.0003774710394068248,2649.2091595967977,107.79219341296,240.31954244286442,0.448536945090878,6
new_model_edu1,1712329280,hours_2,0.045343248597262034,0.0006603871856662427,1514.2629510062923,68.66160142910194,240.31954244286442,0.2857096045171862,6
new_model_edu1,1712329280,hours_3,0.05061956474749783,0.001228700509100839,813.8679126494437,41.197639500269425,240.31954244286442,0.17142858662883856,6
new_model_edu1,1712329280,hours_4,0.11761275347414107,0.061082580566403206,16.371279489015148,1.9254712585978009,240.31954244286442,0.008012129346724179,6
new_model_edu1,1712329280,work_work,0.21268352313539968,0.08657059463138579,11.551266375180099,2.456764029348781,240.31954244286442,0.010222905737817275,6
new_model_edu1,1712329280,nowork_nowork,1.0772779402446617,0.09627806830509002,10.386581456874474,11.189235078045131,240.31954244286442,0.04655982182849468,6
new_model_edu1,1380152455,hours_0,0.6643996241717695,0.09383737769701109,10.656734272383432,7.080330245469967,241.02583818580752,0.02937581422292045,7
new_model_edu1,1380152455,hours_1,0.04127196373558747,0.0003774710394068248,2649.2091595967977,109.33806436286518,241.02583818580752,0.4536362789394229,7
new_model_edu1,1380152455,hours_2,0.04678630304334237,0.0006603871856662427,1514.2629510062923,70.8467653130863,241.02583818580752,0.29393846670691925,7
new_model_edu1,1380152455,hours_3,0.04682613703969484,0.001228700509100839,813.8679126494437,38.11029040993324,241.02583818580752,0.1581170329985697,7
new_model_edu1,1380152455,hours_4,0.12098897325586341,0.061082580566403206,16.371279489015148,1.980744296260719,241.02583818580752,0.008217974932354585,7
new_model_edu1,1380152455,work_work,0.22725431053350428,0.08657059463138579,11.551266375180099,2.6250750758804045,241.02583818580752,0.010891260022739664,7
new_model_edu1,1380152455,nowork_nowork,1.0633497198447068,0.09627806830509002,10.386581456874474,11.044568482311698,241.02583818580752,0.045823172177073435,7
new_model_edu1,1452245846,hours_0,0.6538523370916297,0.09383737769701109,10.656734272383432,6.967930609762375,227.44571605267723,0.030635576394626742,8
new_model_edu1,1452245846,hours_1,0.03491105276248506,0.0003774710394068248,2649.2091595967977,92.4866807495425,227.44571605267723,0.406631887180158,8
new_model_edu1,1452245846,hours_2,0.048261095795670284,0.0006603871856662427,1514.2629510062923,73.07998933834905,227.44571605267723,0.3213073897660199,8
new_model_edu1,1452245846,hours_3,0.04842497301038383,0.001228700509100839,813.8679126494437,39.41153170406674,227.44571605267723,0.1732788481931174,8
new_model_edu1,1452245846,hours_4,0.12100943124189496,0.061082580566403206,16.371279489015148,1.9810792196678237,227.44571605267723,0.008710118854069773,8
new_model_edu1,1452245846,work_work,0.21059302497877652,0.08657059463138579,11.551266375180099,2.432616128284804,227.44571605267723,0.010695370176686035,8
new_model_edu1,1452245846,nowork_nowork,1.0673279123678006,0.09627806830509002,10.386581456874474,11.08588830300394,227.44571605267723,0.048740809435322184,8
new_model_edu1,2122694021,hours_0,0.6594819458467883,0.09383737769701109,10.656734272383432,7.027923854323583,234.62606433524314,0.02995372178379041,9
new_model_edu1,2122694021,hours_1,0.040278530983326816,0.0003774710394068248,2649.2091595967977,106.70625321613281,234.62606433524314,0.4547928360749666,9
new_model_edu1,2122694021,hours_2,0.044661805579717224,0.0006603871856662427,1514.2629510062923,67.6297175144119,234.62606433524314,0.2882446914243076,9
new_model_edu1,2122694021,hours_3,0.04644856913548124,0.001228700509100839,813.8679126494437,37.803000007847494,234.62606433524314,0.16112020680632075,9
new_model_edu1,2122694021,hours_4,0.1210111998966456,0.061082580566403206,16.371279489015148,1.9811081748090662,234.62606433524314,0.008443683272879603,9
new_model_edu1,2122694021,work_work,0.20041567410413938,0.08657059463138579,11.551266375180099,2.315054837338198,234.62606433524314,0.00986699770077699,9
new_model_edu1,2122694021,nowork_nowork,1.074752725594014,0.09627806830509002,10.386581456874474,11.163006730380085,234.62606433524314,0.04757786293695799,9
new_model_edu1,839901363,hours_0,0.6604417441278583,0.09383737769701109,10.656734272383432,7.038152169560036,232.2869503219481,0.03029938685666675,10
new_model_edu1,839901363,hours_1,0.03854459793931725,0.0003774710394068248,2649.2091595967977,102.11270191381512,232.2869503219481,0.439597238554674,10
new_model_edu1,839901363,hours_2,0.04561142701392516,0.0006603871856662427,1514.2629510062923,69.06769406971443,232.2869503219481,0.2973378141733192,10
new_model_edu1,839901363,hours_3,0.04726021587145722,0.001228700509100839,813.8679126494437,38.463573242665,232.2869503219481,0.16558645756619025,10
new_model_edu1,839901363,hours_4,0.12283468163107453,0.061082580566403206,16.371279489015148,2.010960903926516,232.2869503219481,0.008657227197392443,10
new_model_edu1,839901363,work_work,0.21919497312009886,0.08657059463138579,11.551266375180099,2.5319795226107034,232.2869503219481,0.010900222845499487,10
new_model_edu1,839901363,nowork_nowork,1.065017257659387,0.09627806830509002,10.386581456874474,11.061888499656293,232.2869503219481,0.047621652806257915,10
new_model_edu1,1802651552,hours_0,0.6723083890884411,0.09383737769701109,10.656734272383432,7.164611851609686,233.35134614669082,0.030703109152435838,11
new_model_edu1,1802651552,hours_1,0.03661355826237017,0.0003774710394068248,2649.2091595967977,96.99697391410207,233.35134614669082,0.41566922803662426,11
new_model_edu1,1802651552,hours_2,0.04802797278103527,0.0006603871856662427,1514.2629510062923,72.72697979426036,233.35134614669082,0.31166299657231145,11
new_model_edu1,1802651552,hours_3,0.04989464217983164,0.001228700509100839,813.8679126494437,40.607648283290466,233.35134614669082,0.17401934445136402,11
new_model_edu1,1802651552,hours_4,0.12340607584497583,0.061082580566403206,16.371279489015148,2.0203153583007003,233.35134614669082,0.008657826027841625,11
new_model_edu1,1802651552,work_work,0.2127722547765212,0.08657059463138579,11.551266375180099,2.4577889921712823,233.35134614669082,0.010532568304218186,11
new_model_edu1,1802651552,nowork_nowork,1.0953582755013416,0.09627806830509002,10.386581456874474,11.377027952956235,233.35134614669082,0.048754927455204544,11
new_model_edu1,714712467,hours_0,0.6557675447341014,0.09383737769701109,10.656734272383432,6.988340468684633,227.71570181574629,0.030688882729479824,12
new_model_edu1,714712467,hours_1,0.03748624280700612,0.0003774710394068248,2649.2091595967977,99.30889780319018,227.71570181574629,0.4361091352564915,12
new_model_edu1,714712467,hours_2,0.04405057930480637,0.0006603871856662427,1514.2629510062923,66.7041602116328,227.71570181574629,0.29292736372481576,12
new_model_edu1,714712467,hours_3,0.04799306921650228,0.001228700509100839,813.8679126494437,39.060019064874986,227.71570181574629,0.17152975729570014,12
new_model_edu1,714712467,hours_4,0.1206766002424946,0.061082580566403206,16.371279489015148,1.9756303503540322,227.71570181574629,0.008675863520173906,12
new_model_edu1,714712467,work_work,0.23649507174593126,0.08657059463138579,11.551266375180099,2.731817570154581,227.71570181574629,0.011996614850762472,12
new_model_edu1,714712467,nowork_nowork,1.053940258621839,0.09627806830509002,10.386581456874474,10.94683634685508,227.71570181574629,0.04807238262257644,12
new_model_edu1,1218704077,hours_0,0.6753578457051438,0.09383737769701109,10.656734272383432,7.1971091004490475,235.46890294665172,0.030565008841441955,13
new_model_edu1,1218704077,hours_1,0.03937768206075658,0.0003774710394068248,2649.2091595967977,104.31971599904684,235.46890294665172,0.44302969391538594,13
new_model_edu1,1218704077,hours_2,0.04495878491253655,0.0006603871856662427,1514.2629510062923,68.07942231531476,235.46890294665172,0.28912277359502947,13
new_model_edu1,1218704077,hours_3,0.04895513727223594,0.001228700509100839,813.8679126494437,39.84301538522165,235.46890294665172,0.169207121987775,13
new_model_edu1,1218704077,hours_4,0.1259924148940323,0.061082580566403206,16.371279489015148,2.0626570377261575,235.46890294665172,0.008759785313109803,13
new_model_edu1,1218704077,work_work,0.2247158363511337,0.08657059463138579,11.551266375180099,2.5957524844133246,235.46890294665172,0.011023759196777772,13
new_model_edu1,1218704077,nowork_nowork,1.0948001199137338,0.09627806830509002,10.386581456874474,11.371230624479939,235.46890294665172,0.048291857150479976,13
new_model_edu1,1284858263,hours_0,0.6546594517186114,0.09383737769701109,10.656734272383432,6.976531815869472,220.53467230489662,0.03163462571646866,14
new_model_edu1,1284858263,hours_1,0.03239920315512482,0.0003774710394068248,2649.2091595967977,85.83226576219413,220.53467230489662,0.3892007767537257,14
new_model_edu1,1284858263,hours_2,0.04738380516303963,0.0006603871856662427,1514.2629510062923,71.75154063609158,220.53467230489662,0.325352652651791,14
new_model_edu1,1284858263,hours_3,0.05006965190302701,0.001228700509100839,813.8679126494437,40.75008308140084,220.53467230489662,0.18477857769712724,14
new_model_edu1,1284858263,hours_4,0.11505323403658321,0.061082580566403206,16.371279489015148,1.8835686505279743,220.53467230489662,0.008540918445349387,14
new_model_edu1,1284858263,work_work,0.21017250812896734,0.08657059463138579,11.551266375180099,2.4277586261374062,220.53467230489662,0.011008512179803401,14
new_model_edu1,1284858263,nowork_nowork,1.0506752176340344,0.09627806830509002,10.386581456874474,10.912923732675214,220.53467230489662,0.049483936555734555,14
new_model_edu1,457721135,hours_0,0.6574415606271158,0.09383737769701109,10.656734272383432,7.0061800112242345,227.37235208604827,0.030813684895922483,15
new_model_edu1,457721135,hours_1,0.03644024280049379,0.0003774710394068248,2649.2091595967977,96.5378250049994,227.37235208604827,0.4245803155894038,15
new_model_edu1,457721135,hours_2,0.04655200184152852,0.0006603871856662427,1514.2629510062923,70.49197168380333,227.37235208604827,0.31002877455006445,15
new_model_edu1,457721135,hours_3,0.04622641080123774,0.001228700509100839,813.8679126494437,37.62219246807906,227.37235208604827,0.16546511536213984,15
new_model_edu1,457721135,hours_4,0.12707747459553267,0.061082580566403206,16.371279489015148,2.0804208533616877,227.37235208604827,0.00914984092953553,15
new_model_edu1,457721135,work_work,0.2101531771079551,0.08657059463138579,11.551266375180099,2.42753532836439,227.37235208604827,0.010676475420572233,15
new_model_edu1,457721135,nowork_nowork,1.0789138642723697,0.09627806830509002,10.386581456874474,11.206226736216179,227.37235208604827,0.04928579325236175,15
new_model_edu1,401008609,hours_0,0.6908762669880454,0.09383737769701109,10.656734272383432,7.362484792387829,242.78109471046304,0.03032560999516134,16
new_model_edu1,401008609,hours_1,0.04171938588747505,0.0003774710394068248,2649.2091595967977,110.52337922585228,242.78109471046304,0.4552388206242366,16
new_model_edu1,401008609,hours_2,0.0470725715398133,0.0006603871856662427,1514.2629510062923,71.28025109133249,242.78109471046304,0.2935988536353714,16
new_model_edu1,401008609,hours_3,0.04598131149090733,0.001228700509100839,813.8679126494437,37.42271400398863,242.78109471046304,0.15414179612551124,16
new_model_edu1,401008609,hours_4,0.12904200880462766,0.061082580566403206,16.371279489015148,2.112582791964513,242.78109471046304,0.008701595132372009,16
new_model_edu1,401008609,work_work,0.21488855620294114,0.08657059463138579,11.551266375180099,2.482234953678033,242.78109471046304,0.010224169046763331,16
new_model_edu1,401008609,nowork_nowork,1.1165798775480016,0.09627806830509002,10.386581456874474,11.597447851259243,242.78109471046304,0.04776915544058395,16
new_model_edu1,492064534,hours_0,0.6557327240612753,0.09383737769701109,10.656734272383432,6.9879693940271395,236.99088803162212,0.02948623658937774,17
new_model_edu1,492064534,hours_1,0.0392669996620602,0.0003774710394068248,2649.2091595967977,104.02649517461424,236.99088803162212,0.43894723564533755,17
new_model_edu1,492064534,hours_2,0.04803505604414548,0.0006603871856662427,1514.2629510062923,72.73770571716037,236.99088803162212,0.30692195097161223,17
new_model_edu1,492064534,hours_3,0.04629459469069555,0.001228700509100839,813.8679126494437,37.67768514786841,236.99088803162212,0.15898368692909834,17
new_model_edu1,492064534,hours_4,0.12429520145111742,0.061082580566403206,16.371279489015148,2.0348714820996845,236.99088803162212,0.008586285738665902,17
new_model_edu1,492064534,work_work,0.21670142621484892,0.08657059463138579,11.551266375180099,2.5031758980891556,236.99088803162212,0.010562329711829058,17
new_model_edu1,492064534,nowork_nowork,1.061271724824095,0.09627806830509002,10.386581456874474,11.022985217763134,236.99088803162212,0.046512274414079235,17
new_model_edu1,1444732602,hours_0,0.6677862044549457,0.09383737769701109,10.656734272383432,7.116420131639869,231.50526163804153,0.03073977706289195,18
new_model_edu1,1444732602,hours_1,0.03822982220267248,0.0003774710394068248,2649.2091595967977,101.27879514907696,231.50526163804153,0.437479452658948,18
new_model_edu1,1444732602,hours_2,0.046773116486364896,0.0006603871856662427,1514.2629510062923,70.82679739840397,231.50526163804153,0.3059403354259035,18
new_model_edu1,1444732602,hours_3,0.044820949321384466,0.001228700509100839,813.8679126494437,36.47833246716168,231.50526163804153,0.15757020902702223,18
new_model_edu1,1444732602,hours_4,0.12519056195921396,0.061082580566403206,16.371279489015148,2.0495296792211595,231.50526163804153,0.008853058737064901,18
new_model_edu1,1444732602,work_work,0.22158344183205875,0.08657059463138579,11.551266375180099,2.5595693609313352,231.50526163804153,0.011056203832348406,18
new_model_edu1,1444732602,nowork_nowork,1.0779116784566778,0.09627806830509002,10.386581456874474,11.19581745160657,231.50526163804153,0.04836096325582107,18
new_model_edu1,1317426686,hours_0,0.6376338284810711,0.09383737769701109,10.656734272383432,6.795094273205289,229.2398030493377,0.029641860544361173,19
new_model_edu1,1317426686,hours_1,0.040091219001997865,0.0003774710394068248,2649.2091595967977,106.21002459949393,229.2398030493377,0.4633140632067071,19
new_model_edu1,1317426686,hours_2,0.04298048017387887,0.0006603871856662427,1514.2629510062923,65.08374874376526,229.2398030493377,0.2839112051137024,19
new_model_edu1,1317426686,hours_3,0.04372305705717602,0.001228700509100839,813.8679126494437,35.58479318177638,229.2398030493377,0.15522955746964112,19
new_model_edu1,1317426686,hours_4,0.12750810928795736,0.061082580566403206,16.371279489015148,2.087470894269038,229.2398030493377,0.009106057789710133,19
new_model_edu1,1317426686,work_work,0.22316680380003143,0.08657059463138579,11.551266375180099,2.5778591967917173,229.2398030493377,0.011245251315439764,19
new_model_edu1,1317426686,nowork_nowork,1.049509138814991,0.09627806830509002,10.386581456874474,10.900812160036084,229.2398030493377,0.0475520045604383,19
new_model_edu1,2022506251,hours_0,0.6687185886626965,0.09383737769701109,10.656734272383432,7.1263563023816365,228.15136113515837,0.031235212741772496,20
new_model_edu1,2022506251,hours_1,0.03585284215263795,0.0003774710394068248,2649.2091595967977,94.98167782834662,228.15136113515837,0.4163099328260367,20
new_model_edu1,2022506251,hours_2,0.04722768796373522,0.0006603871856662427,1514.2629510062923,71.51513814517004,228.15136113515837,0.313454795050747,20
new_model_edu1,2022506251,hours_3,0.04766992580861018,0.001228700509100839,813.8679126494437,38.797023014007415,228.15136113515837,0.17004949179778858,20
new_model_edu1,2022506251,hours_4,0.12603712957707447,0.061082580566403206,16.371279489015148,2.063389074299504,228.15136113515837,0.009043948123005668,20
new_model_edu1,2022506251,work_work,0.21904637730939308,0.08657059463138579,11.551266375180099,2.5302630528190053,228.15136113515837,0.011090282522224625,20
new_model_edu1,2022506251,nowork_nowork,1.0722983076171482,0.09627806830509002,10.386581456874474,11.137513718134151,228.15136113515837,0.0488163369384249,20
new_model_edu1,1516459118,hours_0,0.6545693889969364,0.09383737769701109,10.656734272383432,6.975572041376735,237.1395943144623,0.02941546754999791,21
new_model_edu1,1516459118,hours_1,0.04033302696533174,0.0003774710394068248,2649.2091595967977,106.85062447082147,237.1395943144623,0.4505811219746404,21
new_model_edu1,1516459118,hours_2,0.045049254609701314,0.0006603871856662427,1514.2629510062923,68.21641722592013,237.1395943144623,0.28766354865000227,21
new_model_edu1,1516459118,hours_3,0.04868798512124694,0.001228700509100839,813.8679126494437,39.62558882173642,237.1395943144623,0.16709815556650717,21
new_model_edu1,1516459118,hours_4,0.11526528591148955,0.061082580566403206,16.371279489015148,1.8870402110382354,237.1395943144623,0.007957507966956791,21
new_model_edu1,1516459118,work_work,0.22163709360654854,0.08657059463138579,11.551266375180099,2.5601891068699683,237.1395943144623,0.010796126704488637,21
new_model_edu1,1516459118,nowork_nowork,1.0613850651893635,0.09627806830509002,10.386581456874474,11.024162436699347,237.1395943144623,0.04648807158740687,21
new_model_edu1,533103612,hours_0,0.6645113363141872,0.09383737769701109,10.656734272383432,7.0815207320867115,235.82904526383808,0.030028195738841794,22
new_model_edu1,533103612,hours_1,0.03773464232652681,0.0003774710394068248,2649.2091595967977,99.96696008554385,235.82904526383808,0.42389587751459523,22
new_model_edu1,533103612,hours_2,0.0520504489660828,0.0006603871856662427,1514.2629510062923,78.81806645258295,235.82904526383808,0.3342169594267059,22
new_model_edu1,533103612,hours_3,0.042255323633858435,0.001228700509100839,813.8679126494437,34.390252044215075,235.82904526383808,0.1458270418121752,22
new_model_edu1,533103612,hours_4,0.1196024336862377,0.061082580566403206,16.371279489015148,1.9580448694437977,235.82904526383808,0.008302814724340673,22
new_model_edu1,533103612,work_work,0.21161513910752322,0.08657059463138579,11.551266375180099,2.444422840851792,235.82904526383808,0.010365232315286054,22
new_model_edu1,533103612,nowork_nowork,1.0754046733750964,0.09627806830509002,10.386581456874474,11.169778239113926,235.82904526383808,0.047363878468055245,22
new_model_edu1,1964759878,hours_0,0.6512683603175583,0.09383737769701109,10.656734272383432,6.940393855915085,227.65941955095732,0.03048586291577365,23
new_model_edu1,1964759878,hours_1,0.03542543876508486,0.0003774710394068248,2649.2091595967977,93.84939685919828,227.65941955095732,0.4122359489640702,23
new_model_edu1,1964759878,hours_2,0.04924696968914687,0.0006603871856662427,1514.2629510062923,74.57286164960497,227.65941955095732,0.32756326005176883,23
new_model_edu1,1964759878,hours_3,0.04524469359926334,0.001228700509100839,813.8679126494437,36.823204338096104,227.65941955095732,0.1617468954753876,23
new_model_edu1,1964759878,hours_4,0.12318680409558945,0.061082580566403206,16.371279489015148,2.016725599207451,227.65941955095732,0.008858520342295981,23
new_model_edu1,1964759878,work_work,0.21219793833939649,0.08657059463138579,11.551266375180099,2.4511549100224106,227.65941955095732,0.010766762538783357,23
new_model_edu1,1964759878,nowork_nowork,1.0596058370705563,0.09627806830509002,10.386581456874474,11.005682338912996,227.65941955095732,0.048342749711920346,23
new_model_edu1,2037706756,hours_0,0.6507681681243928,0.09383737769701109,10.656734272383432,6.935063440627399,231.29328580484355,0.029983851094056147,24
new_model_edu1,2037706756,hours_1,0.03840052052380944,0.0003774710394068248,2649.2091595967977,101.7310107049608,231.29328580484355,0.43983555489283654,24
new_model_edu1,2037706756,hours_2,0.0471982745083552,0.0006603871856662427,1514.2629510062923,71.470598439427,231.29328580484355,0.30900420732373163,24
new_model_edu1,2037706756,hours_3,0.04391989971038659,0.001228700509100839,813.8679126494437,35.74499710106524,231.29328580484355,0.1545440325977534,24
new_model_edu1,2037706756,hours_4,0.11824524698271648,0.061082580566403206,16.371279489015148,1.9358259866016765,231.29328580484355,0.00836957276933258,24
new_model_edu1,2037706756,work_work,0.22398182030719865,0.08657059463138579,11.551266375180099,2.5872736695661747,231.29328580484355,0.011186116624886455,24
new_model_edu1,2037706756,nowork_nowork,1.048325332815694,0.09627806830509002,10.386581456874474,10.88851646259525,231.29328580484355,0.047076664697403126,24
new_model_edu1,1572889065,hours_0,0.674714822773512,0.09383737769701109,10.656734272383432,7.1902565759355985,241.86103667724026,0.029728875203370943,25
new_model_edu1,1572889065,hours_1,0.04215073222551703,0.0003774710394068248,2649.2091595967977,111.66610589555164,241.86103667724026,0.4616953083045298,25
new_model_edu1,1572889065,hours_2,0.04555523274819734,0.0006603871856662427,1514.2629510062923,68.98260117506379,241.86103667724026,0.2852158500714606,25
new_model_edu1,1572889065,hours_3,0.04704955205317005,0.001228700509100839,813.8679126494437,38.29212072060486,241.86103667724026,0.15832281729489606,25
new_model_edu1,1572889065,hours_4,0.1269633900322757,0.061082580566403206,16.371279489015148,2.0785531430912254,241.86103667724026,0.008593997493961881,25
new_model_edu1,1572889065,work_work,0.21011284316528803,0.08657059463138579,11.551266375180099,2.427069420248681,241.86103667724026,0.010034974849990273,25
new_model_edu1,1572889065,nowork_nowork,1.080656787158353,0.09627806830509002,10.386581456874474,11.224329746744495,241.86103667724026,0.04640817678179055,25
new_model_edu1,1432881518,hours_0,0.6553903530910866,0.09383737769701109,10.656734272383432,6.984320837575261,232.3850224109778,0.030054952617485576,26
new_model_edu1,1432881518,hours_1,0.04028538494359918,0.0003774710394068248,2649.2091595967977,106.72441079046587,232.3850224109778,0.4592568388582355,26
new_model_edu1,1432881518,hours_2,0.04162662741359049,0.0006603871856662427,1514.2629510062923,63.03365966774295,232.3850224109778,0.2712466535655925,26
new_model_edu1,1432881518,hours_3,0.049492537591532944,0.001228700509100839,813.8679126494437,40.280388261345045,232.3850224109778,0.1733347005045288,26
new_model_edu1,1432881518,hours_4,0.12025849420116255,0.061082580566403206,16.371279489015148,1.9687854194953396,232.3850224109778,0.008472083953902594,26
new_model_edu1,1432881518,work_work,0.2172596939824077,0.08657059463138579,11.551266375180099,2.509624597780904,232.3850224109778,0.01079942490158673,26
new_model_edu1,1432881518,nowork_nowork,1.0478744023490814,0.09627806830509002,10.386581456874474,10.88383283657239,232.3850224109778,0.04683534559866816,26
new_model_edu1,280516901,hours_0,0.6523994728954152,0.09383737769701109,10.656734272383432,6.952447822089457,236.317860675172,0.02941989996958319,27
new_model_edu1,280516901,hours_1,0.04024560228143956,0.0003774710394068248,2649.2091595967977,106.61901819747945,236.317860675172,0.4511678376440255,27
new_model_edu1,280516901,hours_2,0.04574043478532949,0.0006603871856662427,1514.2629510062923,69.2630457583439,236.317860675172,0.2930927250291447,27
new_model_edu1,280516901,hours_3,0.046516371622560115,0.001228700509100839,813.8679126494437,37.85818227647882,236.317860675172,0.16020025811132554,27
new_model_edu1,280516901,hours_4,0.1225008477480426,0.061082580566403206,16.371279489015148,2.005495616124497,236.317860675172,0.008486432681790092,27
new_model_edu1,280516901,work_work,0.22085467503113348,0.08657059463138579,11.551266375180099,2.5511511814884598,236.317860675172,0.01079542263204183,27
new_model_edu1,280516901,nowork_nowork,1.0656557086780063,0.09627806830509002,10.386581456874474,11.068519823167406,236.317860675172,0.04683742393208913,27
new_model_edu1,205939248,hours_0,0.6639428380199833,0.09383737769701109,10.656734272383432,7.075462396831077,223.91936032848568,0.03159826102777134,28
new_model_edu1,205939248,hours_1,0.035314978091507326,0.0003774710394068248,2649.2091595967977,93.55676343098145,223.91936032848568,0.41781453507966154,28
new_model_edu1,205939248,hours_2,0.047175622370556586,0.0006603871856662427,1514.2629510062923,71.43629714639748,223.91936032848568,0.31902689004470947,28
new_model_edu1,205939248,hours_3,0.044386453303261145,0.001228700509100839,813.8679126494437,36.12471009983715,223.91936032848568,0.16132910547280438,28
new_model_edu1,205939248,hours_4,0.12861835703311622,0.061082580566403206,16.371279489015148,2.1056470704070827,223.91936032848568,0.009403595416305836,28
new_model_edu1,205939248,work_work,0.20579058862888017,0.08657059463138579,11.551266375180099,2.3771419067573034,223.91936032848568,0.010616062422070511,28
new_model_edu1,205939248,nowork_nowork,1.0824868917609645,0.09627806830509002,10.386581456874474,11.24333827727412,223.91936032848568,0.050211550536676884,28
new_model_edu1,571904914,hours_0,0.6808789690813154,0.09383737769701109,10.656734272383432,7.255946245153953,241.8356966778664,0.030003619584825506,29
new_model_edu1,571904914,hours_1,0.041488320934936714,0.0003774710394068248,2649.2091595967977,109.91123983712592,241.8356966778664,0.454487246287431,29
new_model_edu1,571904914,hours_2,0.0464410230666324,0.0006603871856662427,1514.2629510062923,70.32392063663006,241.8356966778664,0.2907921436027866,29
new_model_edu1,571904914,hours_3,0.04705760833399142,0.001228700509100839,813.8679126494437,38.298677469060664,241.8356966778664,0.15836651906718238,29
new_model_edu1,571904914,hours_4,0.12557932027813534,0.061082580566403206,16.371279489015148,2.055894150313901,241.8356966778664,0.008501202173856179,29
new_model_edu1,571904914,work_work,0.21859719152032026,0.08657059463138579,11.551266375180099,2.5250743881174795,241.8356966778664,0.010441280682731329,29
new_model_edu1,571904914,nowork_nowork,1.1038226580196173,0.09627806830509002,10.386581456874474,11.46494395146445,241.8356966778664,0.04740798860118718,29
new_model_edu1,948843457,hours_0,0.672229887310968,0.09383737769701109,10.656734272383432,7.163775279027245,229.89807392046012,0.031160658098883246,30
new_model_edu1,948843457,hours_1,0.03708551742221324,0.0003774710394068248,2649.2091595967977,98.24729244331394,229.89807392046012,0.4273515248209753,30
new_model_edu1,948843457,hours_2,0.04667470748421921,0.0006603871856662427,1514.2629510062923,70.67778029240925,229.89807392046012,0.3074309370545761,30
new_model_edu1,948843457,hours_3,0.04664423064923938,0.001228700509100839,813.8679126494437,37.96224263563566,229.89807392046012,0.1651264057513148,30
new_model_edu1,948843457,hours_4,0.1253848197555248,0.061082580566403206,16.371279489015148,2.0527099278974843,229.89807392046012,0.008928782624806498,30
new_model_edu1,948843457,work_work,0.22070063503653375,0.08657059463138579,11.551266375180099,2.549371824478407,229.89807392046012,0.011089139552167088,30
new_model_edu1,948843457,nowork_nowork,1.0826373975294372,0.09627806830509002,10.386581456874474,11.244901517698091,229.89807392046012,0.04891255209727677,30
new_model_edu1,155492488,hours_0,0.6536390621154432,0.09383737769701109,10.656734272383432,6.965657795014206,226.94447528672973,0.030693224790837255,31
new_model_edu1,155492488,hours_1,0.03652082631503872,0.0003774710394068248,2649.2091595967977,96.75130758984433,226.94447528672973,0.42632149325338403,31
new_model_edu1,155492488,hours_2,0.04506480539769418,0.0006603871856662427,1514.2629510062923,68.23996520803668,226.94447528672973,0.3006901363067767,31
new_model_edu1,155492488,hours_3,0.04841645902580972,0.001228700509100839,813.8679126494437,39.40460244521307,226.94447528672973,0.17363102756931137,31
new_model_edu1,155492488,hours_4,0.11791799677960196,0.061082580566403206,16.371279489015148,1.930468482063652,226.94447528672973,0.008506347112546492,31
new_model_edu1,155492488,work_work,0.22221079661994475,0.08657059463138579,11.551266375180099,2.5668161031979513,226.94447528672973,0.011310326457407455,31
new_model_edu1,155492488,nowork_nowork,1.0673057068283667,0.09627806830509002,10.386581456874474,11.085657663359816,226.94447528672973,0.04884744450973658,31
new_model_edu1,1903701130,hours_0,0.6657871727558444,0.09383737769701109,10.656734272383432,7.095116982020476,238.0013516823145,0.029811246582713013,32
new_model_edu1,1903701130,hours_1,0.040788137243899736,0.0003774710394068248,2649.2091595967977,108.05630678943047,238.0013516823145,0.4540155172465769,32
new_model_edu1,1903701130,hours_2,0.045412546846801974,0.0006603871856662427,1514.2629510062923,68.76653720094986,238.0013516823145,0.2889333893058717,32
new_model_edu1,1903701130,hours_3,0.04719526978315024,0.001228700509100839,813.8679126494437,38.41071570533985,238.0013516823145,0.16138864520656454,32
new_model_edu1,1903701130,hours_4,0.12170113916050679,0.061082580566403206,16.371279489015148,1.992403363328183,238.0013516823145,0.008371395159081509,32
new_model_edu1,1903701130,work_work,0.22212429661165065,0.08657059463138579,11.551266375180099,2.565816918560691,238.0013516823145,0.01078068212816521,32
new_model_edu1,1903701130,nowork_nowork,1.0700782320759386,0.09627806830509002,10.386581456874474,11.114454722684963,238.0013516823145,0.04669912437102709,32
new_model_edu1,1017961266,hours_0,0.6864789337162605,0.09383737769701109,10.656734272383432,7.315623580203307,236.62119138919712,0.03091702622767413,33
new_model_edu1,1017961266,hours_1,0.03599265445855853,0.0003774710394068248,2649.2091595967977,95.35206986981578,236.62119138919712,0.402973500851746,33
new_model_edu1,1017961266,hours_2,0.04988266349235795,0.0006603871856662427,1514.2629510062923,75.53546922399178,236.62119138919712,0.31922529330752214,33
new_model_edu1,1017961266,hours_3,0.05202868164241705,0.001228700509100839,813.8679126494437,42.344474526216395,236.62119138919712,0.17895470087701376,33
new_model_edu1,1017961266,hours_4,0.12636286714765987,0.061082580566403206,16.371279489015148,2.0687218151076303,236.62119138919712,0.008742758004734133,33
new_model_edu1,1017961266,work_work,0.23768046419657377,0.08657059463138579,11.551266375180099,2.74551035411108,236.62119138919712,0.01160297747632939,33
new_model_edu1,1017961266,nowork_nowork,1.0840257756125369,0.09627806830509002,10.386581456874474,11.259322019751146,236.62119138919712,0.047583743254980444,33
new_model_edu1,1497769985,hours_0,0.6581790547585056,0.09383737769701109,10.656734272383432,7.014039290209897,230.63565939679404,0.030411772873953923,34
new_model_edu1,1497769985,hours_1,0.037872921094470144,0.0003774710394068248,2649.2091595967977,100.33328946415708,230.63565939679404,0.43502938672436603,34
new_model_edu1,1497769985,hours_2,0.045468531269885176,0.0006603871856662427,1514.2629510062923,68.8513123386582,230.63565939679404,0.2985284778543455,34
new_model_edu1,1497769985,hours_3,0.04794350816079085,0.001228700509100839,813.8679126494437,39.019682911914416,230.63565939679404,0.16918321743466183,34
new_model_edu1,1497769985,hours_4,0.11587443854173131,0.061082580566403206,16.371279489015148,1.897012818999392,230.63565939679404,0.008225149675296748,34
new_model_edu1,1497769985,work_work,0.20193592766371524,0.08657059463138579,11.551266375180099,2.3326156911626743,230.63565939679404,0.010113855321694018,34
new_model_edu1,1497769985,nowork_nowork,1.0771308084516755,0.09627806830509002,10.386581456874474,11.187706881692383,230.63565939679404,0.04850814011568195,34
new_model_edu1,456523489,hours_0,0.6673768261010202,0.09383737769701109,10.656734272383432,7.11205749530522,231.37685400428225,0.0307379816616125,35
new_model_edu1,456523489,hours_1,0.036939795801659334,0.0003774710394068248,2649.2091595967977,97.86124539139124,231.37685400428225,0.4229517503491514,35
new_model_edu1,456523489,hours_2,0.04874152694148784,0.0006603871856662427,1514.2629510062923,73.80748842297008,231.37685400428225,0.3189925316453826,35
new_model_edu1,456523489,hours_3,0.04499555324049039,0.001228700509100839,813.8679126494437,36.62043699434483,231.37685400428225,0.15827182520887362,35
new_model_edu1,456523489,hours_4,0.1290377874849071,0.061082580566403206,16.371279489015148,2.112513683559555,231.37685400428225,0.009130185872094437,35
new_model_edu1,456523489,work_work,0.22669350973507424,0.08657059463138579,11.551266375180099,2.6185971164743256,231.37685400428225,0.011317454927560998,35
new_model_edu1,456523489,nowork_nowork,1.0826001747470748,0.09627806830509002,10.386581456874474,11.244514900237032,231.37685400428225,0.04859827033532456,35
new_model_edu1,701095136,hours_0,0.6540556143854683,0.09383737769701109,10.656734272383432,6.970096881866422,226.79617193855722,0.030732868294420485,36
new_model_edu1,701095136,hours_1,0.036839832448886466,0.0003774710394068248,2649.2091595967977,97.59642156160135,226.79617193855722,0.4303265823553751,36
new_model_edu1,701095136,hours_2,0.04484471789525787,0.0006603871856662427,1514.2629510062923,67.90669485711786,226.79617193855722,0.29941728855774025,36
new_model_edu1,701095136,hours_3,0.047321876912903384,0.001228700509100839,813.8679126494437,38.51375718575858,226.79617193855722,0.16981661046815455,36
new_model_edu1,701095136,hours_4,0.13155910334854468,0.061082580566403206,16.371279489015148,2.1537908502432535,226.79617193855722,0.009496592609273628,36
new_model_edu1,701095136,work_work,0.2220907007291693,0.08657059463138579,11.551266375180099,2.5654288435730397,226.79617193855722,0.011311605578016793,36
new_model_edu1,701095136,nowork_nowork,1.0677220223461206,0.09627806830509002,10.386581456874474,11.089981758396728,226.79617193855722,0.04889845213701925,36
new_model_edu1,249069576,hours_0,0.6482406949993164,0.09383737769701109,10.656734272383432,6.90812883115287,224.3745866414976,0.030788374630815817,37
new_model_edu1,249069576,hours_1,0.03730623007605782,0.0003774710394068248,2649.2091595967977,98.83200642751792,224.3745866414976,0.4404777203464234,37
new_model_edu1,249069576,hours_2,0.043018464166867006,0.0006603871856662427,1514.2629510062923,65.14126649707848,224.3745866414976,0.2903237281553647,37
new_model_edu1,249069576,hours_3,0.04662866234569531,0.001228700509100839,813.8679126494437,37.94957209292675,224.3745866414976,0.169134894735481,37
new_model_edu1,249069576,hours_4,0.12282088856549522,0.061082580566403206,16.371279489015148,2.010735093794907,224.3745866414976,0.008961509963726997,37
new_model_edu1,249069576,work_work,0.21723018787876544,0.08657059463138579,11.551266375180099,2.5092837649180386,224.3745866414976,0.011183457995300222,37
new_model_edu1,249069576,nowork_nowork,1.0613303308580415,0.09627806830509002,10.386581456874474,11.023593934108584,224.3745866414976,0.049130314172887685,37
new_model_edu1,1576098728,hours_0,0.6606727086152545,0.09383737769701109,10.656734272383432,7.040613496728575,235.19624111812968,0.02993505960493797,38
new_model_edu1,1576098728,hours_1,0.03933899047700444,0.0003774710394068248,2649.2091595967977,104.21721390097136,235.19624111812968,0.44310748082333173,38
new_model_edu1,1576098728,hours_2,0.04699150414015145,0.0006603871856662427,1514.2629510062923,71.15749373149013,235.19624111812968,0.3025451996732829,38
new_model_edu1,1576098728,hours_3,0.045751195176226445,0.001228700509100839,813.8679126494437,37.23542971929272,235.19624111812968,0.15831643202405965,38
new_model_edu1,1576098728,hours_4,0.12144013077057764,0.061082580566403206,16.371279489015148,1.988130322027675,235.19624111812968,0.008453070136563604,38
new_model_edu1,1576098728,work_work,0.21320836663640041,0.08657059463138579,11.551266375180099,2.4628266364341225,235.19624111812968,0.010471369035175792,38
new_model_edu1,1576098728,nowork_nowork,1.0681602370568264,0.09627806830509002,10.386581456874474,11.094533311185074,235.19624111812968,0.04717138870264824,38
new_model_edu1,1662748500,hours_0,0.6449614541197825,0.09383737769701109,10.656734272383432,6.87318283248454,220.70058287052103,0.031142567650203477,39
new_model_edu1,1662748500,hours_1,0.03624336887378281,0.0003774710394068248,2649.2091595967977,96.0162647950709,220.70058287052103,0.4350521577525738,39
new_model_edu1,1662748500,hours_2,0.04379702750546922,0.0006603871856662427,1514.2629510062923,66.32021611573556,220.70058287052103,0.3004985997460814,39
new_model_edu1,1662748500,hours_3,0.044241337307496395,0.001228700509100839,813.8679126494437,36.00660484727205,220.70058287052103,0.16314684981324284,39
new_model_edu1,1662748500,hours_4,0.126491835617237,0.061082580566403206,16.371279489015148,2.070833193968348,220.70058287052103,0.009382998300386225,39
new_model_edu1,1662748500,work_work,0.20367413023896036,0.08657059463138579,11.551266375180099,2.352694132123355,220.70058287052103,0.01066011743840122,39
new_model_edu1,1662748500,nowork_nowork,1.0649112029584615,0.09627806830509002,10.386581456874474,11.060786953866247,220.70058287052103,0.05011670929911094,39
new_model_edu1,472736216,hours_0,0.6736389824631261,0.09383737769701109,10.656734272383432,7.178791631628298,231.6223315206463,0.030993521153587025,40
new_model_edu1,472736216,hours_1,0.03855108098704777,0.0003774710394068248,2649.2091595967977,102.12987686324492,231.6223315206463,0.44093277272852804,40
new_model_edu1,472736216,hours_2,0.046123647217505115,0.0006603871856662427,1514.2629510062923,69.84333014675245,231.6223315206463,0.30153970771392036,40
new_model_edu1,472736216,hours_3,0.04490483206249513,0.001228700509100839,813.8679126494437,36.54660193857673,231.6223315206463,0.15778531240334676,40
new_model_edu1,472736216,hours_4,0.13260301764014373,0.061082580566403206,16.371279489015148,2.170881062873599,231.6223315206463,0.009372503284209844,40
new_model_edu1,472736216,work_work,0.2207784041738074,0.08657059463138579,11.551266375180099,2.550270156498823,231.6223315206463,0.011010467513023448,40
new_model_edu1,472736216,nowork_nowork,1.078562736698798,0.09627806830509002,10.386581456874474,11.20257972107152,231.6223315206463,0.048365715203384646,40
new_model_edu1,1535411295,hours_0,0.6649102952101116,0.09383737769701109,10.656734272383432,7.085772331026181,226.6484733827368,0.03126326961426551,41
new_model_edu1,1535411295,hours_1,0.0369585259509435,0.0003774710394068248,2649.2091595967977,97.91086547443545,226.6484733827368,0.43199437442975985,41
new_model_edu1,1535411295,hours_2,0.04502349130361999,0.0006603871856662427,1514.2629510062923,68.17740480602575,226.6484733827368,0.30080681236663753,41
new_model_edu1,1535411295,hours_3,0.04600283290584662,0.001228700509100839,813.8679126494437,37.44022959304253,226.6484733827368,0.1651907424490698,41
new_model_edu1,1535411295,hours_4,0.1317032772625565,0.061082580566403206,16.371279489015148,2.1561511616845666,226.6484733827368,0.009513195167405857,41
new_model_edu1,1535411295,work_work,0.23048860271863378,0.08657059463138579,11.551266375180099,2.6624352464459986,226.6484733827368,0.011746980717359596,41
new_model_edu1,1535411295,nowork_nowork,1.0798177260385442,0.09627806830509002,10.386581456874474,11.215614770076304,226.6484733827368,0.0494846252555018,41
new_model_edu1,175223003,hours_0,0.6555749523085431,0.09383737769701109,10.656734272383432,6.986288062382585,225.44627240633997,0.030988705148296422,42
new_model_edu1,175223003,hours_1,0.036470804116939703,0.0003774710394068248,2649.2091595967977,96.61878832445726,225.44627240633997,0.428566803492379,42
new_model_edu1,175223003,hours_2,0.044524418011814504,0.0006603871856662427,1514.2629510062923,67.42167661040794,225.44627240633997,0.2990587331108692,42
new_model_edu1,175223003,hours_3,0.047742360243096506,0.001228700509100839,813.8679126494437,38.85597507600674,225.44627240633997,0.17235137516921767,42
new_model_edu1,175223003,hours_4,0.1255064400586391,0.061082580566403206,16.371279489015148,2.0547010078713073,225.44627240633997,0.009113927615391901,42
new_model_edu1,175223003,work_work,0.21531571333813612,0.08657059463138579,11.551266375180099,2.487169159530729,225.44627240633997,0.011032203517864795,42
new_model_edu1,175223003,nowork_nowork,1.0611454992622773,0.09627806830509002,10.386581456874474,11.021674165683375,225.44627240633997,0.048888251945980836,42
new_model_edu1,840936862,hours_0,0.676847861617267,0.09383737769701109,10.656734272383432,7.212987804086167,241.71559252846026,0.02984080475998622,43
new_model_edu1,840936862,hours_1,0.04014706888564487,0.0003774710394068248,2649.2091595967977,106.35798262281399,241.71559252846026,0.4400129156346879,43
new_model_edu1,840936862,hours_2,0.04723361721681396,0.0006603871856662427,1514.2629510062923,71.52411659343433,241.71559252846026,0.2959019558699461,43
new_model_edu1,840936862,hours_3,0.050355354397998084,0.001228700509100839,813.8679126494437,40.982607174621684,241.71559252846026,0.16954887661951837,43
new_model_edu1,840936862,hours_4,0.1205329486880374,0.061082580566403206,16.371279489015148,1.973278590606982,241.71559252846026,0.008163637976208104,43
new_model_edu1,840936862,work_work,0.22132599695020103,0.08657059463138579,11.551266375180099,2.55659554652407,241.71559252846026,0.010576874746808275,43
new_model_edu1,840936862,nowork_nowork,1.0694591134237974,0.09627806830509002,10.386581456874474,11.108024196373028,241.71559252846026,0.045954934392844926,43
new_model_edu1,343373188,hours_0,0.6708768755015662,0.09383737769701109,10.656734272383432,7.149356591707052,238.89198855049875,0.02992715090651007,44
new_model_edu1,343373188,hours_1,0.03976546666430671,0.0003774710394068248,2649.2091595967977,105.34703852272246,238.89198855049875,0.44098188123396787,44
new_model_edu1,343373188,hours_2,0.047229785834167475,0.0006603871856662427,1514.2629510062923,71.51831487264162,238.89198855049875,0.29937510800000544,44
new_model_edu1,343373188,hours_3,0.04789302704669324,0.001228700509100839,813.8679126494437,38.978597952955575,238.89198855049875,0.16316410688136573,44
new_model_edu1,343373188,hours_4,0.12371658871393232,0.061082580566403206,16.371279489015148,2.025398851263323,238.89198855049875,0.008478303787216285,44
new_model_edu1,343373188,work_work,0.22654581337834126,0.08657059463138579,11.551266375180099,2.6168910365150593,238.89198855049875,0.010954285459270985,44
new_model_edu1,343373188,nowork_nowork,1.0837435559939221,0.09627806830509002,10.386581456874474,11.256390722693675,238.89198855049875,0.04711916373166368,44
new_model_edu1,1597751082,hours_0,0.6643582729758738,0.09383737769701109,10.656734272383432,7.0798895767634615,237.67021693772062,0.029788711719898348,45
new_model_edu1,1597751082,hours_1,0.039730978166742356,0.0003774710394068248,2649.2091595967977,105.25567127907424,237.67021693772062,0.4428643716290946,45
new_model_edu1,1597751082,hours_2,0.04768416523496389,0.0006603871856662427,1514.2629510062923,72.20636476496807,237.67021693772062,0.3038090581786657,45
new_model_edu1,1597751082,hours_3,0.04617387836412807,0.001228700509100839,813.8679126494437,37.57943800314222,237.67021693772062,0.158115890528217,45
new_model_edu1,1597751082,hours_4,0.12037709275151148,0.061082580566403206,16.371279489015148,1.970727029510094,237.67021693772062,0.008291855222341576,45
new_model_edu1,1597751082,work_work,0.2210060683692355,0.08657059463138579,11.551266375180099,2.552899966264304,237.67021693772062,0.010741354129925622,45
new_model_edu1,1597751082,nowork_nowork,1.0614874936258294,0.09627806830509002,10.386581456874474,11.0252263179982,237.67021693772062,0.04638875859185698,45
new_model_edu1,730359585,hours_0,0.6705396983203694,0.09383737769701109,10.656734272383432,7.1457633840843275,237.06416704194777,0.030142739298174518,46
new_model_edu1,730359585,hours_1,0.03908835457228032,0.0003774710394068248,2649.2091595967977,103.55322696645239,237.06416704194777,0.43681518071066794,46
new_model_edu1,730359585,hours_2,0.04909116515928999,0.0006603871856662427,1514.2629510062923,74.33693262244374,237.06416704194777,0.31357304458961127,46
new_model_edu1,730359585,hours_3,0.0443355075946207,0.001228700509100839,813.8679126494437,36.08324702228751,237.06416704194777,0.15220877736407412,46
new_model_edu1,730359585,hours_4,0.12739390769534265,0.061082580566403206,16.371279489015148,2.085601268078252,237.06416704194777,0.008797623420283554,46
new_model_edu1,730359585,work_work,0.23388958809160593,0.08657059463138579,11.551266375180099,2.701720934427291,237.06416704194777,0.011396580799785021,46
new_model_edu1,730359585,nowork_nowork,1.0742393818891596,0.09627806830509002,10.386581456874474,11.157674844174242,237.06416704194777,0.04706605381740348,46
new_model_edu1,1016641002,hours_0,0.6723642402721302,0.09383737769701109,10.656734272383432,7.165207042833058,229.86752802642764,0.031171027523336316,47
new_model_edu1,1016641002,hours_1,0.03608961175499349,0.0003774710394068248,2649.2091595967977,95.60893002762101,229.86752802642764,0.4159305616086364,47
new_model_edu1,1016641002,hours_2,0.04844567659283298,0.0006603871856662427,1514.2629510062923,73.35949320095972,229.86752802642764,0.3191381306911938,47
new_model_edu1,1016641002,hours_3,0.046473651365544176,0.001228700509100839,813.8679126494437,37.82341363007341,229.86752802642764,0.16454439630866388,47
new_model_edu1,1016641002,hours_4,0.12882941152448119,0.061082580566403206,16.371279489015148,2.1091023024726305,229.86752802642764,0.009175294660279939,47
new_model_edu1,1016641002,work_work,0.2235279533090497,0.08657059463138579,11.551266375180099,2.5820309309716527,229.86752802642764,0.011232691077074615,47
new_model_edu1,1016641002,nowork_nowork,1.080177432592175,0.09627806830509002,10.386581456874474,11.21935089149616,229.86752802642764,0.04880789813081508,47
new_model_edu1,998994690,hours_0,0.664658942029887,0.09383737769701109,10.656734272383432,7.083093726976009,229.3126852021219,0.030888364159762004,48
new_model_edu1,998994690,hours_1,0.038003675741989186,0.0003774710394068248,2649.2091595967977,100.67968587402437,229.3126852021219,0.4390497882194471,48
new_model_edu1,998994690,hours_2,0.04489820589923507,0.0006603871856662427,1514.2629510062923,67.98768975986383,229.3126852021219,0.29648464366433885,48
new_model_edu1,998994690,hours_3,0.046232224675353116,0.001228700509100839,813.8679126494437,37.626924193669744,229.3126852021219,0.16408566390692444,48
new_model_edu1,998994690,hours_4,0.13447376356609342,0.061082580566403206,16.371279489015148,2.2015075672802578,229.3126852021219,0.009600461332262514,48
new_model_edu1,998994690,work_work,0.2090079885952386,0.08657059463138579,11.551266375180099,2.414306950804205,229.3126852021219,0.010528449172692626,48
new_model_edu1,998994690,nowork_nowork,1.0898173933841884,0.09627806830509002,10.386581456874474,11.319477129503484,229.3126852021219,0.049362629544572365,48
new_model_edu1,1021240743,hours_0,0.6696866430165067,0.09383737769701109,10.656734272383432,7.136672600391416,226.26835783396103,0.03154074510775567,49
new_model_edu1,1021240743,hours_1,0.03937378301749243,0.0003774710394068248,2649.2091595967977,104.30938661791778,226.26835783396103,0.46099855771464743,49
new_model_edu1,1021240743,hours_2,0.04134751125019983,0.0006603871856662427,1514.2629510062923,62.611004402493464,226.26835783396103,0.2767112688749804,49
new_model_edu1,1021240743,hours_3,0.04472975736810744,0.001228700509100839,813.8679126494437,36.40411426249768,226.26835783396103,0.16088910800869266,49
new_model_edu1,1021240743,hours_4,0.1305429548310832,0.061082580566403206,16.371279489015148,2.137155198861543,226.26835783396103,0.009445223447592343,49
new_model_edu1,1021240743,work_work,0.22000226528393907,0.08657059463138579,11.551266375180099,2.5413047694378172,226.26835783396103,0.011231374964512993,49
new_model_edu1,1021240743,nowork_nowork,1.0714516637228768,0.09627806830509002,10.386581456874474,11.128719982361337,226.26835783396103,0.04918372188181854,49
new_model_edu1,572134801,hours_0,0.6858623656322422,0.09383737769701109,10.656734272383432,7.309052977971092,238.86110728708587,0.030599594303924837,50
new_model_edu1,572134801,hours_1,0.03788389834835236,0.0003774710394068248,2649.2091595967977,100.36237050568907,238.86110728708587,0.42017041470491084,50
new_model_edu1,572134801,hours_2,0.05021930785288552,0.0006603871856662427,1514.2629510062923,76.04523730680388,238.86110728708587,0.3183659247438953,50
new_model_edu1,572134801,hours_3,0.048178853038735495,0.001228700509100839,813.8679126494437,39.21122255647997,238.86110728708587,0.1641590922935487,50
new_model_edu1,572134801,hours_4,0.12073587154720054,0.061082580566403206,16.371279489015148,1.9766006974490518,238.86110728708587,0.008275104808391373,50
new_model_edu1,572134801,work_work,0.21305241241080397,0.08657059463138579,11.551266375180099,2.4610251676319232,238.86110728708587,0.010303164025251003,50
new_model_edu1,572134801,nowork_nowork,1.1067739778281307,0.09627806830509002,10.386581456874474,11.495598075060862,238.86110728708587,0.048126705120077856,50
new_model_edu1,1198399760,hours_0,0.654437931889721,0.09383737769701109,10.656734272383432,6.974171137916923,220.27284491241758,0.03166151116216761,51
new_model_edu1,1198399760,hours_1,0.0343625045549739,0.0003774710394068248,2649.2091595967977,91.03346181372355,220.27284491241758,0.4132759162842758,51
new_model_edu1,1198399760,hours_2,0.046385521723219775,0.0006603871856662427,1514.2629510062923,70.23987700856925,220.27284491241758,0.3188766960198714,51
new_model_edu1,1198399760,hours_3,0.04470061909985868,0.001228700509100839,813.8679126494437,36.38039956093984,220.27284491241758,0.16516061966423964,51
new_model_edu1,1198399760,hours_4,0.13059377643585796,0.061082580566403206,16.371279489015148,2.137987213557391,220.27284491241758,0.00970608616966596,51
new_model_edu1,1198399760,work_work,0.2168780750894388,0.08657059463138579,11.551266375180099,2.505216416294419,220.27284491241758,0.01137324220464177,51
new_model_edu1,1198399760,nowork_nowork,1.05922548310008,0.09627806830509002,10.386581456874474,11.001731761416197,220.27284491241758,0.04994592849513785,51
new_model_edu1,1751866485,hours_0,0.656331860930464,0.09383737769701109,10.656734272383432,6.994354236434872,227.96949822811234,0.030681096773025905,52
new_model_edu1,1751866485,hours_1,0.03479551103154619,0.0003774710394068248,2649.2091595967977,92.18058653762358,227.96949822811234,0.4043549126268868,52
new_model_edu1,1751866485,hours_2,0.04854537852385638,0.0006603871856662427,1514.2629510062923,73.51046814125225,227.96949822811234,0.32245747221716353,52
new_model_edu1,1751866485,hours_3,0.048677433372214904,0.001228700509100839,813.8679126494437,39.61700109177691,227.96949822811234,0.17378202522573913,52
new_model_edu1,1751866485,hours_4,0.1263175681407006,0.061082580566403206,16.371279489015148,2.0679802124041253,227.96949822811234,0.009071302206994593,52
new_model_edu1,1751866485,work_work,0.21425360855430806,0.08657059463138579,11.551266375180099,2.4749005042543777,227.96949822811234,0.01085627912282338,52
new_model_edu1,1751866485,nowork_nowork,1.0710172110577882,0.09627806830509002,10.386581456874474,11.124207504366238,227.96949822811234,0.04879691182736675,52
new_model_edu1,1070889713,hours_0,0.6727032165525051,0.09383737769701109,10.656734272383432,7.168819422977655,233.78219800088493,0.030664522295878658,53
new_model_edu1,1070889713,hours_1,0.03877782703277881,0.0003774710394068248,2649.2091595967977,102.73057456449793,233.78219800088493,0.4394285597576128,53
new_model_edu1,1070889713,hours_2,0.04597481851013088,0.0006603871856662427,1514.2629510062923,69.6179643491295,233.78219800088493,0.29778984432709443,53
new_model_edu1,1070889713,hours_3,0.04731026507373663,0.001228700509100839,813.8679126494437,38.504306682453915,233.78219800088493,0.16470161976280231,53
new_model_edu1,1070889713,hours_4,0.12553208346150985,0.061082580566403206,16.371279489015148,2.055120823186754,233.78219800088493,0.00879074985503804,53
new_model_edu1,1070889713,work_work,0.2134724518194785,0.08657059463138579,11.551266375180099,2.4658771547295957,233.78219800088493,0.010547754173824055,53
new_model_edu1,1070889713,nowork_nowork,1.0821207199478156,0.09627806830509002,10.386581456874474,11.239535003909637,233.78219800088493,0.0480769498277499,53
new_model_edu1,415096539,hours_0,0.6744205244096202,0.09383737769701109,10.656734272383432,7.1871203164748065,233.27212635227104,0.030810026164983493,54
new_model_edu1,415096539,hours_1,0.03774513372506501,0.0003774710394068248,2649.2091595967977,99.99475399464822,233.27212635227104,0.42866139027533545,54
new_model_edu1,415096539,hours_2,0.04757081635513569,0.0006603871856662427,1514.2629510062923,72.03472475570615,233.27212635227104,0.3088012523490458,54
new_model_edu1,415096539,hours_3,0.04690138835066746,0.001228700509100839,813.8679126494437,38.17153503731866,233.27212635227104,0.16363521709265305,54
new_model_edu1,415096539,hours_4,0.1302131782175622,0.061082580566403206,16.371279489015148,2.13175633375265,233.27212635227104,0.009138495743522407,54
new_model_edu1,415096539,work_work,0.21772295738679148,0.08657059463138579,11.551266375180099,2.514975876766814,233.27212635227104,0.010781296145810733,54
new_model_edu1,415096539,nowork_nowork,1.0819016905861933,0.09627806830509002,10.386581456874474,11.2372600376037,233.27212635227104,0.048172322228648895,54
new_model_edu1,52416235,hours_0,0.6638541749365855,0.09383737769701109,10.656734272383432,7.074517537911537,235.86171878208148,0.029994344035319524,55
new_model_edu1,52416235,hours_1,0.03792365652154401,0.0003774710394068248,2649.2091595967977,100.46769822227722,235.86171878208148,0.42596017166779754,55
new_model_edu1,52416235,hours_2,0.04984021570946355,0.0006603871856662427,1514.2629510062923,75.47119211900244,235.86171878208148,0.31998067557852466,55
new_model_edu1,52416235,hours_3,0.045652010024231506,0.001228700509100839,813.8679126494437,37.154706106672776,235.86171878208148,0.15752749661339038,55
new_model_edu1,52416235,hours_4,0.12347029773879087,0.061082580566403206,16.371279489015148,2.0213667528736603,235.86171878208148,0.008570134921899944,55
new_model_edu1,52416235,work_work,0.21753285925735574,0.08657059463138579,11.551266375180099,2.512780002636278,235.86171878208148,0.010653615243760257,55
new_model_edu1,52416235,nowork_nowork,1.074411064606976,0.09627806830509002,10.386581456874474,11.159458040707579,235.86171878208148,0.04731356193930766,55
new_model_edu1,278032723,hours_0,0.6645477470127233,0.09383737769701109,10.656734272383432,7.081908751225683,229.26398764103925,0.030889756494656688,56
new_model_edu1,278032723,hours_1,0.035246856735997194,0.0003774710394068248,2649.2091595967977,93.37629571199986,229.26398764103925,0.40728723543882517,56
new_model_edu1,278032723,hours_2,0.04814185374002476,0.0006603871856662427,1514.2629510062923,72.8994255112832,229.26398764103925,0.317971550008205,56
new_model_edu1,278032723,hours_3,0.049156874121887045,0.001228700509100839,813.8679126494437,40.00720253395167,229.26398764103925,0.17450277710684906,56
new_model_edu1,278032723,hours_4,0.12780897480219805,0.061082580566403206,16.371279489015148,2.0923964476912786,229.26398764103925,0.009126581410454061,56
new_model_edu1,278032723,work_work,0.22214248606769557,0.08657059463138579,11.551266375180099,2.5660270298126853,229.26398764103925,0.011192455719780716,56
new_model_edu1,278032723,nowork_nowork,1.0822359312105603,0.09627806830509002,10.386581456874474,11.240731655074883,229.26398764103925,0.04902964382122935,56
new_model_edu1,174946158,hours_0,0.6645871004130603,0.09383737769701109,10.656734272383432,7.08232812995579,225.64436361637627,0.03138712625677031,57
new_model_edu1,174946158,hours_1,0.037795365907046394,0.0003774710394068248,2649.2091595967977,100.12782955125984,225.64436361637627,0.4437417711061895,57
new_model_edu1,174946158,hours_2,0.04349078802056283,0.0006603871856662427,1514.2629510062923,65.85648900960658,225.64436361637627,0.2918596678159038,57
new_model_edu1,174946158,hours_3,0.04510469716874653,0.001228700509100839,813.8679126494437,36.70926573541301,225.64436361637627,0.1626863846589289,57
new_model_edu1,174946158,hours_4,0.12952469311429535,0.061082580566403206,16.371279489015148,2.120484951703045,225.64436361637627,0.009397464743715627,57
new_model_edu1,174946158,work_work,0.21239386245999056,0.08657059463138579,11.551266375180099,2.4534180817287154,225.64436361637627,0.010872942015515327,57
new_model_edu1,174946158,nowork_nowork,1.0874172800362385,0.09627806830509002,10.386581456874474,11.294548156709272,225.64436361637627,0.05005464340297647,57
new_model_edu1,196848554,hours_0,0.6651880216168911,0.09383737769701109,10.656734272383432,7.088731987543654,232.94773961635195,0.03043056781412982,58
new_model_edu1,196848554,hours_1,0.04108427009037584,0.0003774710394068248,2649.2091595967977,108.84082463877243,232.94773961635195,0.4672328000178297,58
new_model_edu1,196848554,hours_2,0.04187611222259399,0.0006603871856662427,1514.2629510062923,63.41144527085584,232.94773961635195,0.2722131812710005,58
new_model_edu1,196848554,hours_3,0.046271555814206874,0.001228700509100839,813.8679126494437,37.65893454555078,232.94773961635195,0.16166258838816086,58
new_model_edu1,196848554,hours_4,0.13402152129281958,0.061082580566403206,16.371279489015148,2.194103782627744,232.94773961635195,0.009418867022454367,58
new_model_edu1,196848554,work_work,0.21277299543159517,0.08657059463138579,11.551266375180099,2.457797547675334,232.94773961635195,0.010550853816925413,58
new_model_edu1,196848554,nowork_nowork,1.0875476103689394,0.09627806830509002,10.386581456874474,11.295901843326172,232.94773961635195,0.04849114166949937,58
new_model_edu1,263030910,hours_0,0.6607019757771445,0.09383737769701109,10.656734272383432,7.040925389095744,230.7126452333362,0.03051815986061255,59
new_model_edu1,263030910,hours_1,0.037538738978786124,0.0003774710394068248,2649.2091595967977,99.44797114231353,230.7126452333362,0.4310469027032944,59
new_model_edu1,263030910,hours_2,0.04668561240011147,0.0006603871856662427,1514.2629510062923,70.69429320252875,230.7126452333362,0.3064170718992475,59
new_model_edu1,263030910,hours_3,0.04637080034050482,0.001228700509100839,813.8679126494437,37.73970648101077,230.7126452333362,0.1635788382680191,59
new_model_edu1,263030910,hours_4,0.12554607605986412,0.061082580566403206,16.371279489015148,2.055349899925189,230.7126452333362,0.008908700681952075,59
new_model_edu1,263030910,work_work,0.21831592137130862,0.08657059463138579,11.551266375180099,2.5218253617028594,230.7126452333362,0.010930590125011817,59
new_model_edu1,263030910,nowork_nowork,1.0795249431503917,0.09627806830509002,10.386581456874474,11.21257375675933,230.7126452333362,0.04859973646186256,59
new_model_edu1,1285415020,hours_0,0.6523086760367605,0.09383737769701109,10.656734272383432,6.951480224094006,229.34207550678033,0.030310531587948806,60
new_model_edu1,1285415020,hours_1,0.039020006849605174,0.0003774710394068248,2649.2091595967977,103.3721595535038,229.34207550678033,0.45073351379192383,60
new_model_edu1,1285415020,hours_2,0.044818568212846424,0.0006603871856662427,1514.2629510062923,67.86709736186164,229.34207550678033,0.2959208301045274,60
new_model_edu1,1285415020,hours_3,0.04398448453067887,0.001228700509100839,813.8679126494437,35.797560613945365,229.34207550678033,0.15608806423698313,60
new_model_edu1,1285415020,hours_4,0.12035172950975634,0.061082580566403206,16.371279489015148,1.970311800790573,229.34207550678033,0.008591148381459216,60
new_model_edu1,1285415020,work_work,0.21695396733258573,0.08657059463138579,11.551266375180099,2.506093067810819,229.34207550678033,0.01092731485172562,60
new_model_edu1,1285415020,nowork_nowork,1.0472524506679575,0.09627806830509002,10.386581456874474,10.877372884774157,229.34207550678033,0.04742859704543215,60
new_model_edu1,1733223444,hours_0,0.669983757898137,0.09383737769701109,10.656734272383432,7.139838874733321,231.54708204498485,0.030835365367922005,61
new_model_edu1,1733223444,hours_1,0.03755607559962187,0.0003774710394068248,2649.2091595967977,99.49389947702805,231.54708204498485,0.42969187345534515,61
new_model_edu1,1733223444,hours_2,0.04555680939701517,0.0006603871856662427,1514.2629510062923,68.98498863595538,231.54708204498485,0.2979307189997454,61
new_model_edu1,1733223444,hours_3,0.04937237475952663,0.001228700509100839,813.8679126494437,40.18259158808202,231.54708204498485,0.17353961549934524,61
new_model_edu1,1733223444,hours_4,0.12680197546157396,0.061082580566403206,16.371279489015148,2.075910580040668,231.54708204498485,0.008965392963308262,61
new_model_edu1,1733223444,work_work,0.22967352343464495,0.08657059463138579,11.551266375180099,2.6530200485197524,231.54708204498485,0.01145779953298796,61
new_model_edu1,1733223444,nowork_nowork,1.060679385837201,0.09627806830509002,10.386581456874474,11.016832840625677,231.54708204498485,0.047579234181346026,61
new_model_edu1,1835544261,hours_0,0.6725719931003612,0.09383737769701109,10.656734272383432,7.167421009517852,240.37119762061613,0.029818135785263142,62
new_model_edu1,1835544261,hours_1,0.04122008792105429,0.0003774710394068248,2649.2091595967977,109.20063447984235,240.37119762061613,0.45429999750717404,62
new_model_edu1,1835544261,hours_2,0.046281351556579454,0.0006603871856662427,1514.2629510062923,70.08213598462567,240.37119762061613,0.29155795984857574,62
new_model_edu1,1835544261,hours_3,0.046866843124573926,0.001228700509100839,813.8679126494437,38.143419786265916,240.37119762061613,0.15868548380105268,62
new_model_edu1,1835544261,hours_4,0.1250371229588243,0.061082580566403206,16.371279489015148,2.0470176864612655,240.37119762061613,0.008516068924747485,62
new_model_edu1,1835544261,work_work,0.2231563761047175,0.08657059463138579,11.551266375180099,2.577738743705467,240.37119762061613,0.010723991764495747,62
new_model_edu1,1835544261,nowork_nowork,1.073772922929902,0.09627806830509002,10.386581456874474,11.152829930197624,240.37119762061613,0.04639836236869117,62
new_model_edu1,1403186970,hours_0,0.6651524604584838,0.09383737769701109,10.656734272383432,7.088353021728089,231.14992054834318,0.03066560873096046,63
new_model_edu1,1403186970,hours_1,0.03558946384930023,0.0003774710394068248,2649.2091595967977,94.28393361470528,231.14992054834318,0.40789083288906663,63
new_model_edu1,1403186970,hours_2,0.048743220299760665,0.0006603871856662427,1514.2629510062923,73.81005261266539,231.14992054834318,0.31931679854170053,63
new_model_edu1,1403186970,hours_3,0.04939751199393878,0.001228700509100839,813.8679126494437,40.20304997658281,231.14992054834318,0.1739262980545765,63
new_model_edu1,1403186970,hours_4,0.12317301317722387,0.061082580566403206,16.371279489015148,2.0164998242284775,231.14992054834318,0.008723774680280466,63
new_model_edu1,1403186970,work_work,0.2233184678253693,0.08657059463138579,11.551266375180099,2.579611108347927,231.14992054834318,0.01115990480216679,63
new_model_edu1,1403186970,nowork_nowork,1.0752739422934288,0.09627806830509002,10.386581456874474,11.16842039008524,231.14992054834318,0.04831678230124874,63
new_model_edu1,1291971777,hours_0,0.6683993683156196,0.09383737769701109,10.656734272383432,7.1229544559685,235.65198718053244,0.030226583451263753,64
new_model_edu1,1291971777,hours_1,0.040125051542240345,0.0003774710394068248,2649.2091595967977,106.29965407499674,235.65198718053244,0.45108745038318226,64
new_model_edu1,1291971777,hours_2,0.0442212904584766,0.0006603871856662427,1514.2629510062923,66.96266178695917,235.65198718053244,0.2841591220517026,64
new_model_edu1,1291971777,hours_3,0.04842191832804511,0.001228700509100839,813.8679126494437,39.40904559612792,235.65198718053244,0.16723408984426147,64
new_model_edu1,1291971777,hours_4,0.1239227130000091,0.061082580566403206,16.371279489015148,2.0287733695601595,235.65198718053244,0.008609192707574839,64
new_model_edu1,1291971777,work_work,0.22657185124142695,0.08657059463138579,11.551266375180099,2.6171918068074023,235.65198718053244,0.011106173294445328,64
new_model_edu1,1291971777,nowork_nowork,1.0794414058816213,0.09627806830509002,10.386581456874474,11.21170609011256,235.65198718053244,0.04757738826756975,64
new_model_edu1,712292067,hours_0,0.6369921301607696,0.09383737769701109,10.656734272383432,6.788255864722801,229.58313860205834,0.02956774572408403,65
new_model_edu1,712292067,hours_1,0.0359270675627323,0.0003774710394068248,2649.2091595967977,95.1783164646434,229.58313860205834,0.4145701511190599,65
new_model_edu1,712292067,hours_2,0.04620323599665352,0.0006603871856662427,1514.2629510062923,69.96384848633271,229.58313860205834,0.3047429742111969,65
new_model_edu1,712292067,hours_3,0.05207944955466919,0.001228700509100839,813.8679126494437,42.385792900990616,229.58313860205834,0.1846206701375351,65
new_model_edu1,712292067,hours_4,0.12087170975365392,0.061082580566403206,16.371279489015148,1.9788245426921867,229.58313860205834,0.00861920677076433,65
new_model_edu1,712292067,work_work,0.21530754920983125,0.08657059463138579,11.551266375180099,2.487074853509958,229.58313860205834,0.010833003105776253,65
new_model_edu1,712292067,nowork_nowork,1.0399018708911074,0.09627806830509002,10.386581456874474,10.80102548916665,229.58313860205834,0.04704624893158339,65
new_model_edu1,2001429764,hours_0,0.6770300817823953,0.09383737769701109,10.656734272383432,7.21492967596501,240.2094064925103,0.030035999760858533,66
new_model_edu1,2001429764,hours_1,0.039680311514224895,0.0003774710394068248,2649.2091595967977,105.12144471913886,240.2094064925103,0.4376241807267299,66
new_model_edu1,2001429764,hours_2,0.04800802216705448,0.0006603871856662427,1514.2629510062923,72.6967693186594,240.2094064925103,0.3026391446536715,66
new_model_edu1,2001429764,hours_3,0.04834624052317907,0.001228700509100839,813.8679126494437,39.3474538590477,240.2094064925103,0.1638048002931748,66
new_model_edu1,2001429764,hours_4,0.12398966373046386,0.061082580566403206,16.371279489015148,2.029869438680428,240.2094064925103,0.008450416111176392,66
new_model_edu1,2001429764,work_work,0.2313701762843439,0.08657059463138579,11.551266375180099,2.6726185375328333,240.2094064925103,0.011126202660244968,66
new_model_edu1,2001429764,nowork_nowork,1.071220688893936,0.09627806830509002,10.386581456874474,11.126320943486055,240.2094064925103,0.04631925579414382,66
new_model_edu1,1375664061,hours_0,0.6608256705842064,0.09383737769701109,10.656734272383432,7.042243571785476,228.69649769655496,0.030792966410572012,67
new_model_edu1,1375664061,hours_1,0.03626010843426537,0.0003774710394068248,2649.2091595967977,96.06061139202892,228.69649769655496,0.42003534098491774,67
new_model_edu1,1375664061,hours_2,0.04760665903022839,0.0006603871856662427,1514.2629510062923,72.08899999066399,228.69649769655496,0.31521689539082925,67
new_model_edu1,1375664061,hours_3,0.04645805905457284,0.001228700509100839,813.8679126494437,37.81072354848979,228.69649769655496,0.16533144988804682,67
new_model_edu1,1375664061,hours_4,0.12108299297745811,0.061082580566403206,16.371279489015148,1.9822835194004251,228.69649769655496,0.008667747601585968,67
new_model_edu1,1375664061,work_work,0.2191719572166816,0.08657059463138579,11.551266375180099,2.531713659779465,228.69649769655496,0.011070189903557943,67
new_model_edu1,1375664061,nowork_nowork,1.076381296466638,0.09627806830509002,10.386581456874474,11.179922014406888,228.69649769655496,0.04888540982049022,67
new_model_edu1,1556456120,hours_0,0.6712874728285387,0.09383737769701109,10.656734272383432,7.15373221831355,239.85503128540068,0.02982523310007789,68
new_model_edu1,1556456120,hours_1,0.03897857416844339,0.0003774710394068248,2649.2091595967977,103.26239571506336,239.85503128540068,0.4305200318778915,68
new_model_edu1,1556456120,hours_2,0.05079389643202636,0.0006603871856662427,1514.2629510062923,76.91531550426821,239.85503128540068,0.3206741801165204,68
new_model_edu1,1556456120,hours_3,0.04501442110806727,0.001228700509100839,813.8679126494437,36.63579294634577,239.85503128540068,0.15274139862737868,68
new_model_edu1,1556456120,hours_4,0.12048113627208235,0.061082580566403206,16.371279489015148,1.9724303550643807,239.85503128540068,0.008223427061312752,68
new_model_edu1,1556456120,work_work,0.21286464237757016,0.08657059463138579,11.551266375180099,2.4588561859607627,239.85503128540068,0.010251426341918167,68
new_model_edu1,1556456120,nowork_nowork,1.1030104956045985,0.09627806830509002,10.386581456874474,11.456508360384646,239.85503128540068,0.04776430287490064,68
new_model_edu1,1576053187,hours_0,0.668467327219883,0.09383737769701109,10.656734272383432,7.123678675952677,231.02386851907832,0.030835249715179938,69
new_model_edu1,1576053187,hours_1,0.037422636981952036,0.0003774710394068248,2649.2091595967977,99.1403926688532,231.02386851907832,0.4291348478595233,69
new_model_edu1,1576053187,hours_2,0.04633626764726685,0.0006603871856662427,1514.2629510062923,70.16529338616769,231.02386851907832,0.30371447693238385,69
new_model_edu1,1576053187,hours_3,0.0475625897261992,0.001228700509100839,813.8679126494437,38.70966562066362,231.02386851907832,0.16755699689734402,69
new_model_edu1,1576053187,hours_4,0.13025477406793162,0.061082580566403206,16.371279489015148,2.1324373110446313,231.02386851907832,0.009230376604435275,69
new_model_edu1,1576053187,work_work,0.21941500880654974,0.08657059463138579,11.551266375180099,2.534521213436943,231.02386851907832,0.010970819723883371,69
new_model_edu1,1576053187,nowork_nowork,1.0800357836249284,0.09627806830509002,10.386581456874474,11.217879642959572,231.02386851907832,0.04855723226725026,69
new_model_edu1,1848019881,hours_0,0.6581843256978713,0.09383737769701109,10.656734272383432,7.0140954612100845,221.55012068254786,0.03165918140600049,70
new_model_edu1,1848019881,hours_1,0.03263686726183933,0.0003774710394068248,2649.2091595967977,86.4618876906096,221.55012068254786,0.3902588155864654,70
new_model_edu1,1848019881,hours_2,0.048833592684464584,0.0006603871856662427,1514.2629510062923,73.94690016661663,221.55012068254786,0.3337705253276427,70
new_model_edu1,1848019881,hours_3,0.04722945341136162,0.001228700509100839,813.8679126494437,38.438536663479034,221.55012068254786,0.17349815267560334,70
new_model_edu1,1848019881,hours_4,0.12394383856180909,0.061082580566403206,16.371279489015148,2.02911922203675,221.55012068254786,0.009158736703845946,70
new_model_edu1,1848019881,work_work,0.2222524588165706,0.08657059463138579,11.551266375180099,2.5672973543289515,221.55012068254786,0.011587885154021425,70
new_model_edu1,1848019881,nowork_nowork,1.067943689684852,0.09627806830509002,10.386581456874474,11.092284124266792,221.55012068254786,0.050066703146420644,70
new_model_edu1,1508652585,hours_0,0.6695794754441622,0.09383737769701109,10.656734272383432,7.135530544050323,234.3796996181932,0.03044431986078219,71
new_model_edu1,1508652585,hours_1,0.036802579095398524,0.0003774710394068248,2649.2091595967977,97.4977296363154,234.3796996181932,0.4159819719674534,71
new_model_edu1,1508652585,hours_2,0.049315295930257984,0.0006603871856662427,1514.2629510062923,74.67632554510105,234.3796996181932,0.3186126002667872,71
new_model_edu1,1508652585,hours_3,0.04830165830831144,0.001228700509100839,813.8679126494437,39.3111698248921,234.3796996181932,0.16772429476157863,71
new_model_edu1,1508652585,hours_4,0.12396763677233341,0.061082580566403206,16.371279489015148,2.029508829192582,234.3796996181932,0.008659064042230071,71
new_model_edu1,1508652585,work_work,0.21500301624280369,0.08657059463138579,11.551266375180099,2.483557112087799,234.3796996181932,0.010596297871076452,71
new_model_edu1,1508652585,nowork_nowork,1.0827314235436658,0.09627806830509002,10.386581456874474,11.245878126553942,234.3796996181932,0.04798145123009197,71
new_model_edu1,1995737731,hours_0,0.6392267893732464,0.09383737769701109,10.656734272383432,6.8120700341394995,226.5325655531446,0.030071040856778652,72
new_model_edu1,1995737731,hours_1,0.03642917113726565,0.0003774710394068248,2649.2091595967977,96.50849385336345,226.5325655531446,0.42602481289041216,72
new_model_edu1,1995737731,hours_2,0.046953106721802244,0.0006603871856662427,1514.2629510062923,71.09934994346965,226.5325655531446,0.3138592889276651,72
new_model_edu1,1995737731,hours_3,0.04537525705375579,0.001228700509100839,813.8679126494437,36.92946574427217,226.5325655531446,0.16302056021878458,72
new_model_edu1,1995737731,hours_4,0.1172325532588786,0.061082580566403206,16.371279489015148,1.9192468946119552,226.5325655531446,0.008472278102380382,72
new_model_edu1,1995737731,work_work,0.2164459243461421,0.08657059463138579,11.551266375180099,2.5002245279443667,226.5325655531446,0.011036932027142973,72
new_model_edu1,1995737731,nowork_nowork,1.036309646252227,0.09627806830509002,10.386581456874474,10.763714555343526,226.5325655531446,0.047515086976836256,72
new_model_edu1,1162788447,hours_0,0.6742051817952934,0.09383737769701109,10.656734272383432,7.184825467456405,236.05897338777947,0.03043656999919985,73
new_model_edu1,1162788447,hours_1,0.039713998280104586,0.0003774710394068248,2649.2091595967977,105.21068800786453,236.05897338777947,0.4456966261351672,73
new_model_edu1,1162788447,hours_2,0.04619755496951801,0.0006603871856662427,1514.2629510062923,69.95524591741774,236.05897338777947,0.2963464803454036,73
new_model_edu1,1162788447,hours_3,0.04634526080918849,0.001228700509100839,813.8679126494437,37.718920675968306,236.05897338777947,0.15978600658406902,73
new_model_edu1,1162788447,hours_4,0.13089755576293138,0.061082580566403206,16.371279489015148,2.1429604698238953,236.05897338777947,0.009078072479386773,73
new_model_edu1,1162788447,work_work,0.20696030095568121,0.08657059463138579,11.551266375180099,2.390653565426514,236.05897338777947,0.010127357291770191,73
new_model_edu1,1162788447,nowork_nowork,1.1029306737145959,0.09627806830509002,10.386581456874474,11.455679283822093,236.05897338777947,0.04852888716500341,73
new_model_edu1,1172925522,hours_0,0.6679225023057414,0.09383737769701109,10.656734272383432,7.117872621617695,227.90601324581516,0.03123161394579129,74
new_model_edu1,1172925522,hours_1,0.035856270687789224,0.0003774710394068248,2649.2091595967977,94.99076073507338,227.90601324581516,0.4167979571149714,74
new_model_edu1,1172925522,hours_2,0.046764006099214,0.0006603871856662427,1514.2629510062923,70.81300187667205,227.90601324581516,0.31071142383722217,74
new_model_edu1,1172925522,hours_3,0.04791791941027856,0.001228700509100839,813.8679126494437,38.99885704894767,227.90601324581516,0.1711181574085289,74
new_model_edu1,1172925522,hours_4,0.13513213607347926,0.061082580566403206,16.371279489015148,2.212285967606555,227.90601324581516,0.009707010078845198,74
new_model_edu1,1172925522,work_work,0.202761528703681,0.08657059463138579,11.551266375180099,2.342152428694945,227.90601324581516,0.010276834715057487,74
new_model_edu1,1172925522,nowork_nowork,1.1005625493493856,0.09627806830509002,10.386581456874474,11.431082567202827,227.90601324581516,0.050157002899583324,74
new_model_edu1,539174575,hours_0,0.6642068846365801,0.09383737769701109,10.656734272383432,7.0782762714596705,235.8953583045443,0.030006000636610724,75
new_model_edu1,539174575,hours_1,0.03861065027798223,0.0003774710394068248,2649.2091595967977,102.28768837441918,235.8953583045443,0.433614671817172,75
new_model_edu1,539174575,hours_2,0.05209340958734194,0.0006603871856662427,1514.2629510062923,78.88312012970788,235.8953583045443,0.3343987804451355,75
new_model_edu1,539174575,hours_3,0.03904337216789777,0.001228700509100839,813.8679126494437,31.776147809082346,235.8953583045443,0.13470442164469756,75
new_model_edu1,539174575,hours_4,0.12590982818136898,0.061082580566403206,16.371279489015148,2.0613049875710674,235.8953583045443,0.008738217667300995,75
new_model_edu1,539174575,work_work,0.21289797067045663,0.08657059463138579,11.551266375180099,2.4592411699497245,235.8953583045443,0.010425135906128381,75
new_model_edu1,539174575,nowork_nowork,1.0927155974733695,0.09627806830509002,10.386581456874474,11.349579562354412,235.8953583045443,0.04811277188295474,75
new_model_edu1,2013637345,hours_0,0.6709748914156105,0.09383737769701109,10.656734272383432,7.150401121257488,229.01576657153794,0.03122230939948804,76
new_model_edu1,2013637345,hours_1,0.03710766217314307,0.0003774710394068248,2649.2091595967977,98.30595852031423,229.01576657153794,0.42925410766252325,76
new_model_edu1,2013637345,hours_2,0.04468331206800944,0.0006603871856662427,1514.2629510062923,67.66228399283905,229.01576657153794,0.2954481475479694,76
new_model_edu1,2013637345,hours_3,0.049168604190338694,0.001228700509100839,813.8679126494437,40.01674926027764,229.01576657153794,0.17473359960908003,76
new_model_edu1,2013637345,hours_4,0.12775288057192083,0.061082580566403206,16.371279489015148,2.091478113369689,229.01576657153794,0.009132463431142726,76
new_model_edu1,2013637345,work_work,0.2093863731765967,0.08657059463138579,11.551266375180099,2.4186777718957337,229.01576657153794,0.01056118453373038,76
new_model_edu1,2013637345,nowork_nowork,1.0947026063189074,0.09627806830509002,10.386581456874474,11.370217791584121,229.01576657153794,0.049648187816066336,76
new_model_edu1,1187468716,hours_0,0.6599808031739309,0.09383737769701109,10.656734272383432,7.033240044298774,236.35171139270372,0.029757516892326988,77
new_model_edu1,1187468716,hours_1,0.038807157784041486,0.0003774710394068248,2649.2091595967977,102.80827785940087,236.35171139270372,0.4349800441621622,77
new_model_edu1,1187468716,hours_2,0.04749827274374037,0.0006603871856662427,1514.2629510062923,71.92487465263802,236.35171139270372,0.3043128997409002,77
new_model_edu1,1187468716,hours_3,0.04801848775385506,0.001228700509100839,813.8679126494437,39.08070639681289,236.35171139270372,0.16534979233503164,77
new_model_edu1,1187468716,hours_4,0.11867366118219883,0.061082580566403206,16.371279489015148,1.9428396751984647,236.35171139270372,0.008220121038050757,77
new_model_edu1,1187468716,work_work,0.21469405924972015,0.08657059463138579,11.551266375180099,2.479988267562216,236.35171139270372,0.010492787435085077,77
new_model_edu1,1187468716,nowork_nowork,1.066932805832651,0.09627806830509002,10.386581456874474,11.081784496792467,236.35171139270372,0.046886838396443135,77
new_model_edu1,1062978506,hours_0,0.6443066179110146,0.09383737769701109,10.656734272383432,6.866204417015766,224.66697674284836,0.03056169854849098,78
new_model_edu1,1062978506,hours_1,0.03668855093857652,0.0003774710394068248,2649.2091595967977,97.19564519881061,224.66697674284836,0.43262096908020353,78
new_model_edu1,1062978506,hours_2,0.04493951605664035,0.0006603871856662427,1514.2629510062923,68.05024420072287,224.66697674284836,0.30289384397873714,78
new_model_edu1,1062978506,hours_3,0.045611052023973156,0.001228700509100839,813.8679126494437,37.12137170449622,224.66697674284836,0.1652284293965685,78
new_model_edu1,1062978506,hours_4,0.12317825299355575,0.061082580566403206,16.371279489015148,2.016585606726118,224.66697674284836,0.008975887938503228,78
new_model_edu1,1062978506,work_work,0.20599682627318752,0.08657059463138579,11.551266375180099,2.3795242127232874,224.66697674284836,0.010591339444812433,78
new_model_edu1,1062978506,nowork_nowork,1.0626596872302256,0.09627806830509002,10.386581456874474,11.03740140235349,224.66697674284836,0.04912783161268419,78
new_model_edu1,679326770,hours_0,0.6746040870187042,0.09383737769701109,10.656734272383432,7.18907649442216,242.91351549969298,0.029595209964474976,79
new_model_edu1,679326770,hours_1,0.04413863311650208,0.0003774710394068248,2649.2091595967977,116.93247114431986,242.91351549969298,0.48137490787114173,79
new_model_edu1,679326770,hours_2,0.04228916314856629,0.0006603871856662427,1514.2629510062923,64.03691298493453,242.91351549969298,0.2636202141869519,79
new_model_edu1,679326770,hours_3,0.047737711043160894,0.001228700509100839,813.8679126494437,38.852191241359655,242.91351549969298,0.15994248472110545,79
new_model_edu1,679326770,hours_4,0.12431548764180048,0.061082580566403206,16.371279489015148,2.0352035929971244,242.91351549969298,0.008378305294419472,79
new_model_edu1,679326770,work_work,0.2180998581830096,0.08657059463138579,11.551266375180099,2.5193295582609467,242.91351549969298,0.010371302531596398,79
new_model_edu1,679326770,nowork_nowork,1.092595338564227,0.09627806830509002,10.386581456874474,11.348330483398689,242.91351549969298,0.04671757543031002,79
new_model_edu1,587923432,hours_0,0.6713258783799823,0.09383737769701109,10.656734272383432,7.154141496069868,230.37372862967442,0.03105450234549159,80
new_model_edu1,587923432,hours_1,0.03510726586049363,0.0003774710394068248,2649.2091595967977,93.00649028601968,230.37372862967442,0.4037200371728477,80
new_model_edu1,587923432,hours_2,0.0508063525527277,0.0006603871856662427,1514.2629510062923,76.93417734635952,230.37372862967442,0.3339537793826793,80
new_model_edu1,587923432,hours_3,0.046124538930001915,0.001228700509100839,813.8679126494437,37.53928222087867,230.37372862967442,0.16294949274022055,80
new_model_edu1,587923432,hours_4,0.12329844847932112,0.061082580566403206,16.371279489015148,2.0185533606169006,230.37372862967442,0.008762081391067484,80
new_model_edu1,587923432,work_work,0.213586524495615,0.08657059463138579,11.551266375180099,2.467194838597778,230.37372862967442,0.010709532086290063,80
new_model_edu1,587923432,nowork_nowork,1.0835027027765216,0.09627806830509002,10.386581456874474,11.253889081131994,230.37372862967442,0.048850574881403305,80
new_model_edu1,1359889667,hours_0,0.6598658132530567,0.09383737769701109,10.656734272383432,7.032014627268015,237.37577453707166,0.02962397759831134,81
new_model_edu1,1359889667,hours_1,0.04081993626237389,0.0003774710394068248,2649.2091595967977,108.14054904043837,237.37577453707166,0.4555669138998417,81
new_model_edu1,1359889667,hours_2,0.046603022178341016,0.0006603871856662427,1514.2629510062923,70.56922988958635,237.37577453707166,0.2972890979595955,81
new_model_edu1,1359889667,hours_3,0.04421651343757276,0.001228700509100839,813.8679126494437,35.98640149607342,237.37577453707166,0.15160098610000877,81
new_model_edu1,1359889667,hours_4,0.12265720737244287,0.061082580566403206,16.371279489015148,2.0080554232363514,237.37577453707166,0.008459394928368091,81
new_model_edu1,1359889667,work_work,0.20952249420828858,0.08657059463138579,11.551266375180099,2.420250142192071,237.37577453707166,0.010195859905721312,81
new_model_edu1,1359889667,nowork_nowork,1.0801700217593224,0.09627806830509002,10.386581456874474,11.219273918277075,237.37577453707166,0.047263769608153205,81
new_model_edu1,970187386,hours_0,0.6521811715537145,0.09383737769701109,10.656734272383432,6.950121442699647,235.8084124073557,0.029473594142576266,82
new_model_edu1,970187386,hours_1,0.040421320708654625,0.0003774710394068248,2649.2091595967977,107.08453306436755,235.8084124073557,0.454116678752667,82
new_model_edu1,970187386,hours_2,0.04610012234844885,0.0006603871856662427,1514.2629510062923,69.80770730911328,235.8084124073557,0.2960356952343221,82
new_model_edu1,970187386,hours_3,0.044894757551449296,0.001228700509100839,813.8679126494437,36.53840261730089,235.8084124073557,0.15494952976563584,82
new_model_edu1,970187386,hours_4,0.11605381963354386,0.061082580566403206,16.371279489015148,1.8999495169885001,235.8084124073557,0.008057174456127393,82
new_model_edu1,970187386,work_work,0.22252981563364727,0.08657059463138579,11.551266375180099,2.5705011768039765,235.8084124073557,0.01090080354030573,82
new_model_edu1,970187386,nowork_nowork,1.0549377892597847,0.09627806830509002,10.386581456874474,10.95719728008183,235.8084124073557,0.04646652410836568,82
new_model_edu1,1219839873,hours_0,0.6596728661712917,0.09383737769701109,10.656734272383432,7.029958441489013,230.2107273378813,0.030537058471524273,83
new_model_edu1,1219839873,hours_1,0.03875154434185729,0.0003774710394068248,2649.2091595967977,102.6609462189698,230.2107273378813,0.4459433641782204,83
new_model_edu1,1219839873,hours_2,0.04508105702807961,0.0006603871856662427,1514.2629510062923,68.26457444982277,230.2107273378813,0.29653081435093404,83
new_model_edu1,1219839873,hours_3,0.04491155120301184,0.001228700509100839,813.8679126494437,36.55207043144386,230.2107273378813,0.15877657333403158,83
new_model_edu1,1219839873,hours_4,0.12892980915278915,0.061082580566403206,16.371279489015148,2.1107459401056943,230.2107273378813,0.009168755793937191,83
new_model_edu1,1219839873,work_work,0.20759589124840025,0.08657059463138579,11.551266375180099,2.3979954382031905,230.2107273378813,0.010416523443252243,83
new_model_edu1,1219839873,nowork_nowork,1.0777787151939,0.09627806830509002,10.386581456874474,11.194436417846957,230.2107273378813,0.04862691042810022,83
new_model_edu1,1428160212,hours_0,0.6580607320830223,0.09383737769701109,10.656734272383432,7.012778356898875,235.26901039105675,0.029807488649875542,84
new_model_edu1,1428160212,hours_1,0.036389623628143554,0.0003774710394068248,2649.2091595967977,96.40372422995796,235.26901039105675,0.40975955171366907,84
new_model_edu1,1428160212,hours_2,0.051599256743427156,0.0006603871856662427,1514.2629510062923,78.13484278603333,235.26901039105675,0.3321085197585524,84
new_model_edu1,1428160212,hours_3,0.04711109682724213,0.001228700509100839,813.8679126494437,38.34221003741338,235.26901039105675,0.16297178269965162,84
new_model_edu1,1428160212,hours_4,0.1151715380628894,0.061082580566403206,16.371279489015148,1.8855054388073087,235.26901039105675,0.00801425328254359,84
new_model_edu1,1428160212,work_work,0.2116029366565287,0.08657059463138579,11.551266375180099,2.4442818870899243,235.26901039105675,0.010389306619801374,84
new_model_edu1,1428160212,nowork_nowork,1.063455546054112,0.09627806830509002,10.386581456874474,11.045667654855958,235.26901039105675,0.046949097275906404,84
new_model_edu1,1930609499,hours_0,0.6614825365401421,0.09383737769701109,10.656734272383432,7.049243617730458,225.09627508643203,0.03131657160929786,85
new_model_edu1,1930609499,hours_1,0.03668071171436118,0.0003774710394068248,2649.2091595967977,97.17487745421519,225.09627508643203,0.43170362289159236,85
new_model_edu1,1930609499,hours_2,0.043834471165228095,0.0006603871856662427,1514.2629510062923,66.37691566245852,225.09627508643203,0.29488233706653405,85
new_model_edu1,1930609499,hours_3,0.047571379730952476,0.001228700509100839,813.8679126494437,38.71681952348435,225.09627508643203,0.17200115598811191,85
new_model_edu1,1930609499,hours_4,0.12584691187286529,0.061082580566403206,16.371279489015148,2.060274967100136,225.09627508643203,0.009152861220422397,85
new_model_edu1,1930609499,work_work,0.2035498203921244,0.08657059463138579,11.551266375180099,2.351258195969495,225.09627508643203,0.010445566880512187,85
new_model_edu1,1930609499,nowork_nowork,1.0943817956533337,0.09627806830509002,10.386581456874474,11.366885665473905,225.09627508643203,0.05049788434352932,85
new_model_edu1,710582861,hours_0,0.6679909385223994,0.09383737769701109,10.656734272383432,7.118601928193228,233.37702882514853,0.030502581869472033,86
new_model_edu1,710582861,hours_1,0.038753679404053776,0.0003774710394068248,2649.2091595967977,102.66660244529703,233.37702882514853,0.43991734303129393,86
new_model_edu1,710582861,hours_2,0.04646570681239221,0.0006603871856662427,1514.2629510062923,70.3612983183262,233.37702882514853,0.30149196205185436,86
new_model_edu1,710582861,hours_3,0.04618034742505327,0.001228700509100839,813.8679126494437,37.58470296425421,233.37702882514853,0.16104713970119802,86
new_model_edu1,710582861,hours_4,0.12949479409033035,0.061082580566403206,16.371279489015148,2.1199954664252654,233.37702882514853,0.009083993729364062,86
new_model_edu1,710582861,work_work,0.20868468240501076,0.08657059463138579,11.551266375180099,2.4105723548801388,233.37702882514853,0.010329090086609146,86
new_model_edu1,710582861,nowork_nowork,1.0701553147128804,0.09627806830509002,10.386581456874474,11.11525534777247,233.37702882514853,0.04762788953020854,86
new_model_edu1,1463614337,hours_0,0.6547353720374914,0.09383737769701109,10.656734272383432,6.977340878533652,231.8332438603164,0.030096377734064844,87
new_model_edu1,1463614337,hours_1,0.04034860853156332,0.0003774710394068248,2649.2091595967977,106.89190329880304,231.8332438603164,0.4610723704630009,87
new_model_edu1,1463614337,hours_2,0.04461093338116369,0.0006603871856662427,1514.2629510062923,67.55268362890604,231.8332438603164,0.291384801006398,87
new_model_edu1,1463614337,hours_3,0.04271365002384977,0.001228700509100839,813.8679126494437,34.76326918654947,231.8332438603164,0.1499494576692157,87
new_model_edu1,1463614337,hours_4,0.1274364415965365,0.061082580566403206,16.371279489015148,2.0862976024624547,231.8332438603164,0.008999130442739634,87
new_model_edu1,1463614337,work_work,0.2134000440925982,0.08657059463138579,11.551266375180099,2.46504075378878,231.8332438603164,0.01063281828241169,87
new_model_edu1,1463614337,nowork_nowork,1.0683696611196822,0.09627806830509002,10.386581456874474,11.096708511272958,231.8332438603164,0.04786504440216917,87
new_model_edu1,1940152705,hours_0,0.6556936833628457,0.09383737769701109,10.656734272383432,6.987553347678168,233.16359087532229,0.02996845828907553,88
new_model_edu1,1940152705,hours_1,0.03975494994125579,0.0003774710394068248,2649.2091595967977,105.31917752368702,233.16359087532229,0.4516964982753397,88
new_model_edu1,1940152705,hours_2,0.04469433499466344,0.0006603871856662427,1514.2629510062923,67.67897560228286,233.16359087532229,0.29026391019373304,88
new_model_edu1,1940152705,hours_3,0.04598963463994465,0.001228700509100839,813.8679126494437,37.429487947922304,233.16359087532229,0.1605288707701224,88
new_model_edu1,1940152705,hours_4,0.12851485823744963,0.061082580566403206,16.371279489015148,2.1039526626964484,233.16359087532229,0.009023504290691244,88
new_model_edu1,1940152705,work_work,0.21394355634326642,0.08657059463138579,11.551266375180099,2.4713190085744223,233.16359087532229,0.010599077666014721,88
new_model_edu1,1940152705,nowork_nowork,1.075726872106317,0.09627806830509002,10.386581456874474,11.17312478248105,233.16359087532229,0.04791968051502332,88
new_model_edu1,985452196,hours_0,0.6744167600627099,0.09383737769701109,10.656734272383432,7.187080200830074,234.813273449843,0.030607640254907743,89
new_model_edu1,985452196,hours_1,0.03589111221177281,0.0003774710394068248,2649.2091595967977,95.08306321954501,234.813273449843,0.4049305297890458,89
new_model_edu1,985452196,hours_2,0.05117006320245513,0.0006603871856662427,1514.2629510062923,77.48493090812819,234.813273449843,0.3299853103265019,89
new_model_edu1,985452196,hours_3,0.04836007784581577,0.001228700509100839,813.8679126494437,39.35871561193869,234.813273449843,0.16761708158012567,89
new_model_edu1,985452196,hours_4,0.11891569516739403,0.061082580566403206,16.371279489015148,1.9468020812159357,234.813273449843,0.008290851929338568,89
new_model_edu1,985452196,work_work,0.2227225380684668,0.08657059463138579,11.551266375180099,2.57272736498505,234.813273449843,0.010956481834211959,89
new_model_edu1,985452196,nowork_nowork,1.0763843820625383,0.09627806830509002,10.386581456874474,11.17995406320005,234.813273449843,0.047612104285868366,89
new_model_edu1,552062587,hours_0,0.6531671967658669,0.09383737769701109,10.656734272383432,6.960629251371426,230.8730223086708,0.030149166766073075,90
new_model_edu1,552062587,hours_1,0.03599454285618315,0.0003774710394068248,2649.2091595967977,95.35707263009988,230.8730223086708,0.4130282164479578,90
new_model_edu1,552062587,hours_2,0.047871617333420935,0.0006603871856662427,1514.2629510062923,72.49021653274995,230.8730223086708,0.3139830535757987,90
new_model_edu1,552062587,hours_3,0.050062721713720865,0.001228700509100839,813.8679126494437,40.74444282269598,230.8730223086708,0.17647987805271503,90
new_model_edu1,552062587,hours_4,0.11240279451250801,0.061082580566403206,16.371279489015148,1.8401775643106069,230.8730223086708,0.007970517931932042,90
new_model_edu1,552062587,work_work,0.21482957088911378,0.08657059463138579,11.551266375180099,2.4815535986057893,230.8730223086708,0.01074856461699549,90
new_model_edu1,552062587,nowork_nowork,1.058955726145815,0.09627806830509002,10.386581456874474,10.998929908837164,230.8730223086708,0.04764060260852782,90
new_model_edu1,623566272,hours_0,0.6804050538577732,0.09383737769701109,10.656734272383432,7.250895856549026,237.0552996159596,0.03058736028384857,91
new_model_edu1,623566272,hours_1,0.03678303073692821,0.0003774710394068248,2649.2091595967977,97.44594194600076,237.0552996159596,0.41106839671531337,91
new_model_edu1,623566272,hours_2,0.05123581054116287,0.0006603871856662427,1514.2629510062923,77.58448966726058,237.0552996159596,0.32728435007760215,91
new_model_edu1,623566272,hours_3,0.04760301205077589,0.001228700509100839,813.8679126494437,38.74256405359129,237.0552996159596,0.1634326003947434,91
new_model_edu1,623566272,hours_4,0.12897700112340374,0.061082580566403206,16.371279489015148,2.1115185330462634,237.0552996159596,0.008907282547435218,91
new_model_edu1,623566272,work_work,0.23288107370534444,0.08657059463138579,11.551266375180099,2.6900713161083836,237.0552996159596,0.011347864065753527,91
new_model_edu1,623566272,nowork_nowork,1.0811852090151106,0.09627806830509002,10.386581456874474,11.229818243403301,237.0552996159596,0.04737214591530381,91
new_model_edu1,729775797,hours_0,0.655455551959462,0.09383737769701109,10.656734272383432,6.985015644590398,231.00341316896004,0.030237716182493945,92
new_model_edu1,729775797,hours_1,0.03771016804053877,0.0003774710394068248,2649.2091595967977,99.90212258292974,231.00341316896004,0.43247033111956457,92
new_model_edu1,729775797,hours_2,0.048279512932265685,0.0006603871856662427,1514.2629510062923,73.10787772595909,231.00341316896004,0.3164796429760398,92
new_model_edu1,729775797,hours_3,0.043344172786212457,0.001228700509100839,813.8679126494437,35.276431431031554,231.00341316896004,0.15270956799772364,92
new_model_edu1,729775797,hours_4,0.12672833832309627,0.061082580566403206,16.371279489015148,2.0747050458658784,231.00341316896004,0.00898127442103378,92
new_model_edu1,729775797,work_work,0.22134831962740545,0.08657059463138579,11.551266375180099,2.556853401714666,231.00341316896004,0.011068465901170634,92
new_model_edu1,729775797,nowork_nowork,1.0687257769034144,0.09627806830509002,10.386581456874474,11.10040733686877,231.00341316896004,0.0480530014019738,92
new_model_edu1,1352536665,hours_0,0.6648341444997057,0.09383737769701109,10.656734272383432,7.084960813140732,234.4879437551237,0.030214605918245305,93
new_model_edu1,1352536665,hours_1,0.038665423387739234,0.0003774710394068248,2649.2091595967977,102.43279379848703,234.4879437551237,0.43683607847002076,93
new_model_edu1,1352536665,hours_2,0.04670189074572875,0.0006603871856662427,1514.2629510062923,70.71894289820067,234.4879437551237,0.3015888227159884,93
new_model_edu1,1352536665,hours_3,0.04729495835397002,0.001228700509100839,813.8679126494437,38.49184903438795,234.4879437551237,0.1641527850770233,93
new_model_edu1,1352536665,hours_4,0.12144029567506992,0.061082580566403206,16.371279489015148,1.9881330217252071,234.4879437551237,0.00847861510441415,93
new_model_edu1,1352536665,work_work,0.21498606851132113,0.08657059463138579,11.551266375180099,2.4833613443269886,234.4879437551237,0.010590571543074166,93
new_model_edu1,1352536665,nowork_nowork,1.0867774822469691,0.09627806830509002,10.386581456874474,11.287902844855097,234.4879437551237,0.048138521171233774,93
new_model_edu1,555883440,hours_0,0.661105746320097,0.09383737769701109,10.656734272383432,7.045228264479005,232.52831733133303,0.030298366862734207,94
new_model_edu1,555883440,hours_1,0.039352005266648296,0.0003774710394068248,2649.2091595967977,104.25169280090608,232.52831733133303,0.4483397721076539,94
new_model_edu1,555883440,hours_2,0.04461448052489457,0.0006603871856662427,1514.2629510062923,67.5580549372396,232.52831733133303,0.29053689336673405,94
new_model_edu1,555883440,hours_3,0.04674530444100101,0.001228700509100839,813.8679126494437,38.04450335156026,232.52831733133303,0.16361234531857075,94
new_model_edu1,555883440,hours_4,0.12321058343443086,0.061082580566403206,16.371279489015148,2.0171148974096877,232.52831733133303,0.008674706463967874,94
new_model_edu1,555883440,work_work,0.2283233530896856,0.08657059463138579,11.551266375180099,2.6374238712132585,232.52831733133303,0.0113423771413404,94
new_model_edu1,555883440,nowork_nowork,1.0565843298963067,0.09627806830509002,10.386581456874474,10.974299208525121,232.52831733133303,0.047195538738998746,94
new_model_edu1,1801800003,hours_0,0.6649009387754072,0.09383737769701109,10.656734272383432,7.0856726219878,236.07889065184955,0.03001400338007005,95
new_model_edu1,1801800003,hours_1,0.03883714666430154,0.0003774710394068248,2649.2091595967977,102.88772467567186,236.07889065184955,0.4358192483520372,95
new_model_edu1,1801800003,hours_2,0.047229637198367896,0.0006603871856662427,1514.2629510062923,71.51808979895712,236.07889065184955,0.30294148537162663,95
new_model_edu1,1801800003,hours_3,0.0478958850831429,0.001228700509100839,813.8679126494437,38.98092401711514,236.07889065184955,0.16511821073660127,95
new_model_edu1,1801800003,hours_4,0.1228851508409687,0.061082580566403206,16.371279489015148,2.0117871494672834,236.07889065184955,0.008521673174219155,95
new_model_edu1,1801800003,work_work,0.2148663205978665,0.08657059463138579,11.551266375180099,2.4819781042808025,236.07889065184955,0.010513341948649814,95
new_model_edu1,1801800003,nowork_nowork,1.0699106660367512,0.09627806830509002,10.386581456874474,11.112714284369538,236.07889065184955,0.04707203703679584,95
new_model_edu1,763315502,hours_0,0.6705537590257309,0.09383737769701109,10.656734272383432,7.145913225285047,230.48090617472735,0.031004361028794884,96
new_model_edu1,763315502,hours_1,0.035834825960853536,0.0003774710394068248,2649.2091595967977,94.9339491680503,230.48090617472735,0.4118950708050452,96
new_model_edu1,763315502,hours_2,0.04788816513078667,0.0006603871856662427,1514.2629510062923,72.51527424922165,230.48090617472735,0.3146259508119423,96
new_model_edu1,763315502,hours_3,0.049131481776225755,0.001228700509100839,813.8679126494437,39.98653651859104,230.48090617472735,0.17349175331807,96
new_model_edu1,763315502,hours_4,0.12371968517141793,0.061082580566403206,16.371279489015148,2.0254495442342457,230.48090617472735,0.008787927719699063,96
new_model_edu1,763315502,work_work,0.22257758533846136,0.08657059463138579,11.551266375180099,2.5710529773889474,230.48090617472735,0.011155166907578168,96
new_model_edu1,763315502,nowork_nowork,1.0882050594688462,0.09627806830509002,10.386581456874474,11.302730491956101,230.48090617472735,0.0490397694088703,96
new_model_edu1,138897982,hours_0,0.6696945768371152,0.09383737769701109,10.656734272383432,7.136757149009405,239.21781784161217,0.02983371896542716,97
new_model_edu1,138897982,hours_1,0.04070911713492262,0.0003774710394068248,2649.2091595967977,107.84696599293595,239.21781784161217,0.4508316603086071,97
new_model_edu1,138897982,hours_2,0.04684015038831155,0.0006603871856662427,1514.2629510062923,70.92830435258317,239.21781784161217,0.2965009253597711,97
new_model_edu1,138897982,hours_3,0.0461351102060825,0.001228700509100839,813.8679126494437,37.54788584327641,239.21781784161217,0.1569610749820364,97
new_model_edu1,138897982,hours_4,0.12363597692461814,0.061082580566403206,16.371279489015148,2.024079133130351,239.21781784161217,0.00846123901385351,97
new_model_edu1,138897982,work_work,0.21487605513538705,0.08657059463138579,11.551266375180099,2.4820905505167414,239.21781784161217,0.010375859845691558,97
new_model_edu1,138897982,nowork_nowork,1.083295294691313,0.09627806830509002,10.386581456874474,11.251734820160161,239.21781784161217,0.04703552152461325,97
new_model_edu1,10785379,hours_0,0.655568257329606,0.09383737769701109,10.656734272383432,6.986216715771093,232.20762562858602,0.030086077909196155,98
new_model_edu1,10785379,hours_1,0.04097245189215461,0.0003774710394068248,2649.2091595967977,108.54459484383513,232.20762562858602,0.4674462974676431,98
new_model_edu1,10785379,hours_2,0.041715050934272656,0.0006603871856662427,1514.2629510062923,63.1675561291095,232.20762562858602,0.272030498387445,98
new_model_edu1,10785379,hours_3,0.04661120745802824,0.001228700509100839,813.8679126494437,37.93536611993563,232.20762562858602,0.16336830462498636,98
new_model_edu1,10785379,hours_4,0.12429493670428127,0.061082580566403206,16.371279489015148,2.034867147855236,232.20762562858602,0.008763136621146058,98
new_model_edu1,10785379,work_work,0.2205615466037812,0.08657059463138579,11.551266375180099,2.547765176941976,232.20762562858602,0.010971927257105255,98
new_model_edu1,10785379,nowork_nowork,1.0582172335309377,0.09627806830509002,10.386581456874474,10.991259495137442,232.20762562858602,0.047333757732478006,98
new_model_edu1,53923185,hours_0,0.6674503686780161,0.09383737769701109,10.656734272383432,7.112841219005971,226.86659363604204,0.0313525279548957,99
new_model_edu1,53923185,hours_1,0.03320556371729778,0.0003774710394068248,2649.2091595967977,87.96848354944036,226.86659363604204,0.3877542397915429,99
new_model_edu1,53923185,hours_2,0.05069796911352992,0.0006603871856662427,1514.2629510062923,76.77005631987967,226.86659363604204,0.33839295195237284,99
new_model_edu1,53923185,hours_3,0.04809918508567238,0.001228700509100839,813.8679126494437,39.14638336581544,226.86659363604204,0.17255243594223163,99
new_model_edu1,53923185,hours_4,0.1239446047994826,0.061082580566403206,16.371279489015148,2.029131766327858,226.86659363604204,0.008944162883598268,99
new_model_edu1,53923185,work_work,0.22183692180733897,0.08657059463138579,11.551266375180099,2.562497375646571,226.86659363604204,0.011295172791096512,99
new_model_edu1,53923185,nowork_nowork,1.0857470368618978,0.09627806830509002,10.386581456874474,11.277200039926193,226.86659363604204,0.049708508684262256,99
new_model_edu1,1349917978,hours_0,0.6662957684008012,0.09383737769701109,10.656734272383432,7.100536950660872,236.2645515875299,0.030053331754384266,100
new_model_edu1,1349917978,hours_1,0.03830520844355405,0.0003774710394068248,2649.2091595967977,101.47850906892798,236.2645515875299,0.4295122073415775,100
new_model_edu1,1349917978,hours_2,0.04850125990516613,0.0006603871856662427,1514.2629510062923,73.44366095152003,236.2645515875299,0.3108534922316142,100
new_model_edu1,1349917978,hours_3,0.04741307300307547,0.001228700509100839,813.8679126494437,38.587978757308726,236.2645515875299,0.16332529995729334,100
new_model_edu1,1349917978,hours_4,0.11732875085780525,0.061082580566403206,16.371279489015148,1.9208217723901555,236.2645515875299,0.008129961771597128,100
new_model_edu1,1349917978,work_work,0.22599943378706355,0.08657059463138579,11.551266375180099,2.610579660314248,236.2645515875299,0.011049392059761009,100
new_model_edu1,1349917978,nowork_nowork,1.070849390878881,0.09627806830509002,10.386581456874474,11.12246442640791,236.2645515875299,0.047076314883772674,100
