model,seed,moment,squared_error_sum,empirical_variance,weight,criterion_value,total_criterion,share_of_total_criterion,run
old_model_edu1,1501552845,hours_0,1.5844882379310856,0.09383737769701109,10.656734272383432,16.885470109348635,335.01727217059204,0.05040178973444238,1
old_model_edu1,1501552845,hours_1,0.05698592188925594,0.0003774710394068248,2649.2091595967977,150.9676262370845,335.01727217059204,0.45062639683905975,1
old_model_edu1,1501552845,hours_2,0.05112772939513507,0.0006603871856662427,1514.2629510062923,77.42082639212838,335.01727217059204,0.23109502949061506,1
old_model_edu1,1501552845,hours_3,0.053641722811892154,0.001228700509100839,813.8679126494437,43.65727697583472,335.01727217059204,0.1303135109810227,1
old_model_edu1,1501552845,hours_4,0.5976979217981817,0.061082580566403206,16.371279489015148,9.785079727761552,335.01727217059204,0.029207687306279997,1
old_model_edu1,1501552845,work_work,0.30756620625447423,0.08657059463138579,11.551266375180099,3.552779176449015,335.01727217059204,0.010604764206425532,1
old_model_edu1,1501552845,nowork_nowork,3.1529347445025278,0.09627806830509002,10.386581456874474,32.74821355198521,335.01727217059204,0.09775082144215447,1
old_model_edu1,488200390,hours_0,1.5542808827737606,0.09383737769701109,10.656734272383432,16.56355835236551,332.30775690550985,0.04984403164887686,2
old_model_edu1,488200390,hours_1,0.056867517931913525,0.0003774710394068248,2649.2091595967977,150.65394938876045,332.30775690550985,0.45335670401337697,2
old_model_edu1,488200390,hours_2,0.051846797166642485,0.0006603871856662427,1514.2629510062923,78.50968407778473,332.30775690550985,0.2362559478264258,2
old_model_edu1,488200390,hours_3,0.050421480675264065,0.001228700509100839,813.8679126494437,41.036425229871426,332.30775690550985,0.12348921858462648,2
old_model_edu1,488200390,hours_4,0.5929449838847769,0.061082580566403206,16.371279489015148,9.707268052787265,332.30775690550985,0.02921168059145692,2
old_model_edu1,488200390,work_work,0.30423742762190964,0.08657059463138579,11.551266375180099,3.5143275677602537,332.30775690550985,0.010575520717560427,2
old_model_edu1,488200390,nowork_nowork,3.1119521249975115,0.09627806830509002,10.386581456874474,32.32254423618027,332.30775690550985,0.0972668966176767,2
old_model_edu1,1693606510,hours_0,1.5741897449266768,0.09383737769701109,10.656734272383432,16.77572180599465,338.89737154730904,0.049500890872659985,3
old_model_edu1,1693606510,hours_1,0.06025664326423654,0.0003774710394068248,2649.2091595967977,159.63245126217214,338.89737154730904,0.47103478711958063,3
old_model_edu1,1693606510,hours_2,0.047660915260864696,0.0006603871856662427,1514.2629510062923,72.1711581905778,338.89737154730904,0.2129587428225389,3
old_model_edu1,1693606510,hours_3,0.05481102588646105,0.001228700509100839,813.8679126494437,44.60893522838868,338.89737154730904,0.1316296288304538,3
old_model_edu1,1693606510,hours_4,0.588296263034531,0.061082580566403206,16.371279489015148,9.631162544481477,338.89737154730904,0.02841911254875872,3
old_model_edu1,1693606510,work_work,0.3201817947093993,0.08657059463138579,11.551266375180099,3.698505199171501,338.89737154730904,0.010913348729396094,3
old_model_edu1,1693606510,nowork_nowork,3.117429680878506,0.09627806830509002,10.386581456874474,32.3794373165228,338.89737154730904,0.09554348907661188,3
old_model_edu1,680233354,hours_0,1.5665403898708667,0.09383737769701109,10.656734272383432,16.694204661809767,320.0973961589024,0.05215351596775391,4
old_model_edu1,680233354,hours_1,0.053115150979441625,0.0003774710394068248,2649.2091595967977,140.71314448810358,320.0973961589024,0.4395947801407635,4
old_model_edu1,680233354,hours_2,0.04854542652631712,0.0006603871856662427,1514.2629510062923,73.5105408296001,320.0973961589024,0.22965054296507953,4
old_model_edu1,680233354,hours_3,0.05323663675776172,0.001228700509100839,813.8679126494437,43.32759043451618,320.0973961589024,0.13535752228677156,4
old_model_edu1,680233354,hours_4,0.5903039841507456,0.061082580566403206,16.371279489015148,9.664031508011025,320.0973961589024,0.03019090946685994,4
old_model_edu1,680233354,work_work,0.32089936869930585,0.08657059463138579,11.551266375180099,3.706794087472813,320.0973961589024,0.011580206936868334,4
old_model_edu1,680233354,nowork_nowork,3.127216619274762,0.09627806830509002,10.386581456874474,32.481090149388926,320.0973961589024,0.10147252223590315,4
old_model_edu1,438466540,hours_0,1.5659018920027121,0.09383737769701109,10.656734272383432,16.68740035969536,341.7316612646734,0.048831882588633954,5
old_model_edu1,438466540,hours_1,0.0594639252319107,0.0003774710394068248,2649.2091595967977,157.53237538995697,341.7316612646734,0.4609826751403848,5
old_model_edu1,438466540,hours_2,0.05303307794171088,0.0006603871856662427,1514.2629510062923,80.30602510496182,341.7316612646734,0.23499732160539927,5
old_model_edu1,438466540,hours_3,0.05115665550515787,0.001228700509100839,813.8679126494437,41.63476043410951,341.7316612646734,0.12183465904221007,5
old_model_edu1,438466540,hours_4,0.5939453831344823,0.061082580566403206,16.371279489015148,9.723645868504793,341.7316612646734,0.028454038564994906,5
old_model_edu1,438466540,work_work,0.3086582526003338,0.08657059463138579,11.551266375180099,3.565393694684081,341.7316612646734,0.010433313909192221,5
old_model_edu1,438466540,nowork_nowork,3.108054420677039,0.09627806830509002,10.386581456874474,32.28206041276087,341.7316612646734,0.09446610914918475,5
old_model_edu1,1712329280,hours_0,1.5537273699352374,0.09383737769701109,10.656734272383432,16.557659713129016,340.9180433232647,0.04856785974636356,6
old_model_edu1,1712329280,hours_1,0.05931128103431638,0.0003774710394068248,2649.2091595967977,157.12798898353077,340.9180433232647,0.46089666434738724,6
old_model_edu1,1712329280,hours_2,0.04999675192817254,0.0006603871856662427,1514.2629510062923,75.70822911548407,340.9180433232647,0.22207164037867055,6
old_model_edu1,1712329280,hours_3,0.0571104333315029,0.001228700509100839,813.8679126494437,46.48034916601548,340.9180433232647,0.13633877724078675,6
old_model_edu1,1712329280,hours_4,0.5803353629628683,0.061082580566403206,16.371279489015148,9.500832424424166,340.9180433232647,0.027868376609844914,6
old_model_edu1,1712329280,work_work,0.29391695966471426,0.08657059463138579,11.551266375180099,3.395113093270179,340.9180433232647,0.009958736886363244,6
old_model_edu1,1712329280,nowork_nowork,3.0951349065994713,0.09627806830509002,10.386581456874474,32.147870827410976,340.9180433232647,0.09429794479058351,6
old_model_edu1,1380152455,hours_0,1.5532142067696957,0.09383737769701109,10.656734272383432,16.552191069635462,337.2648944223579,0.04907771708047118,7
old_model_edu1,1380152455,hours_1,0.05844180844133068,0.0003774710394068248,2649.2091595967977,154.8245742261747,337.2648944223579,0.45905926405814235,7
old_model_edu1,1380152455,hours_2,0.050955310493477485,0.0006603871856662427,1514.2629510062923,77.15973883729511,337.2648944223579,0.22878081921170165,7
old_model_edu1,1380152455,hours_3,0.05354591716279767,0.001228700509100839,813.8679126494437,43.57930383218616,337.2648944223579,0.1292138747699358,7
old_model_edu1,1380152455,hours_4,0.5871011457990347,0.061082580566403206,16.371279489015148,9.611596946197029,337.2648944223579,0.028498658191683585,7
old_model_edu1,1380152455,work_work,0.30603663691455574,0.08657059463138579,11.551266375180099,3.535110713564308,337.2648944223579,0.010481703764689123,7
old_model_edu1,1380152455,nowork_nowork,3.081127214972539,0.09627806830509002,10.386581456874474,32.00237879730506,337.2648944223579,0.09488796292337615,7
old_model_edu1,1452245846,hours_0,1.540187774047098,0.09383737769701109,10.656734272383432,16.413371837593658,332.58977679757345,0.04935019950292534,8
old_model_edu1,1452245846,hours_1,0.05484655063887745,0.0003774710394068248,2649.2091595967977,145.29998432480375,332.58977679757345,0.43687447558930453,8
old_model_edu1,1452245846,hours_2,0.05317929010795224,0.0006603871856662427,1514.2629510062923,80.52742877128749,332.58977679757345,0.24212238135118472,8
old_model_edu1,1452245846,hours_3,0.05584265247622679,0.001228700509100839,813.8679126494437,45.44854300763498,332.58977679757345,0.1366504510308405,8
old_model_edu1,1452245846,hours_4,0.5778862637759856,0.061082580566403206,16.371279489015148,9.46073753713939,332.58977679757345,0.02844566549289201,8
old_model_edu1,1452245846,work_work,0.2985602392296428,0.08657059463138579,11.551266375180099,3.448748852379099,332.58977679757345,0.01036937721172992,8
old_model_edu1,1452245846,nowork_nowork,3.0800280727169875,0.09627806830509002,10.386581456874474,31.990962466735088,332.58977679757345,0.09618744982112298,8
old_model_edu1,2122694021,hours_0,1.5657564971170541,0.09383737769701109,10.656734272383432,16.68585092503434,339.63659927315496,0.04912854197911291,9
old_model_edu1,2122694021,hours_1,0.059990577333589305,0.0003774710394068248,2649.2091595967977,158.92758696164483,339.63659927315496,0.46793421940321067,9
old_model_edu1,2122694021,hours_2,0.049743865690857536,0.0006603871856662427,1514.2629510062923,75.32529285549859,339.63659927315496,0.22178202530793134,9
old_model_edu1,2122694021,hours_3,0.05291990262787893,0.001228700509100839,813.8679126494437,43.069810689363635,339.63659927315496,0.12681145312824327,9
old_model_edu1,2122694021,hours_4,0.5959004875802456,0.061082580566403206,16.371279489015148,9.7556534298166,339.63659927315496,0.02872379905668103,9
old_model_edu1,2122694021,work_work,0.30456635219994366,0.08657059463138579,11.551266375180099,3.5181270631784685,339.63659927315496,0.010358503973680974,9
old_model_edu1,2122694021,nowork_nowork,3.115007327767543,0.09627806830509002,10.386581456874474,32.35427734861847,339.63659927315496,0.09526145715113973,9
old_model_edu1,839901363,hours_0,1.5764909920328456,0.09383737769701109,10.656734272383432,16.800245584900182,334.61857847582456,0.05020715126286379,10
old_model_edu1,839901363,hours_1,0.057370646943835764,0.0003774710394068248,2649.2091595967977,151.98684337560374,334.61857847582456,0.4542092195475167,10
old_model_edu1,839901363,hours_2,0.050063121310533504,0.0006603871856662427,1514.2629510062923,75.80872981227446,334.61857847582456,0.22655266231056406,10
old_model_edu1,839901363,hours_3,0.05409401584921957,0.001228700509100839,813.8679126494437,44.02538376603026,334.61857847582456,0.13156885659655923,10
old_model_edu1,839901363,hours_4,0.5994467242033742,0.061082580566403206,16.371279489015148,9.81370986070802,334.61857847582456,0.02932804838693987,10
old_model_edu1,839901363,work_work,0.3236661006873178,0.08657059463138579,11.551266375180099,3.738753345655071,334.61857847582456,0.011173179214032157,10
old_model_edu1,839901363,nowork_nowork,3.1237335272789717,0.09627806830509002,10.386581456874474,32.44491273065286,334.61857847582456,0.09696088268152431,10
old_model_edu1,1802651552,hours_0,1.583380521227579,0.09383737769701109,10.656734272383432,16.873665466790285,340.02123209963855,0.04962532887312663,11
old_model_edu1,1802651552,hours_1,0.057437807495860776,0.0003774710394068248,2649.2091595967977,152.16476572519198,340.02123209963855,0.4475154824467026,11
old_model_edu1,1802651552,hours_2,0.05195911868415039,0.0006603871856662427,1514.2629510062923,78.67976839034775,340.02123209963855,0.23139663339403382,11
old_model_edu1,1802651552,hours_3,0.05661526561752169,0.001228700509100839,813.8679126494437,46.0773480522262,340.02123209963855,0.13551314948098261,11
old_model_edu1,1802651552,hours_4,0.6070935515784142,0.061082580566403206,16.371279489015148,9.938898208869052,340.02123209963855,0.029230228205151008,11
old_model_edu1,1802651552,work_work,0.3040980302088367,0.08657059463138579,11.551266375180099,3.512717351109837,340.02123209963855,0.010330876485032215,11
old_model_edu1,1802651552,nowork_nowork,3.155424047958688,0.09627806830509002,10.386581456874474,32.7740689051035,340.02123209963855,0.09638830111497128,11
old_model_edu1,714712467,hours_0,1.5460778257588554,0.09383737769701109,10.656734272383432,16.476140553536453,331.1887718863896,0.049748487727079106,12
old_model_edu1,714712467,hours_1,0.0569570017130101,0.0003774710394068248,2649.2091595967977,150.89101064127686,331.1887718863896,0.4556042458258164,12
old_model_edu1,714712467,hours_2,0.04943609194577648,0.0006603871856662427,1514.2629510062923,74.85924247602989,331.1887718863896,0.22603194561713424,12
old_model_edu1,714712467,hours_3,0.05372990343951531,0.001228700509100839,813.8679126494437,43.72904435917449,331.1887718863896,0.13203661497973496,12
old_model_edu1,714712467,hours_4,0.5849121479559598,0.061082580566403206,16.371279489015148,9.575760250707198,331.1887718863896,0.028913299796262566,12
old_model_edu1,714712467,work_work,0.30791148517433153,0.08657059463138579,11.551266375180099,3.556767585226021,331.1887718863896,0.010739396643694577,12
old_model_edu1,714712467,nowork_nowork,3.0906035978943196,0.09627806830509002,10.386581456874474,32.100806020438675,331.1887718863896,0.0969260094102782,12
old_model_edu1,1218704077,hours_0,1.5640301926512081,0.09383737769701109,10.656734272383432,16.66745415706859,338.54479638200155,0.04923264021539308,13
old_model_edu1,1218704077,hours_1,0.05921238390620465,0.0003774710394068248,2649.2091595967977,156.86598980587937,338.54479638200155,0.4633537170923683,13
old_model_edu1,1218704077,hours_2,0.04901591059449935,0.0006603871856662427,1514.2629510062923,74.22297742308717,338.54479638200155,0.21924122956932612,13
old_model_edu1,1218704077,hours_3,0.05568625523450046,0.001228700509100839,813.8679126494437,45.321256310967044,338.54479638200155,0.13387078104673686,13
old_model_edu1,1218704077,hours_4,0.5823656060231611,0.061082580566403206,16.371279489015148,9.534070100994855,338.54479638200155,0.02816191594992634,13
old_model_edu1,1218704077,work_work,0.3008289193028822,0.08657059463138579,11.551266375180099,3.4749549802251503,338.54479638200155,0.010264387511967954,13
old_model_edu1,1218704077,nowork_nowork,3.1250025562834787,0.09627806830509002,10.386581456874474,32.45809360377931,338.54479638200155,0.09587532861428119,13
old_model_edu1,1284858263,hours_0,1.5638504231724006,0.09383737769701109,10.656734272383432,16.665538401502655,330.4145152293361,0.050438275660908354,14
old_model_edu1,1284858263,hours_1,0.05425755703707644,0.0003774710394068248,2649.2091595967977,143.73961707996858,330.4145152293361,0.4350281554071586,14
old_model_edu1,1284858263,hours_2,0.05134934370157892,0.0006603871856662427,1514.2629510062923,77.75640872578926,330.4145152293361,0.2353298815332602,14
old_model_edu1,1284858263,hours_3,0.05753764230229174,0.001228700509100839,813.8679126494437,46.82804083933651,330.4145152293361,0.14172513216265278,14
old_model_edu1,1284858263,hours_4,0.5820759408363274,0.061082580566403206,16.371279489015148,9.529327911262962,330.4145152293361,0.028840524468632348,14
old_model_edu1,1284858263,work_work,0.2948275020026675,0.08657059463138579,11.551266375180099,3.4056310103617564,330.4145152293361,0.010307147093698217,14
old_model_edu1,1284858263,nowork_nowork,3.1280697499956167,0.09627806830509002,10.386581456874474,32.48995126111444,330.4145152293361,0.09833088367368976,14
old_model_edu1,457721135,hours_0,1.5487143851134706,0.09383737769701109,10.656734272383432,16.504237665971953,326.1507651177104,0.05060309351111116,15
old_model_edu1,457721135,hours_1,0.054947743801834176,0.0003774710394068248,2649.2091595967977,145.56806617899727,326.1507651177104,0.44632140024709305,15
old_model_edu1,457721135,hours_2,0.050348279988916764,0.0006603871856662427,1514.2629510062923,76.24053503410815,326.1507651177104,0.23375856563326575,15
old_model_edu1,457721135,hours_3,0.05199520558162402,0.001228700509100839,813.8679126494437,42.31722943449505,326.1507651177104,0.12974744799149074,15
old_model_edu1,457721135,hours_4,0.6037529352291958,0.061082580566403206,16.371279489015148,9.884208044950425,326.1507651177104,0.03030564113925391,15
old_model_edu1,457721135,work_work,0.29803682611689236,0.08657059463138579,11.551266375180099,3.4427027680894566,326.1507651177104,0.010555556314108164,15
old_model_edu1,457721135,nowork_nowork,3.0995555298697752,0.09627806830509002,10.386581456874474,32.19378599109814,326.1507651177104,0.09870829516367728,15
old_model_edu1,401008609,hours_0,1.600205882772277,0.09383737769701109,10.656734272383432,17.052968873808908,345.6945059392426,0.04932959182407731,16
old_model_edu1,401008609,hours_1,0.06078362490688785,0.0003774710394068248,2649.2091595967977,161.02853585682334,345.6945059392426,0.46581167212742697,16
old_model_edu1,401008609,hours_2,0.05202290899126445,0.0006603871856662427,1514.2629510062923,78.77636368904389,345.6945059392426,0.22787855269788174,16
old_model_edu1,401008609,hours_3,0.05217533870784073,0.001228700509100839,813.8679126494437,42.463834005928064,345.6945059392426,0.12283629990171517,16
old_model_edu1,401008609,hours_4,0.60672274903973,0.061082580566403206,16.371279489015148,9.932827696873018,345.6945059392426,0.028732963718604072,16
old_model_edu1,401008609,work_work,0.31510011308674213,0.08657059463138579,11.551266375180099,3.639805341114331,345.6945059392426,0.010528964963516208,16
old_model_edu1,401008609,nowork_nowork,3.157937056753348,0.09627806830509002,10.386581456874474,32.80017047565107,345.6945059392426,0.09488195476677853,16
old_model_edu1,492064534,hours_0,1.5579894770047713,0.09383737769701109,10.656734272383432,16.603079855609483,342.0672579695531,0.04853747170706206,17
old_model_edu1,492064534,hours_1,0.0587530553380143,0.0003774710394068248,2649.2091595967977,155.649132355765,342.0672579695531,0.45502493655683085,17
old_model_edu1,492064534,hours_2,0.05363289241804455,0.0006603871856662427,1514.2629510062923,81.21430194395114,342.0672579695531,0.23742202754517916,17
old_model_edu1,492064534,hours_3,0.05297519158316534,0.001228700509100839,813.8679126494437,43.11480859599516,342.0672579695531,0.12604190430828296,17
old_model_edu1,492064534,hours_4,0.5886348844193655,0.061082580566403206,16.371279489015148,9.63670620981356,342.0672579695531,0.02817196321862325,17
old_model_edu1,492064534,work_work,0.30701766054261437,0.08657059463138579,11.551266375180099,3.546442778812359,342.0672579695531,0.010367676812634381,17
old_model_edu1,492064534,nowork_nowork,3.1100498622890447,0.09627806830509002,10.386581456874474,32.302786229606404,342.0672579695531,0.09443401985138732,17
old_model_edu1,1444732602,hours_0,1.575989211671509,0.09383737769701109,10.656734272383432,16.794898244926316,330.55680142741727,0.05080790403465376,18
old_model_edu1,1444732602,hours_1,0.05571074146733253,0.0003774710394068248,2649.2091595967977,147.58940658318647,330.55680142741727,0.44648727827067186,18
old_model_edu1,1444732602,hours_2,0.05140805968665766,0.0006603871856662427,1514.2629510062923,77.84532016662584,330.55680142741727,0.2354975599669181,18
old_model_edu1,1444732602,hours_3,0.05217041855004332,0.001228700509100839,813.8679126494437,42.45982964737158,330.55680142741727,0.1284494206866132,18
old_model_edu1,1444732602,hours_4,0.597304680073189,0.061082580566403206,16.371279489015148,9.778641857574955,330.55680142741727,0.029582334459156853,18
old_model_edu1,1444732602,work_work,0.32003748102122137,0.08657059463138579,11.551266375180099,3.6968381933177734,330.55680142741727,0.011183670029943447,18
old_model_edu1,1444732602,nowork_nowork,3.1186263612245053,0.09627806830509002,10.386581456874474,32.391866734414364,330.55680142741727,0.09799183255204288,18
old_model_edu1,1317426686,hours_0,1.527551267152857,0.09383737769701109,10.656734272383432,16.27870794149059,325.22707812378275,0.050053359749137646,19
old_model_edu1,1317426686,hours_1,0.05704261780558302,0.0003774710394068248,2649.2091595967977,151.11782557792992,325.22707812378275,0.4646532707230911,19
old_model_edu1,1317426686,hours_2,0.04714677048613172,0.0006603871856662427,1514.2629510062923,71.39260780674618,325.22707812378275,0.21951618610174234,19
old_model_edu1,1317426686,hours_3,0.05094223320603136,0.001228700509100839,813.8679126494437,41.46024900509392,325.22707812378275,0.12748092577123601,19
old_model_edu1,1317426686,hours_4,0.5843451197839897,0.061082580566403206,16.371279489015148,9.566477274025731,325.22707812378275,0.02941476253826777,19
old_model_edu1,1317426686,work_work,0.3057937753681914,0.08657059463138579,11.551266375180099,3.532305355149966,325.22707812378275,0.010861043230248977,19
old_model_edu1,1317426686,nowork_nowork,3.0692394119960498,0.09627806830509002,10.386581456874474,31.878905163346484,325.22707812378275,0.09802045188627634,19
old_model_edu1,2022506251,hours_0,1.5751701192146417,0.09383737769701109,10.656734272383432,16.786169394268967,326.3983537248793,0.051428474447570295,20
old_model_edu1,2022506251,hours_1,0.053573434279373874,0.0003774710394068248,2649.2091595967977,141.92723280397433,326.3983537248793,0.4348282740531363,20
old_model_edu1,2022506251,hours_2,0.050978199948029074,0.0006603871856662427,1514.2629510062923,77.19439949029132,326.3983537248793,0.23650364228049497,20
old_model_edu1,2022506251,hours_3,0.0547390665300348,0.001228700509100839,813.8679126494437,44.55036981717845,326.3983537248793,0.13649079202994355,20
old_model_edu1,2022506251,hours_4,0.6082856170838585,0.061082580566403206,16.371279489015148,9.958413846427895,326.3983537248793,0.030510000227580276,20
old_model_edu1,2022506251,work_work,0.3100675902050073,0.08657059463138579,11.551266375180099,3.5816733287682228,326.3983537248793,0.010973319221417428,20
old_model_edu1,2022506251,nowork_nowork,3.1194185669747796,0.09627806830509002,10.386581456874474,32.40009504397019,326.3983537248793,0.09926549773985742,20
old_model_edu1,1516459118,hours_0,1.5382860121743418,0.09383737769701109,10.656734272383432,16.393105266666346,336.8760233357156,0.04866213126224691,21
old_model_edu1,1516459118,hours_1,0.058428831792690566,0.0003774710394068248,2649.2091595967977,154.79019636973644,336.8760233357156,0.45948712774811945,21
old_model_edu1,1516459118,hours_2,0.050383214962684796,0.0006603871856662427,1514.2629510062923,76.29343577057946,336.8760233357156,0.226473332875189,21
old_model_edu1,1516459118,hours_3,0.054790783137547885,0.001228700509100839,813.8679126494437,44.592460304584435,336.8760233357156,0.1323705375735381,21
old_model_edu1,1516459118,hours_4,0.5716852921044686,0.061082580566403206,16.371279489015148,9.35921969680152,336.8760233357156,0.027782385947588025,21
old_model_edu1,1516459118,work_work,0.3007233505947625,0.08657059463138579,11.551266375180099,3.4737355279567765,336.8760233357156,0.010311614028093078,21
old_model_edu1,1516459118,nowork_nowork,3.0783824814880143,0.09627806830509002,10.386581456874474,31.973870399390638,336.8760233357156,0.09491287056522543,21
old_model_edu1,533103612,hours_0,1.5802145827749978,0.09383737769701109,10.656734272383432,16.839926901978405,344.4626402389621,0.04888752780358456,22
old_model_edu1,533103612,hours_1,0.0592871881565768,0.0003774710394068248,2649.2091595967977,157.06416191114204,344.4626402389621,0.45596864090161654,22
old_model_edu1,533103612,hours_2,0.055876492187063774,0.0006603871856662427,1514.2629510062923,84.61170195106322,344.4626402389621,0.245633900652814,22
old_model_edu1,533103612,hours_3,0.04900546651722827,0.001228700509100839,813.8679126494437,39.883976742788775,344.4626402389621,0.11578607397051911,22
old_model_edu1,533103612,hours_4,0.5965881585186005,0.061082580566403206,16.371279489015148,9.76691148294488,344.4626402389621,0.028354051621300173,22
old_model_edu1,533103612,work_work,0.30823719022519835,0.08657059463138579,11.551266375180099,3.5605298910283256,344.4626402389621,0.01033647622441232,22
old_model_edu1,533103612,nowork_nowork,3.1517040995572376,0.09627806830509002,10.386581456874474,32.73543135801646,344.4626402389621,0.09503332882575335,22
old_model_edu1,1964759878,hours_0,1.5667447757801054,0.09383737769701109,10.656734272383432,16.696382748133544,335.94946725602426,0.049699089819985845,23
old_model_edu1,1964759878,hours_1,0.057056210114962196,0.0003774710394068248,2649.2091595967977,151.1538344484373,335.94946725602426,0.449930269820146,23
old_model_edu1,1964759878,hours_2,0.05317911789488093,0.0006603871856662427,1514.2629510062923,80.52716799541392,335.94946725602426,0.23970024019727004,23
old_model_edu1,1964759878,hours_3,0.05140230463853964,0.001228700509100839,813.8679126494437,41.83468638153908,335.94946725602426,0.12452672338860182,23
old_model_edu1,1964759878,hours_4,0.5959427573775762,0.061082580566403206,16.371279489015148,9.756345440482644,335.94946725602426,0.029041110022202877,23
old_model_edu1,1964759878,work_work,0.3119295694376768,0.08657059463138579,11.551266375180099,3.6031815468698416,335.94946725602426,0.010725367646211766,23
old_model_edu1,1964759878,nowork_nowork,3.117278657042479,0.09627806830509002,10.386581456874474,32.377868695147974,335.94946725602426,0.09637719910558178,23
old_model_edu1,2037706756,hours_0,1.5466870343177592,0.09383737769701109,10.656734272383432,16.482632727265152,334.5580617209895,0.04926688253296712,24
old_model_edu1,2037706756,hours_1,0.05812995606313802,0.0003774710394068248,2649.2091595967977,153.99841204942464,334.5580617209895,0.46030399404290634,24
old_model_edu1,2037706756,hours_2,0.05210925069291871,0.0006603871856662427,1514.2629510062923,78.90710772898576,334.5580617209895,0.23585474916695243,24
old_model_edu1,2037706756,hours_3,0.04908268461954894,0.001228700509100839,813.8679126494437,39.94682207854325,334.5580617209895,0.11940176205306209,24
old_model_edu1,2037706756,hours_4,0.5864458063200579,0.061082580566403206,16.371279489015148,9.600868200426515,334.5580617209895,0.028697165900110115,24
old_model_edu1,2037706756,work_work,0.31130975929310994,0.08657059463138579,11.551266375180099,3.5960219547879113,334.5580617209895,0.010748573614665654,24
old_model_edu1,2037706756,nowork_nowork,3.083420383745164,0.09627806830509002,10.386581456874474,32.026196981556296,334.5580617209895,0.09572687268933636,24
old_model_edu1,1572889065,hours_0,1.5818402805423686,0.09383737769701109,10.656734272383432,16.85725153109248,343.5078675407939,0.04907384407750302,25
old_model_edu1,1572889065,hours_1,0.060698089625046435,0.0003774710394068248,2649.2091595967977,160.80193500470037,343.5078675407939,0.468117182164988,25
old_model_edu1,1572889065,hours_2,0.05044247190382231,0.0006603871856662427,1514.2629510062923,76.38316636113396,343.5078675407939,0.22236220354418212,25
old_model_edu1,1572889065,hours_3,0.05368537895853993,0.001228700509100839,813.8679126494437,43.692807312781255,343.5078675407939,0.12719594350365918,25
old_model_edu1,1572889065,hours_4,0.5967250152810283,0.061082580566403206,16.371279489015148,9.769152003252549,343.5078675407939,0.02843938356693503,25
old_model_edu1,1572889065,work_work,0.3112559229305017,0.08657059463138579,11.551266375180099,3.5954000766227523,343.5078675407939,0.01046671828031937,25
old_model_edu1,1572889065,nowork_nowork,3.120194588158822,0.09627806830509002,10.386581456874474,32.4081552512105,343.5078675407939,0.09434472486241327,25
old_model_edu1,1432881518,hours_0,1.5637590315087122,0.09383737769701109,10.656734272383432,16.664564464828015,333.3454853158447,0.04999187089346162,26
old_model_edu1,1432881518,hours_1,0.0584795869856883,0.0003774710394068248,2649.2091595967977,154.92465749192314,333.3454853158447,0.4647570293178925,26
old_model_edu1,1432881518,hours_2,0.04635524176003455,0.0006603871856662427,1514.2629510062923,70.19402518216003,333.3454853158447,0.21057439885724333,26
old_model_edu1,1432881518,hours_3,0.05657376242673239,0.001228700509100839,813.8679126494437,46.04356993697022,333.3454853158447,0.13812567430857495,26
old_model_edu1,1432881518,hours_4,0.5907481800593609,0.061082580566403206,16.371279489015148,9.671303563378842,333.3454853158447,0.029012852999089775,26
old_model_edu1,1432881518,work_work,0.31363881404707655,0.08657059463138579,11.551266375180099,3.622925486653359,333.3454853158447,0.010868380242860161,26
old_model_edu1,1432881518,nowork_nowork,3.102506760643848,0.09627806830509002,10.386581456874474,32.22443918993108,333.3454853158447,0.09666979338087762,26
old_model_edu1,280516901,hours_0,1.57256968995692,0.09383737769701109,10.656734272383432,16.758457310675297,341.7391708099286,0.049038736972871505,27
old_model_edu1,280516901,hours_1,0.05998752890367215,0.0003774710394068248,2649.2091595967977,158.9195110331859,341.7391708099286,0.4650315931198156,27
old_model_edu1,280516901,hours_2,0.05039758351509334,0.0006603871856662427,1514.2629510062923,76.3151935371513,341.7391708099286,0.22331415317794204,27
old_model_edu1,280516901,hours_3,0.053637926196299944,0.001228700509100839,813.8679126494437,43.654187032227554,341.7391708099286,0.12774124467138567,27
old_model_edu1,280516901,hours_4,0.5955218793581044,0.061082580566403206,16.371279489015148,9.749455128795088,341.7391708099286,0.028528936573728687,27
old_model_edu1,280516901,work_work,0.3199207389900154,0.08657059463138579,11.551266375180099,3.6954896750181336,341.7391708099286,0.010813772580590483,27
old_model_edu1,280516901,nowork_nowork,3.1431782659604193,0.09627806830509002,10.386581456874474,32.64687709287536,341.7391708099286,0.095531562903666,27
old_model_edu1,205939248,hours_0,1.5709438867755718,0.09383737769701109,10.656734272383432,16.741131558192475,325.73507989342164,0.05139492978057525,28
old_model_edu1,205939248,hours_1,0.053780810707739615,0.0003774710394068248,2649.2091595967977,142.47661633748532,325.73507989342164,0.43740028364185624,28
old_model_edu1,205939248,hours_2,0.05212336637352168,0.0006603871856662427,1514.2629510062923,78.92848258115109,325.73507989342164,0.24230881920048636,28
old_model_edu1,205939248,hours_3,0.051312507075072976,0.001228700509100839,813.8679126494437,41.761603025999456,325.73507989342164,0.12820726290721765,28
old_model_edu1,205939248,hours_4,0.5998459489138044,0.061082580566403206,16.371279489015148,9.820245680021394,325.73507989342164,0.03014795238889994,28
old_model_edu1,205939248,work_work,0.3062823726915608,0.08657059463138579,11.551266375180099,3.5379492729824054,325.73507989342164,0.010861431547808725,28
old_model_edu1,205939248,nowork_nowork,3.126057555356625,0.09627806830509002,10.386581456874474,32.46905143758947,325.73507989342164,0.09967932053315574,28
old_model_edu1,571904914,hours_0,1.583073645379644,0.09383737769701109,10.656734272383432,16.870395172424224,349.49318263441046,0.048271027907493144,29
old_model_edu1,571904914,hours_1,0.06272451737539322,0.0003774710394068248,2649.2091595967977,166.17036596218023,349.49318263441046,0.47546096524579073,29
old_model_edu1,571904914,hours_2,0.0512332778906746,0.0006603871856662427,1514.2629510062923,77.58065456845834,349.49318263441046,0.22198045176066303,29
old_model_edu1,571904914,hours_3,0.052864171108024306,0.001228700509100839,813.8679126494437,43.02445259363077,349.49318263441046,0.12310526994924753,29
old_model_edu1,571904914,hours_4,0.5915268482789459,0.061082580566403206,16.371279489015148,9.684051358430882,349.49318263441046,0.02770884194488264,29
old_model_edu1,571904914,work_work,0.30564127474608793,0.08657059463138579,11.551266375180099,3.530543779841668,349.49318263441046,0.010101895989012224,29
old_model_edu1,571904914,nowork_nowork,3.1418151713281945,0.09627806830509002,10.386581456874474,32.632719199444324,349.49318263441046,0.09337154720291063,29
old_model_edu1,948843457,hours_0,1.5700290533540224,0.09383737769701109,10.656734272383432,16.731382421515526,325.04606070845335,0.0514738815325086,30
old_model_edu1,948843457,hours_1,0.053345508609057166,0.0003774710394068248,2649.2091595967977,141.32341003046406,325.04606070845335,0.4347796423757389,30
old_model_edu1,948843457,hours_2,0.05125669019279541,0.0006603871856662427,1514.2629510062923,77.61610695015766,325.04606070845335,0.23878494875769193,30
old_model_edu1,948843457,hours_3,0.053440887241860614,0.001228700509100839,813.8679126494437,43.49382334966739,325.04606070845335,0.13380818476886178,30
old_model_edu1,948843457,hours_4,0.6060639699648938,0.061082580566403206,16.371279489015148,9.922042640517358,325.04606070845335,0.030525035802285355,30
old_model_edu1,948843457,work_work,0.31209874721965913,0.08657059463138579,11.551266375180099,3.605135764494282,325.04606070845335,0.011091153532630781,30
old_model_edu1,948843457,nowork_nowork,3.1149959865017145,0.09627806830509002,10.386581456874474,32.35415955163712,325.04606070845335,0.09953715323028277,30
old_model_edu1,155492488,hours_0,1.5546113341501817,0.09383737769701109,10.656734272383432,16.567079884873973,331.67321037534083,0.04995000912532458,31
old_model_edu1,155492488,hours_1,0.05571110380396076,0.0003774710394068248,2649.2091595967977,147.59036648870082,331.67321037534083,0.4449873003661614,31
old_model_edu1,155492488,hours_2,0.050817167223735006,0.0006603871856662427,1514.2629510062923,76.9505536019932,331.67321037534083,0.23200714195430935,31
old_model_edu1,155492488,hours_3,0.055249972127920495,0.001228700509100839,813.8679126494437,44.966179489690596,331.67321037534083,0.1355737457324462,31
old_model_edu1,155492488,hours_4,0.5918391134501413,0.061082580566403206,16.371279489015148,9.689163538823207,331.67321037534083,0.029212982042952404,31
old_model_edu1,155492488,work_work,0.3074906263463072,0.08657059463138579,11.551266375180099,3.551906132797166,331.67321037534083,0.010709053434787877,31
old_model_edu1,155492488,nowork_nowork,3.115362005565878,0.09627806830509002,10.386581456874474,32.35796123846182,331.67321037534083,0.0975597673440181,31
old_model_edu1,1903701130,hours_0,1.5595305185019965,0.09383737769701109,10.656734272383432,16.61950232534813,336.87610692742794,0.04933416761708307,32
old_model_edu1,1903701130,hours_1,0.058663519440859305,0.0003774710394068248,2649.2091595967977,155.4119330369093,336.87610692742794,0.461332608163835,32
old_model_edu1,1903701130,hours_2,0.05018322444241393,0.0006603871856662427,1514.2629510062923,75.99059753518081,336.87610692742794,0.2255743164104874,32
old_model_edu1,1903701130,hours_3,0.05342708959154036,0.001228700509100839,813.8679126494437,43.48259388480177,336.87610692742794,0.12907592135695475,32
old_model_edu1,1903701130,hours_4,0.589281786308463,0.061082580566403206,16.371279489015148,9.647296821441946,336.87610692742794,0.02863752169731714,32
old_model_edu1,1903701130,work_work,0.307706125275753,0.08657059463138579,11.551266375180099,3.55439541833476,336.87610692742794,0.010551046349809757,32
old_model_edu1,1903701130,nowork_nowork,3.097245040534418,0.09627806830509002,10.386581456874474,32.16978790541121,336.87610692742794,0.09549441840451285,32
old_model_edu1,1017961266,hours_0,1.5644340702390176,0.09383737769701109,10.656734272383432,16.67175817320045,341.60745314717093,0.048803847865748824,33
old_model_edu1,1017961266,hours_1,0.056107201272558326,0.0003774710394068248,2649.2091595967977,148.63971153060263,341.60745314717093,0.43511846758965717,33
old_model_edu1,1017961266,hours_2,0.05484339071843092,0.0006603871856662427,1514.2629510062923,83.0473146724823,341.60745314717093,0.24310744366781703,33
old_model_edu1,1017961266,hours_3,0.05921834139003135,0.001228700509100839,813.8679126494437,48.19590789766697,341.60745314717093,0.1410856450983324,33
old_model_edu1,1017961266,hours_4,0.5731511649615645,0.061082580566403206,16.371279489015148,9.383217911040399,341.60745314717093,0.027467837204939238,33
old_model_edu1,1017961266,work_work,0.3024302245559805,0.08657059463138579,11.551266375180099,3.4934520837516643,341.60745314717093,0.010226510140710013,33
old_model_edu1,1017961266,nowork_nowork,3.097851878601543,0.09627806830509002,10.386581456874474,32.17609087842654,341.60745314717093,0.09419024843279539,33
old_model_edu1,1497769985,hours_0,1.5717622520655927,0.09383737769701109,10.656734272383432,16.74985265962597,334.5070567907024,0.050073241564246515,34
old_model_edu1,1497769985,hours_1,0.05721748597452202,0.0003774710394068248,2649.2091595967977,151.58108793280502,334.5070567907024,0.45314765370599563,34
old_model_edu1,1497769985,hours_2,0.04973085899633824,0.0006603871856662427,1514.2629510062923,75.30559729987296,334.5070567907024,0.22512409161816543,34
old_model_edu1,1497769985,hours_3,0.05542076063806322,0.001228700509100839,813.8679126494437,45.105178777944964,334.5070567907024,0.1348407391182985,34
old_model_edu1,1497769985,hours_4,0.5964132569792099,0.061082580566403206,16.371279489015148,9.764048120960458,334.5070567907024,0.02918936364044996,34
old_model_edu1,1497769985,work_work,0.31230591222751836,0.08657059463138579,11.551266375180099,3.60752878268368,334.5070567907024,0.010784611892181615,34
old_model_edu1,1497769985,nowork_nowork,3.1188089508862586,0.09627806830509002,10.386581456874474,32.39376321680935,334.5070567907024,0.09684029846066235,34
old_model_edu1,456523489,hours_0,1.5860420719065456,0.09383737769701109,10.656734272383432,16.90202890512851,331.8502498981432,0.050932699042162397,35
old_model_edu1,456523489,hours_1,0.05515096800706862,0.0003774710394068248,2649.2091595967977,146.10644960495614,331.8502498981432,0.4402782569842918,35
old_model_edu1,456523489,hours_2,0.05367194485703184,0.0006603871856662427,1514.2629510062923,81.27343760545602,331.8502498981432,0.24490997861355165,35
old_model_edu1,456523489,hours_3,0.05060220148408884,0.001228700509100839,813.8679126494437,41.18350809732197,331.8502498981432,0.12410268821543052,35
old_model_edu1,456523489,hours_4,0.6065315636699009,0.061082580566403206,16.371279489015148,9.929697747749334,331.8502498981432,0.029922224710685362,35
old_model_edu1,456523489,work_work,0.3352468106366177,0.08657059463138579,11.551266375180099,3.872525211093132,331.8502498981432,0.011669496142557523,35
old_model_edu1,456523489,nowork_nowork,3.136990054111878,0.09627806830509002,10.386581456874474,32.58260272643808,331.8502498981432,0.09818465629132073,35
old_model_edu1,701095136,hours_0,1.5433133528433882,0.09383737769701109,10.656734272383432,16.44668030027312,325.03375051719655,0.050599915467556884,36
old_model_edu1,701095136,hours_1,0.05413969687438247,0.0003774710394068248,2649.2091595967977,143.42738085740817,325.03375051719655,0.44126919321204416,36
old_model_edu1,701095136,hours_2,0.05010182623981409,0.0006603871856662427,1514.2629510062923,75.86733925270536,325.03375051719655,0.23341372744210281,36
old_model_edu1,701095136,hours_3,0.054099197835151526,0.001228700509100839,813.8679126494437,44.02960121810408,325.03375051719655,0.1354616286710035,36
old_model_edu1,701095136,hours_4,0.5886503216420481,0.061082580566403206,16.371279489015148,9.636958936900632,325.03375051719655,0.029649102351882593,36
old_model_edu1,701095136,work_work,0.30115380071839914,0.08657059463138579,11.551266375180099,3.4787077719961323,325.03375051719655,0.010702604780152159,36
old_model_edu1,701095136,nowork_nowork,3.0950589771317065,0.09627806830509002,10.386581456874474,32.14708217980906,325.03375051719655,0.09890382807525785,36
old_model_edu1,249069576,hours_0,1.555253962065003,0.09383737769701109,10.656734272383432,16.57392819979824,331.89859378821444,0.049936723173868325,37
old_model_edu1,249069576,hours_1,0.058334949334268575,0.0003774710394068248,2649.2091595967977,154.54148210095943,331.89859378821444,0.4656286136589444,37
old_model_edu1,249069576,hours_2,0.04792008199700783,0.0006603871856662427,1514.2629510062923,72.56360477725256,331.89859378821444,0.21863185363043638,37
old_model_edu1,249069576,hours_3,0.05242861875106214,0.001228700509100839,813.8679126494437,42.66997050602043,331.89859378821444,0.12856327596629794,37
old_model_edu1,249069576,hours_4,0.5897090934369442,0.061082580566403206,16.371279489015148,9.654292385869962,331.89859378821444,0.02908807860761952,37
old_model_edu1,249069576,work_work,0.30738067295080784,0.08657059463138579,11.551266375180099,3.5506360318368975,331.89859378821444,0.010697954430329915,37
old_model_edu1,249069576,nowork_nowork,3.1140832930231515,0.09627806830509002,10.386581456874474,32.34467978647687,331.89859378821444,0.09745350053250335,37
old_model_edu1,1576098728,hours_0,1.563468023282606,0.09383737769701109,10.656734272383432,16.661463267491325,339.6053862499061,0.04906124561649509,38
old_model_edu1,1576098728,hours_1,0.0589159214277825,0.0003774710394068248,2649.2091595967977,156.08059869256664,339.6053862499061,0.45959400236871184,38
old_model_edu1,1576098728,hours_2,0.05245704683985305,0.0006603871856662427,1514.2629510062923,79.43376254879118,339.6053862499061,0.23390018464058784,38
old_model_edu1,1576098728,hours_3,0.05167181060346866,0.001228700509100839,813.8679126494437,42.05402863866243,339.6053862499061,0.12383204254515578,38
old_model_edu1,1576098728,hours_4,0.5851657118342061,0.061082580566403206,16.371279489015148,9.579911415826286,339.6053862499061,0.028208950163048058,38
old_model_edu1,1576098728,work_work,0.2988568133244621,0.08657059463138579,11.551266375180099,3.452174658748335,339.6053862499061,0.010165252962766545,38
old_model_edu1,1576098728,nowork_nowork,3.113964605400849,0.09627806830509002,10.386581456874474,32.3434470278199,339.6053862499061,0.09523832170323489,38
old_model_edu1,1662748500,hours_0,1.5539567718761436,0.09383737769701109,10.656734272383432,16.56010438865482,320.5263408363002,0.051665346272156853,39
old_model_edu1,1662748500,hours_1,0.05434764084259479,0.0003774710394068248,2649.2091595967977,143.97826792267912,320.5263408363002,0.4491932474161678,39
old_model_edu1,1662748500,hours_2,0.04829731806633066,0.0006603871856662427,1514.2629510062923,73.13483938081139,320.5263408363002,0.22817107383434343,39
old_model_edu1,1662748500,hours_3,0.0503601501904456,0.001228700509100839,813.8679126494437,40.98651031621045,320.5263408363002,0.1278725180878134,39
old_model_edu1,1662748500,hours_4,0.6129872432052791,0.061082580566403206,16.371279489015148,10.035385481714526,320.5263408363002,0.031309081979130744,39
old_model_edu1,1662748500,work_work,0.29859790762120825,0.08657059463138579,11.551266375180099,3.449183970003996,320.5263408363002,0.010761000050743316,39
old_model_edu1,1662748500,nowork_nowork,3.1176811649412777,0.09627806830509002,10.386581456874474,32.38204937622588,320.5263408363002,0.10102773235964434,39
old_model_edu1,472736216,hours_0,1.5705736690929313,0.09383737769701109,10.656734272383432,16.737186246725635,333.84996857427825,0.050133855989870434,40
old_model_edu1,472736216,hours_1,0.05733999572477875,0.0003774710394068248,2649.2091595967977,151.90564188532508,333.84996857427825,0.45501170041754135,40
old_model_edu1,472736216,hours_2,0.05100588327831886,0.0006603871856662427,1514.2629510062923,77.23631933170962,333.84996857427825,0.23135038670679198,40
old_model_edu1,472736216,hours_3,0.052111128151754775,0.001228700509100839,813.8679126494437,42.41157509467632,333.84996857427825,0.12703782862642438,40
old_model_edu1,472736216,hours_4,0.5923426092273385,0.061082580566403206,16.371279489015148,9.697406408913242,333.84996857427825,0.02904719880707632,40
old_model_edu1,472736216,work_work,0.29950826662956126,0.08657059463138579,11.551266375180099,3.4596997694065266,333.84996857427825,0.010363037576973077,40
old_model_edu1,472736216,nowork_nowork,3.119615435748215,0.09627806830509002,10.386581456874474,32.40213983752179,333.84996857427825,0.09705599187532239,40
old_model_edu1,1535411295,hours_0,1.5609982645125837,0.09383737769701109,10.656734272383432,16.635143704562307,326.7218024457856,0.050915315660094794,41
old_model_edu1,1535411295,hours_1,0.05530733864716423,0.0003774710394068248,2649.2091595967977,146.52070813698944,326.7218024457856,0.44845708807970436,41
old_model_edu1,1535411295,hours_2,0.049296251126092504,0.0006603871856662427,1514.2629510062923,74.6474867037441,326.7218024457856,0.22847415184706163,41
old_model_edu1,1535411295,hours_3,0.05321622032054724,0.001228700509100839,813.8679126494437,43.3109741513767,326.7218024457856,0.1325622404968321,41
old_model_edu1,1535411295,hours_4,0.5906739973559485,0.061082580566403206,16.371279489015148,9.670089097608027,326.7218024457856,0.02959731804005528,41
old_model_edu1,1535411295,work_work,0.3150175144902508,0.08657059463138579,11.551266375180099,3.6388512227240435,326.7218024457856,0.011137460663733495,41
old_model_edu1,1535411295,nowork_nowork,3.109641951289361,0.09627806830509002,10.386581456874474,32.29854942878103,326.7218024457856,0.09885642521251845,41
old_model_edu1,175223003,hours_0,1.5714995840216806,0.09383737769701109,10.656734272383432,16.74705347608015,331.47730647812506,0.05052247363179695,42
old_model_edu1,175223003,hours_1,0.05719305960745257,0.0003774710394068248,2649.2091595967977,151.516377377429,331.47730647812506,0.45709426985291346,42
old_model_edu1,175223003,hours_2,0.04849186604682518,0.0006603871856662427,1514.2629510062923,73.42943617986732,331.47730647812506,0.2215217595437807,42
old_model_edu1,175223003,hours_3,0.05382353563740766,0.001228700509100839,813.8679126494437,43.805248600629916,331.47730647812506,0.13215157642630573,42
old_model_edu1,175223003,hours_4,0.6126554264039933,0.061082580566403206,16.371279489015148,10.029953216121525,331.47730647812506,0.03025834052619655,42
old_model_edu1,175223003,work_work,0.3124093517251809,0.08657059463138579,11.551266375180099,3.608723639874895,331.47730647812506,0.010886789440329434,42
old_model_edu1,175223003,nowork_nowork,3.1136822180042123,0.09627806830509002,10.386581456874474,32.34051398812233,331.47730647812506,0.09756479057867738,42
old_model_edu1,840936862,hours_0,1.568771244365112,0.09383737769701109,10.656734272383432,16.717978285355294,338.34173761120053,0.04941151630712042,43
old_model_edu1,840936862,hours_1,0.056996981141890654,0.0003774710394068248,2649.2091595967977,150.99692451046266,338.34173761120053,0.44628524277420994,43
old_model_edu1,840936862,hours_2,0.05232796159771682,0.0006603871856662427,1514.2629510062923,79.23829354910261,338.34173761120053,0.23419603537107178,43
old_model_edu1,840936862,hours_3,0.05652294028740787,0.001228700509100839,813.8679126494437,46.00220742852179,338.34173761120053,0.13596373818173277,43
old_model_edu1,840936862,hours_4,0.5888771957912042,0.061082580566403206,16.371279489015148,9.640673157005299,338.34173761120053,0.028493892669203318,43
old_model_edu1,840936862,work_work,0.2999466807624764,0.08657059463138579,11.551266375180099,3.4647640078384727,338.34173761120053,0.010240427421992925,43
old_model_edu1,840936862,nowork_nowork,3.1079423780524893,0.09627806830509002,10.386581456874474,32.28089667291434,338.34173761120053,0.09540914727466868,43
old_model_edu1,343373188,hours_0,1.5638850440893315,0.09383737769701109,10.656734272383432,16.665907347414652,340.03604862404893,0.04901217801716321,44
old_model_edu1,343373188,hours_1,0.05833587979355611,0.0003774710394068248,2649.2091595967977,154.5439470822266,340.03604862404893,0.45449283306163124,44
old_model_edu1,343373188,hours_2,0.051641377828622936,0.0006603871856662427,1514.2629510062923,78.19862518480149,340.03604862404893,0.22997157360589007,44
old_model_edu1,343373188,hours_3,0.05556617298858795,0.001228700509100839,813.8679126494437,45.223525224139976,340.03604862404893,0.13299626732852687,44
old_model_edu1,343373188,hours_4,0.5833991624013005,0.061082580566403206,16.371279489015148,9.550990741329029,340.03604862404893,0.02808817118060564,44
old_model_edu1,343373188,work_work,0.3127232253007386,0.08657059463138579,11.551266375180099,3.612349277154292,340.03604862404893,0.010623430344434399,44
old_model_edu1,343373188,nowork_nowork,3.104072682705821,0.09627806830509002,10.386581456874474,32.24070376698288,340.03604862404893,0.0948155464617485,44
old_model_edu1,1597751082,hours_0,1.5773701963007256,0.09383737769701109,10.656734272383432,16.809615031154124,339.4766707401414,0.04951625981987242,45
old_model_edu1,1597751082,hours_1,0.058225991514598494,0.0003774710394068248,2649.2091595967977,154.25283004707975,339.4766707401414,0.454384184075952,45
old_model_edu1,1597751082,hours_2,0.052648115389710703,0.0006603871856662427,1514.2629510062923,79.72309057494311,339.4766707401414,0.23484114652452392,45
old_model_edu1,1597751082,hours_3,0.05261011813640212,0.001228700509100839,813.8679126494437,42.81768703191424,339.4766707401414,0.12612851109491943,45
old_model_edu1,1597751082,hours_4,0.5962791272212842,0.061082580566403206,16.371279489015148,9.761852245205663,339.4766707401414,0.02875559084493924,45
old_model_edu1,1597751082,work_work,0.31201396169688733,0.08657059463138579,11.551266375180099,3.604156384335986,339.4766707401414,0.010616801373944346,45
old_model_edu1,1597751082,nowork_nowork,3.129753476683431,0.09627806830509002,10.386581456874474,32.50743942550854,339.4766707401414,0.09575750626584867,45
old_model_edu1,730359585,hours_0,1.56469275040798,0.09383737769701109,10.656734272383432,16.674514859022615,334.59372905011463,0.04983510870439878,46
old_model_edu1,730359585,hours_1,0.056547456004357705,0.0003774710394068248,2649.2091595967977,149.80603839864136,334.59372905011463,0.4477251824890113,46
old_model_edu1,730359585,hours_2,0.05378272494641821,0.0006603871856662427,1514.2629510062923,81.44118779052297,334.59372905011463,0.24340321028050382,46
old_model_edu1,730359585,hours_3,0.05038663146031899,0.001228700509100839,813.8679126494437,41.00806257204661,334.59372905011463,0.12256076253570349,46
old_model_edu1,730359585,hours_4,0.6010019831178411,0.061082580566403206,16.371279489015148,9.83917143907454,334.59372905011463,0.029406323504648987,46
old_model_edu1,730359585,work_work,0.31317551924870124,0.08657059463138579,11.551266375180099,3.6175738450270902,334.59372905011463,0.01081183994481038,46
old_model_edu1,730359585,nowork_nowork,3.1008450932104106,0.09627806830509002,10.386581456874474,32.20718014577945,334.59372905011463,0.09625757254092332,46
old_model_edu1,1016641002,hours_0,1.5730949141921537,0.09383737769701109,10.656734272383432,16.7640544857836,334.41972475778937,0.05012878501088811,47
old_model_edu1,1016641002,hours_1,0.05565489563409002,0.0003774710394068248,2649.2091595967977,147.44145929023512,334.41972475778937,0.44088744883999514,47
old_model_edu1,1016641002,hours_2,0.05334004281413245,0.0006603871856662427,1514.2629510062923,80.77085063853018,334.41972475778937,0.24152537861524223,47
old_model_edu1,1016641002,hours_3,0.054017287882881654,0.001228700509100839,813.8679126494437,43.96293733622498,334.41972475778937,0.1314603597860924,47
old_model_edu1,1016641002,hours_4,0.5816118446286063,0.061082580566403206,16.371279489015148,9.521730062536566,334.41972475778937,0.02847239369457912,47
old_model_edu1,1016641002,work_work,0.30929815236499963,0.08657059463138579,11.551266375180099,3.5727853473191513,334.41972475778937,0.010683536534535508,47
old_model_edu1,1016641002,nowork_nowork,3.1180526270002753,0.09627806830509002,10.386581456874474,32.3859075971598,334.41972475778937,0.09684209751866756,47
old_model_edu1,998994690,hours_0,1.5792418486241835,0.09383737769701109,10.656734272383432,16.829560732615505,335.35969714069586,0.05018361143603633,48
old_model_edu1,998994690,hours_1,0.0582063888571997,0.0003774710394068248,2649.2091595967977,154.2008985075464,335.35969714069586,0.45980748379210695,48
old_model_edu1,998994690,hours_2,0.049385381266738665,0.0006603871856662427,1514.2629510062923,74.78245317354255,335.35969714069586,0.2229917721513463,48
old_model_edu1,998994690,hours_3,0.05318266711848037,0.001228700509100839,813.8679126494437,43.283666276847825,335.35969714069586,0.12906639243143375,48
old_model_edu1,998994690,hours_4,0.6147217883440531,0.061082580566403206,16.371279489015148,10.063782204967708,335.35969714069586,0.030008919648879508,48
old_model_edu1,998994690,work_work,0.3134838223187125,0.08657059463138579,11.551266375180099,3.6211351359130766,335.35969714069586,0.01079776480831528,48
old_model_edu1,998994690,nowork_nowork,3.1365662749123824,0.09627806830509002,10.386581456874474,32.57820110926279,335.35969714069586,0.0971440557318819,48
old_model_edu1,1021240743,hours_0,1.5845399943973484,0.09383737769701109,10.656734272383432,16.88602166425647,330.3626537521307,0.0511135912987488,49
old_model_edu1,1021240743,hours_1,0.05858957277728086,0.0003774710394068248,2649.2091595967977,155.21603285843563,330.3626537521307,0.46983528887285597,49
old_model_edu1,1021240743,hours_2,0.046035250933310304,0.0006603871856662427,1514.2629510062923,69.70947492858963,330.3626537521307,0.21100894467596892,49
old_model_edu1,1021240743,hours_3,0.05207208912572403,0.001228700509100839,813.8679126494437,42.37980248404882,330.3626537521307,0.12828266755553475,49
old_model_edu1,1021240743,hours_4,0.6055652111351376,0.061082580566403206,16.371279489015148,9.913877320317805,330.3626537521307,0.030009073991021193,49
old_model_edu1,1021240743,work_work,0.3034659286988237,0.08657059463138579,11.551266375180099,3.505415778191524,330.3626537521307,0.010610811295945146,49
old_model_edu1,1021240743,nowork_nowork,3.153302061345077,0.09627806830509002,10.386581456874474,32.75202871829083,330.3626537521307,0.0991396223099252,49
old_model_edu1,572134801,hours_0,1.5906134060704111,0.09383737769701109,10.656734272383432,16.950744398583094,338.5819982157312,0.0500639268712176,50
old_model_edu1,572134801,hours_1,0.05536243893722241,0.0003774710394068248,2649.2091595967977,146.66668033010802,338.5819982157312,0.43317920356964096,50
old_model_edu1,572134801,hours_2,0.05534350586173464,0.0006603871856662427,1514.2629510062923,83.80462050522434,338.5819982157312,0.24751646852715223,50
old_model_edu1,572134801,hours_3,0.05556623017416526,0.001228700509100839,813.8679126494437,45.22357176564642,338.5819982157312,0.13356756119335006,50
old_model_edu1,572134801,hours_4,0.5928580670865573,0.061082580566403206,16.371279489015148,9.705845113591321,338.5819982157312,0.028666158167709604,50
old_model_edu1,572134801,work_work,0.30895372143369804,0.08657059463138579,11.551266375180099,3.568806733883835,338.5819982157312,0.010540450327220088,50
old_model_edu1,572134801,nowork_nowork,3.1446082143876763,0.09627806830509002,10.386581456874474,32.66172936869419,338.5819982157312,0.09646623134370959,50
old_model_edu1,1198399760,hours_0,1.583497807366475,0.09383737769701109,10.656734272383432,16.87491535400633,328.132504376868,0.051427137296416965,51
old_model_edu1,1198399760,hours_1,0.05478451120292299,0.0003774710394068248,2649.2091595967977,145.13562888281697,328.132504376868,0.4423079912745409,51
old_model_edu1,1198399760,hours_2,0.051189186889194584,0.0006603871856662427,1514.2629510062923,77.5138891984444,328.132504376868,0.23622740254168131,51
old_model_edu1,1198399760,hours_3,0.0519903751699061,0.001228700509100839,813.8679126494437,42.31329811739295,328.132504376868,0.12895186411887777,51
old_model_edu1,1198399760,hours_4,0.6117918886218348,0.061082580566403206,16.371279489015148,10.015815997740484,328.132504376868,0.030523693520581797,51
old_model_edu1,1198399760,work_work,0.3215190826562264,0.08657059463138579,11.551266375180099,3.713952568465619,328.132504376868,0.0113184537311185,51
old_model_edu1,1198399760,nowork_nowork,3.135295707563883,0.09627806830509002,10.386581456874474,32.56500425800116,328.132504376868,0.09924345751678254,51
old_model_edu1,1751866485,hours_0,1.5534225580597871,0.09383737769701109,10.656734272383432,16.554411413969273,331.75126932714295,0.049900069553749975,52
old_model_edu1,1751866485,hours_1,0.054350131250321135,0.0003774710394068248,2649.2091595967977,143.9848655336389,331.75126932714295,0.4340145128175956,52
old_model_edu1,1751866485,hours_2,0.05291614653688518,0.0006603871856662427,1514.2629510062923,80.12896021082514,331.75126932714295,0.24153324378635382,52
old_model_edu1,1751866485,hours_3,0.05635970491695252,0.001228700509100839,813.8679126494437,45.86935539829874,331.75126932714295,0.13826429508869956,52
old_model_edu1,1751866485,hours_4,0.5812990679148458,0.061082580566403206,16.371279489015148,9.516609507537938,331.75126932714295,0.028685977680927944,52
old_model_edu1,1751866485,work_work,0.30123451698933396,0.08657059463138579,11.551266375180099,3.4796401471425114,331.75126932714295,0.010488701834358941,52
old_model_edu1,1751866485,nowork_nowork,3.1018316516843005,0.09627806830509002,10.386581456874474,32.21742711573048,331.75126932714295,0.09711319923831424,52
old_model_edu1,1070889713,hours_0,1.6034420618482557,0.09383737769701109,10.656734272383432,17.08745597427946,341.001491642235,0.05010962237140865,53
old_model_edu1,1070889713,hours_1,0.05862246847219331,0.0003774710394068248,2649.2091595967977,155.303180434709,341.001491642235,0.45543255452280196,53
old_model_edu1,1070889713,hours_2,0.05154970813430822,0.0006603871856662427,1514.2629510062923,78.05981316297063,341.001491642235,0.2289134067626538,53
old_model_edu1,1070889713,hours_3,0.05415943486895582,0.001228700509100839,813.8679126494437,44.07862620707058,341.001491642235,0.1292622680176311,53
old_model_edu1,1070889713,hours_4,0.6008392199261291,0.061082580566403206,16.371279489015148,9.836506797372499,341.001491642235,0.02884593480808748,53
old_model_edu1,1070889713,work_work,0.3139772124573424,0.08657059463138579,11.551266375180099,3.626834416831277,341.001491642235,0.010635831530720709,53
old_model_edu1,1070889713,nowork_nowork,3.178049947045294,0.09627806830509002,10.386581456874474,33.009074649001555,341.001491642235,0.09680038198669624,53
old_model_edu1,415096539,hours_0,1.5677853970319415,0.09383737769701109,10.656734272383432,16.707472372292557,333.2560374538095,0.05013404258162397,54
old_model_edu1,415096539,hours_1,0.05657521466977476,0.0003774710394068248,2649.2091595967977,149.87957690932242,333.2560374538095,0.44974302057497245,54
old_model_edu1,415096539,hours_2,0.05154997167165966,0.0006603871856662427,1514.2629510062923,78.06021222781813,333.2560374538095,0.23423495287354715,54
old_model_edu1,415096539,hours_3,0.052889765822768886,0.001228700509100839,813.8679126494437,43.0452833106948,333.2560374538095,0.12916580188486768,54
old_model_edu1,415096539,hours_4,0.5988005389937947,0.061082580566403206,16.371279489015148,9.803130982040326,333.2560374538095,0.029416214202568125,54
old_model_edu1,415096539,work_work,0.3058612819821365,0.08657059463138579,11.551266375180099,3.5330851420297322,333.2560374538095,0.010601713832474621,54
old_model_edu1,415096539,nowork_nowork,3.102779932302126,0.09627806830509002,10.386581456874474,32.2272765096115,333.2560374538095,0.09670425404994597,54
old_model_edu1,52416235,hours_0,1.5664728771682426,0.09383737769701109,10.656734272383432,16.69348519687789,338.2854033314211,0.04934734112817496,55
old_model_edu1,52416235,hours_1,0.05657957013628872,0.0003774710394068248,2649.2091595967977,149.89111545110552,338.2854033314211,0.44309069789882694,55
old_model_edu1,52416235,hours_2,0.0549335409690928,0.0006603871856662427,1514.2629510062923,83.18382585708352,338.2854033314211,0.24589835989934103,55
old_model_edu1,52416235,hours_3,0.052851304445292055,0.001228700509100839,813.8679126494437,43.01398082969011,338.2854033314211,0.12715293183238222,55
old_model_edu1,52416235,hours_4,0.5903641531247311,0.061082580566403206,16.371279489015148,9.665016551100708,338.2854033314211,0.028570598837313145,55
old_model_edu1,52416235,work_work,0.31508225548137025,0.08657059463138579,11.551266375180099,3.6395990631578576,338.2854033314211,0.010758959823022904,55
old_model_edu1,52416235,nowork_nowork,3.099997868990342,0.09627806830509002,10.386581456874474,32.19838038240547,338.2854033314211,0.09518111058093878,55
old_model_edu1,278032723,hours_0,1.584248409895636,0.09383737769701109,10.656734272383432,16.88291432570378,334.04806265923503,0.05054037491283453,56
old_model_edu1,278032723,hours_1,0.05409744253643317,0.0003774710394068248,2649.2091595967977,143.31544027828016,334.04806265923503,0.42902640756961175,56
old_model_edu1,278032723,hours_2,0.05379279453820265,0.0006603871856662427,1514.2629510062923,81.4564358002939,334.04806265923503,0.24384645476417036,56
old_model_edu1,278032723,hours_3,0.05676980052349543,0.001228700509100839,813.8679126494437,46.203119053582526,334.04806265923503,0.13831278854239212,56
old_model_edu1,278032723,hours_4,0.5920264507599031,0.061082580566403206,16.371279489015148,9.69223049028004,334.04806265923503,0.029014478973845022,56
old_model_edu1,278032723,work_work,0.3095734145328346,0.08657059463138579,11.551266375180099,3.5759649739428223,334.04806265923503,0.010704941514930118,56
old_model_edu1,278032723,nowork_nowork,3.169662499046983,0.09627806830509002,10.386581456874474,32.9219577371518,334.04806265923503,0.09855455372221614,56
old_model_edu1,174946158,hours_0,1.561243300280252,0.09383737769701109,10.656734272383432,16.637754985625577,325.24439874484045,0.05115462418363788,57
old_model_edu1,174946158,hours_1,0.055879796991126586,0.0003774710394068248,2649.2091595967977,148.03727002530212,325.24439874484045,0.45515701606729214,57
old_model_edu1,174946158,hours_2,0.048024295254925464,0.0006603871856662427,1514.2629510062923,72.72141105272091,325.24439874484045,0.2235900490011883,57
old_model_edu1,174946158,hours_3,0.05179354095220613,0.001228700509100839,813.8679126494437,42.153101063495484,325.24439874484045,0.12960438742733055,57
old_model_edu1,174946158,hours_4,0.6036634648945158,0.061082580566403206,16.371279489015148,9.882743301095402,325.24439874484045,0.030385591079305798,57
old_model_edu1,174946158,work_work,0.3016625022309923,0.08657059463138579,11.551266375180099,3.4845839186735525,325.24439874484045,0.0107137399817522,57
old_model_edu1,174946158,nowork_nowork,3.1124325681315606,0.09627806830509002,10.386581456874474,32.327534397927465,325.24439874484045,0.09939459225949328,57
old_model_edu1,196848554,hours_0,1.578488919443505,0.09383737769701109,10.656734272383432,16.821536966411088,338.53042154187835,0.04968988278747692,58
old_model_edu1,196848554,hours_1,0.06130396086527866,0.0003774710394068248,2649.2091595967977,162.40701464385984,338.53042154187835,0.47974127082628837,58
old_model_edu1,196848554,hours_2,0.04647290982671025,0.0006603871856662427,1514.2629510062923,70.37220557604358,338.53042154187835,0.20787557365014564,58
old_model_edu1,196848554,hours_3,0.052514004318597755,0.001228700509100839,813.8679126494437,42.73946307964103,338.53042154187835,0.12624999220152475,58
old_model_edu1,196848554,hours_4,0.6118485867095412,0.061082580566403206,16.371279489015148,10.016744217980818,338.53042154187835,0.029588904218292487,58
old_model_edu1,196848554,work_work,0.31854267747364273,0.08657059463138579,11.551266375180099,3.6795713193611284,338.53042154187835,0.010869248626466328,58
old_model_edu1,196848554,nowork_nowork,3.128448553886267,0.09627806830509002,10.386581456874474,32.493885738580865,338.53042154187835,0.09598512768980547,58
old_model_edu1,263030910,hours_0,1.545044489358299,0.09383737769701109,10.656734272383432,16.465128562101743,329.71551614613423,0.049937378606119895,59
old_model_edu1,263030910,hours_1,0.05542493790252363,0.0003774710394068248,2649.2091595967977,146.83225316144933,329.71551614613423,0.445330128462536,59
old_model_edu1,263030910,hours_2,0.05124014657863039,0.0006603871856662427,1514.2629510062923,77.59105556815182,329.71551614613423,0.2353272799383892,59
old_model_edu1,263030910,hours_3,0.053546935148197604,0.001228700509100839,813.8679126494437,43.58013233783871,329.71551614613423,0.13217495144669936,59
old_model_edu1,263030910,hours_4,0.5902326118125263,0.061082580566403206,16.371279489015148,9.662863051514252,329.71551614613423,0.02930666765233925,59
old_model_edu1,263030910,work_work,0.29325187843566924,0.08657059463138579,11.551266375180099,3.387430562832348,329.71551614613423,0.010273797855879474,59
old_model_edu1,263030910,nowork_nowork,3.0998315505373863,0.09627806830509002,10.386581456874474,32.196652902246065,329.71551614613423,0.09764979603803689,59
old_model_edu1,1285415020,hours_0,1.548887910170785,0.09383737769701109,10.656734272383432,16.506086876397355,329.7175617321757,0.050061291214463684,60
old_model_edu1,1285415020,hours_1,0.057368088515063566,0.0003774710394068248,2649.2091595967977,151.98006556266625,329.7175617321757,0.4609401597058917,60
old_model_edu1,1285415020,hours_2,0.048948691362798814,0.0006603871856662427,1514.2629510062923,74.12118983092795,329.7175617321757,0.22480206829606306,60
old_model_edu1,1285415020,hours_3,0.05146861065804399,0.001228700509100839,813.8679126494437,41.888650723229176,329.7175617321757,0.127044038853031,60
old_model_edu1,1285415020,hours_4,0.5902540372732147,0.061082580566403206,16.371279489015148,9.663213813719363,329.7175617321757,0.029307549658421403,60
old_model_edu1,1285415020,work_work,0.3060752545322081,0.08657059463138579,11.551266375180099,3.5355567959525853,329.7175617321757,0.010722985992552201,60
old_model_edu1,1285415020,nowork_nowork,3.083093148813495,0.09627806830509002,10.386581456874474,32.02279812928298,329.7175617321757,0.09712190627957691,60
old_model_edu1,1733223444,hours_0,1.5689048865866737,0.09383737769701109,10.656734272383432,16.719402474998045,327.7314358164732,0.05101555922868738,61
old_model_edu1,1733223444,hours_1,0.05409525909319533,0.0003774710394068248,2649.2091595967977,143.30965588045504,327.7314358164732,0.4372777226067115,61
old_model_edu1,1733223444,hours_2,0.05047977043742166,0.0006603871856662427,1514.2629510062923,76.43964614869031,327.7314358164732,0.23323867592456363,61
old_model_edu1,1733223444,hours_3,0.056012438385360075,0.001228700509100839,813.8679126494437,45.58672631109858,327.7314358164732,0.13909781403034757,61
old_model_edu1,1733223444,hours_4,0.5960089609026661,0.061082580566403206,16.371279489015148,9.75742927689505,327.7314358164732,0.029772637625031264,61
old_model_edu1,1733223444,work_work,0.30611521984779605,0.08657059463138579,11.551266375180099,3.53601844595871,327.7314358164732,0.01078937831260975,61
old_model_edu1,1733223444,nowork_nowork,3.1177300647793746,0.09627806830509002,10.386581456874474,32.382557278377504,327.7314358164732,0.09880821227204906,61
old_model_edu1,1835544261,hours_0,1.5662010239699489,0.09383737769701109,10.656734272383432,16.69058812958258,342.8672136910841,0.04867945217013499,62
old_model_edu1,1835544261,hours_1,0.06006760905630561,0.0003774710394068248,2649.2091595967977,159.13166010704438,342.8672136910841,0.46412037591444527,62
old_model_edu1,1835544261,hours_2,0.051477505510591874,0.0006603871856662427,1514.2629510062923,77.95047940491152,342.8672136910841,0.22734888695173755,62
old_model_edu1,1835544261,hours_3,0.053795573053286104,0.001228700509100839,813.8679126494437,43.782490750658624,342.8672136910841,0.12769518053162615,62
old_model_edu1,1835544261,hours_4,0.5837826666593018,0.061082580566403206,16.371279489015148,9.557269196721995,342.8672136910841,0.027874549723884905,62
old_model_edu1,1835544261,work_work,0.30478274992375093,0.08657059463138579,11.551266375180099,3.520626730929149,342.8672136910841,0.010268193021515194,62
old_model_edu1,1835544261,nowork_nowork,3.1034368242403088,0.09627806830509002,10.386581456874474,32.2340993712358,342.8672136910841,0.09401336168665582,62
old_model_edu1,1403186970,hours_0,1.5566130334318071,0.09383737769701109,10.656734272383432,16.588411462211475,334.4281045472391,0.04960232479465046,63
old_model_edu1,1403186970,hours_1,0.055543138439854554,0.0003774710394068248,2649.2091595967977,147.14539110761567,334.4281045472391,0.43999110453598517,63
old_model_edu1,1403186970,hours_2,0.053152405602817934,0.0006603871856662427,1514.2629510062923,80.48671856120647,334.4281045472391,0.24066972083632837,63
old_model_edu1,1403186970,hours_3,0.0550728992719203,0.001228700509100839,813.8679126494437,44.82206557399084,334.4281045472391,0.13402601325828337,63
old_model_edu1,1403186970,hours_4,0.5854709648734813,0.061082580566403206,16.371279489015148,9.584908798647133,334.4281045472391,0.02866059600948769,63
old_model_edu1,1403186970,work_work,0.2986177824242373,0.08657059463138579,11.551266375180099,3.449413549147939,334.4281045472391,0.010314365037645027,63
old_model_edu1,1403186970,nowork_nowork,3.1147106127981736,0.09627806830509002,10.386581456874474,32.35119549441964,334.4281045472391,0.09673587552762009,63
old_model_edu1,1291971777,hours_0,1.5799887148868086,0.09383737769701109,10.656734272383432,16.837519887913306,342.3074905736566,0.049188289335112476,64
old_model_edu1,1291971777,hours_1,0.06073112737883843,0.0003774710394068248,2649.2091595967977,160.8894589246586,342.3074905736566,0.4700144266636752,64
old_model_edu1,1291971777,hours_2,0.049022848446885606,0.0006603871856662427,1514.2629510062923,74.23348315591522,342.3074905736566,0.21686198870936454,64
old_model_edu1,1291971777,hours_3,0.054405569600497646,0.001228700509100839,813.8679126494437,44.27894736726105,342.3074905736566,0.12935430449697755,64
old_model_edu1,1291971777,hours_4,0.5962377559850479,0.061082580566403206,16.371279489015148,9.761174945134433,342.3074905736566,0.028515808779925184,64
old_model_edu1,1291971777,work_work,0.32087404613191134,0.08657059463138579,11.551266375180099,3.706501579751535,342.3074905736566,0.01082798852441116,64
old_model_edu1,1291971777,nowork_nowork,3.1387039949939917,0.09627806830509002,10.386581456874474,32.60040471302243,342.3074905736566,0.09523719349053386,64
old_model_edu1,712292067,hours_0,1.516678967570913,0.09383737769701109,10.656734272383432,16.162844733916067,323.4517090663581,0.049969885089091184,65
old_model_edu1,712292067,hours_1,0.05261905165654948,0.0003774710394068248,2649.2091595967977,139.39887361782795,323.4517090663581,0.43097275330590207,65
old_model_edu1,712292067,hours_2,0.0500996238897075,0.0006603871856662427,1514.2629510062923,75.86400431553382,323.4517090663581,0.23454507176516373,65
old_model_edu1,712292067,hours_3,0.0582023185903094,0.001228700509100839,813.8679126494437,47.368999542453025,323.4517090663581,0.14644844412534852,65
old_model_edu1,712292067,hours_4,0.58690117415036,0.061082580566403206,16.371279489015148,9.608323154446696,323.4517090663581,0.029705587836221604,65
old_model_edu1,712292067,work_work,0.29088914037410035,0.08657059463138579,11.551266375180099,3.360137946108389,323.4517090663581,0.010388375921114815,65
old_model_edu1,712292067,nowork_nowork,3.050910050399568,0.09627806830509002,10.386581456874474,31.68852575607212,323.4517090663581,0.09796988195715801,65
old_model_edu1,2001429764,hours_0,1.5642085165518913,0.09383737769701109,10.656734272383432,16.669354507492585,339.1157693627422,0.04915535051294494,66
old_model_edu1,2001429764,hours_1,0.057634780633099444,0.0003774710394068248,2649.2091595967977,152.68658876455916,339.1157693627422,0.4502491554771515,66
old_model_edu1,2001429764,hours_2,0.05263090636019306,0.0006603871856662427,1514.2629510062923,79.69703157912178,339.1157693627422,0.23501423047617762,66
old_model_edu1,2001429764,hours_3,0.05492957868643569,0.001228700509100839,813.8679126494437,44.70542154824279,339.1157693627422,0.13182937977862869,66
old_model_edu1,2001429764,hours_4,0.5900495449332611,0.061082580566403206,16.371279489015148,9.659866012468619,339.1157693627422,0.028485452123389002,66
old_model_edu1,2001429764,work_work,0.31256907981212795,0.08657059463138579,11.551266375180099,3.610568701554818,339.1157693627422,0.01064700915660663,66
old_model_edu1,2001429764,nowork_nowork,3.089268435676237,0.09627806830509002,10.386581456874474,32.08693824930241,339.1157693627422,0.09461942247510159,66
old_model_edu1,1375664061,hours_0,1.5684721505020875,0.09383737769701109,10.656734272383432,16.71479092153454,329.6221986257312,0.05070893583994721,67
old_model_edu1,1375664061,hours_1,0.054281276691998656,0.0003774710394068248,2649.2091595967977,143.802455407051,329.6221986257312,0.4362644749249161,67
old_model_edu1,1375664061,hours_2,0.05273730247009148,0.0006603871856662427,1514.2629510062923,79.85814326647215,329.6221986257312,0.2422717389769823,67
old_model_edu1,1375664061,hours_3,0.053412378347504216,0.001228700509100839,813.8679126494437,43.4706208753256,329.6221986257312,0.13188013749245153,67
old_model_edu1,1375664061,hours_4,0.5927607327268378,0.061082580566403206,16.371279489015148,9.70425162558447,329.6221986257312,0.029440528174509092,67
old_model_edu1,1375664061,work_work,0.3072537596464048,0.08657059463138579,11.551266375180099,3.5491700224511833,329.6221986257312,0.01076738774648209,67
old_model_edu1,1375664061,nowork_nowork,3.131229138513782,0.09627806830509002,10.386581456874474,32.522766507312284,329.6221986257312,0.09866679684471187,67
old_model_edu1,1556456120,hours_0,1.587449749604981,0.09383737769701109,10.656734272383432,16.917030152301898,345.11306022364033,0.04901880601487326,68
old_model_edu1,1556456120,hours_1,0.05845863600878974,0.0003774710394068248,2649.2091595967977,154.86915397202097,345.11306022364033,0.44874903856626747,68
old_model_edu1,1556456120,hours_2,0.05635412183505101,0.0006603871856662427,1514.2629510062923,85.33495883131246,345.11306022364033,0.2472666747993068,68
old_model_edu1,1556456120,hours_3,0.051477552838833804,0.001228700509100839,813.8679126494437,41.89592847724312,345.11306022364033,0.12139769051363544,68
old_model_edu1,1556456120,hours_4,0.589266895332398,0.061082580566403206,16.371279489015148,9.647053037110922,345.11306022364033,0.027953311969299087,68
old_model_edu1,1556456120,work_work,0.3179356802047347,0.08657059463138579,11.551266375180099,3.672559732218965,345.11306022364033,0.010641613301562889,68
old_model_edu1,1556456120,nowork_nowork,3.155646172662381,0.09627806830509002,10.386581456874474,32.776376021431986,345.11306022364033,0.09497286483505499,68
old_model_edu1,1576053187,hours_0,1.5688380575785787,0.09383737769701109,10.656734272383432,16.71869029601709,329.01062231003027,0.050815047181859335,69
old_model_edu1,1576053187,hours_1,0.05547466592526306,0.0003774710394068248,2649.2091595967977,146.96399309477925,329.01062231003027,0.44668464520362355,69
old_model_edu1,1576053187,hours_2,0.050314084723678335,0.0006603871856662427,1514.2629510062923,76.18875441085777,329.01062231003027,0.23156928452925232,69
old_model_edu1,1576053187,hours_3,0.05313995143930922,0.001228700509100839,813.8679126494437,43.2489013562034,329.01062231003027,0.13145138309683355,69
old_model_edu1,1576053187,hours_4,0.6074001299283306,0.061082580566403206,16.371279489015148,9.943917288720815,329.01062231003027,0.030223696787973472,69
old_model_edu1,1576053187,work_work,0.3053833548959547,0.08657059463138579,11.551266375180099,3.527564478949332,329.01062231003027,0.010721734314174421,69
old_model_edu1,1576053187,nowork_nowork,3.1212195773081723,0.09627806830509002,10.386581456874474,32.41880138450264,329.01062231003027,0.09853420888628348,69
old_model_edu1,1848019881,hours_0,1.5692139601182693,0.09383737769701109,10.656734272383432,16.722696189494886,328.582765497046,0.05089340630570968,70
old_model_edu1,1848019881,hours_1,0.053298392605538925,0.0003774710394068248,2649.2091595967977,141.19858988237996,328.582765497046,0.42972001184781966,70
old_model_edu1,1848019881,hours_2,0.05347696596712467,0.0006603871856662427,1514.2629510062923,80.97818829624127,328.582765497046,0.24644685235924,70
old_model_edu1,1848019881,hours_3,0.05367944786839732,0.001228700509100839,813.8679126494437,43.687980188827154,328.582765497046,0.1329588303961728,70
old_model_edu1,1848019881,hours_4,0.6054131442209645,0.061082580566403206,16.371279489015148,9.911387790364845,328.582765497046,0.030164052504007395,70
old_model_edu1,1848019881,work_work,0.30804744102842924,0.08657059463138579,11.551266375180099,3.558338047511969,328.582765497046,0.010829350839899601,70
old_model_edu1,1848019881,nowork_nowork,3.1315005073876776,0.09627806830509002,10.386581456874474,32.52558510222586,328.582765497046,0.09898749574715071,70
old_model_edu1,1508652585,hours_0,1.5717129932485645,0.09383737769701109,10.656734272383432,16.749327721502326,331.1527198637408,0.05057886200781972,71
old_model_edu1,1508652585,hours_1,0.05377916529412492,0.0003774710394068248,2649.2091595967977,142.47225729266594,331.1527198637408,0.4302312762259326,71
old_model_edu1,1508652585,hours_2,0.05362337131260425,0.0006603871856662427,1514.2629510062923,81.19988448673027,331.1527198637408,0.2452037371764349,71
old_model_edu1,1508652585,hours_3,0.05517823007390154,0.001228700509100839,813.8679126494437,44.90779093393701,331.1527198637408,0.1356105151496723,71
old_model_edu1,1508652585,hours_4,0.6032777419851374,0.061082580566403206,16.371279489015148,9.876428523540651,331.1527198637408,0.0298243919832653,71
old_model_edu1,1508652585,work_work,0.3005892268290753,0.08657059463138579,11.551266375180099,3.472186228612081,331.1527198637408,0.010485150869486379,71
old_model_edu1,1508652585,nowork_nowork,3.1266153172330515,0.09627806830509002,10.386581456874474,32.47484467675251,331.1527198637408,0.09806606658738878,71
old_model_edu1,1995737731,hours_0,1.5310476381192464,0.09383737769701109,10.656734272383432,16.31596783779708,324.1327561176902,0.050337300164358806,72
old_model_edu1,1995737731,hours_1,0.05352286120840944,0.0003774710394068248,2649.2091595967977,141.79325416114642,324.1327561176902,0.43745425750695294,72
old_model_edu1,1995737731,hours_2,0.051552653120689323,0.0006603871856662427,1514.2629510062923,78.06427264673876,324.1327561176902,0.2408404308831848,72
old_model_edu1,1995737731,hours_3,0.052873634729405636,0.001228700509100839,813.8679126494437,43.0321547314105,324.1327561176902,0.13276089478530165,72
old_model_edu1,1995737731,hours_4,0.5822728618332954,0.061082580566403206,16.371279489015148,9.53255175994158,324.1327561176902,0.029409405806799672,72
old_model_edu1,1995737731,work_work,0.3061219450522785,0.08657059463138579,11.551266375180099,3.5360961305871146,324.1327561176902,0.010909406913823867,72
old_model_edu1,1995737731,nowork_nowork,3.0672708804476656,0.09627806830509002,10.386581456874474,31.858458850068764,324.1327561176902,0.09828830393957838,72
old_model_edu1,1162788447,hours_0,1.6016927741232547,0.09383737769701109,10.656734272383432,17.06881427982818,343.1246842172801,0.049745224010230446,73
old_model_edu1,1162788447,hours_1,0.059948818963135725,0.0003774710394068248,2649.2091595967977,158.81696030414938,343.1246842172801,0.4628549550914274,73
old_model_edu1,1162788447,hours_2,0.05087015763831278,0.0006603871856662427,1514.2629510062923,77.03079502354679,343.1246842172801,0.22449796988306397,73
old_model_edu1,1162788447,hours_3,0.053463221336744304,0.001228700509100839,813.8679126494437,43.51200035285129,343.1246842172801,0.12681104669606857,73
old_model_edu1,1162788447,hours_4,0.6122855094926256,0.061082580566403206,16.371279489015148,10.023897202977812,343.1246842172801,0.02921357064661161,73
old_model_edu1,1162788447,work_work,0.31672294673135715,0.08657059463138579,11.551266375180099,3.6585511248258835,343.1246842172801,0.010662453892443205,73
old_model_edu1,1162788447,nowork_nowork,3.1784919866247567,0.09627806830509002,10.386581456874474,33.01366592910081,343.1246842172801,0.09621477978015494,73
old_model_edu1,1172925522,hours_0,1.5780042385628081,0.09383737769701109,10.656734272383432,16.816371851058598,332.68102670702353,0.05054803400576247,74
old_model_edu1,1172925522,hours_1,0.05547385223382357,0.0003774710394068248,2649.2091595967977,146.96183745596468,332.68102670702353,0.4417499816885771,74
old_model_edu1,1172925522,hours_2,0.05165436103777275,0.0006603871856662427,1514.2629510062923,78.21828517740221,332.68102670702353,0.23511495666473747,74
old_model_edu1,1172925522,hours_3,0.055133654736347626,0.001228700509100839,813.8679126494437,44.87151249700636,332.68102670702353,0.13487848387735854,74
old_model_edu1,1172925522,hours_4,0.5968243107008959,0.061082580566403206,16.371279489015148,9.770777596323182,332.68102670702353,0.02936980714841861,74
old_model_edu1,1172925522,work_work,0.30839525029762194,0.08657059463138579,11.551266375180099,3.5623556850281703,332.68102670702353,0.010708021795800722,74
old_model_edu1,1172925522,nowork_nowork,3.1271007288681263,0.09627806830509002,10.386581456874474,32.479886444240336,332.68102670702353,0.09763071481934507,74
old_model_edu1,539174575,hours_0,1.5649291587956549,0.09383737769701109,10.656734272383432,16.67703420038983,337.4973859345736,0.04941381739656733,75
old_model_edu1,539174575,hours_1,0.05731507952034219,0.0003774710394068248,2649.2091595967977,151.83963364830936,337.4973859345736,0.4498986954457319,75
old_model_edu1,539174575,hours_2,0.05658528702318364,0.0006603871856662427,1514.2629510062923,85.68500371126412,337.4973859345736,0.2538834589014411,75
old_model_edu1,539174575,hours_3,0.04626802028644414,0.001228700509100839,813.8679126494437,37.65605709295041,337.4973859345736,0.1115743666833921,75
old_model_edu1,539174575,hours_4,0.5919047515469633,0.061082580566403206,16.371279489015148,9.690238118451408,337.4973859345736,0.028712039032888787,75
old_model_edu1,539174575,work_work,0.3061297851576739,0.08657059463138579,11.551266375180099,3.5361866937329465,337.4973859345736,0.010477671357189307,75
old_model_edu1,539174575,nowork_nowork,3.1206834129262493,0.09627806830509002,10.386581456874474,32.41323246947553,337.4973859345736,0.09603995118278955,75
old_model_edu1,2013637345,hours_0,1.565177855517533,0.09383737769701109,10.656734272383432,16.6796844952693,332.80081456459186,0.05011912160458974,76
old_model_edu1,2013637345,hours_1,0.057071883329324086,0.0003774710394068248,2649.2091595967977,151.19535607148515,332.80081456459186,0.4543118569865769,76
old_model_edu1,2013637345,hours_2,0.04945705404412635,0.0006603871856662427,1514.2629510062923,74.89098460493645,332.80081456459186,0.2250324558337317,76
old_model_edu1,2013637345,hours_3,0.05467804211916162,0.001228700509100839,813.8679126494437,44.50070400728043,332.80081456459186,0.13371573043023152,76
old_model_edu1,2013637345,hours_4,0.5975111010321447,0.061082580566403206,16.371279489015148,9.782021232786407,332.80081456459186,0.02939302070394379,76
old_model_edu1,2013637345,work_work,0.302816052594055,0.08657059463138579,11.551266375180099,3.4979088861944754,332.80081456459186,0.010510517802580622,76
old_model_edu1,2013637345,nowork_nowork,3.105367767109928,0.09627806830509002,10.386581456874474,32.254155266639664,332.80081456459186,0.0969172966383458,76
old_model_edu1,1187468716,hours_0,1.5578260926972496,0.09383737769701109,10.656734272383432,16.60133871245995,340.66509705292145,0.04873213856094266,77
old_model_edu1,1187468716,hours_1,0.05885480315567696,0.0003774710394068248,2649.2091595967977,155.91868360628592,340.66509705292145,0.45768904697056284,77
old_model_edu1,1187468716,hours_2,0.05212414709320378,0.0006603871856662427,1514.2629510062923,78.92966479604081,340.66509705292145,0.23169284285022979,77
old_model_edu1,1187468716,hours_3,0.05367118307042216,0.001228700509100839,813.8679126494437,43.681253734950644,340.66509705292145,0.12822344910833314,77
old_model_edu1,1187468716,hours_4,0.598695498664219,0.061082580566403206,16.371279489015148,9.801411337447224,340.66509705292145,0.02877139872044068,77
old_model_edu1,1187468716,work_work,0.29816851316717924,0.08657059463138579,11.551266375180099,3.444223920285482,340.66509705292145,0.010110292924286373,77
old_model_edu1,1187468716,nowork_nowork,3.108676428285351,0.09627806830509002,10.386581456874474,32.288520945451396,340.66509705292145,0.09478083086520442,77
old_model_edu1,1062978506,hours_0,1.5404955592532126,0.09383737769701109,10.656734272383432,16.416651822748193,323.8975201241545,0.05068470983184885,78
old_model_edu1,1062978506,hours_1,0.054662387530253244,0.0003774710394068248,2649.2091595967977,144.81209773057668,323.8975201241545,0.44709233239905066,78
old_model_edu1,1062978506,hours_2,0.0495130782152962,0.0006603871856662427,1514.2629510062923,74.97581993169979,323.8975201241545,0.2314800678404716,78
old_model_edu1,1062978506,hours_3,0.0520761973772301,0.001228700509100839,813.8679126494437,42.3831460581267,323.8975201241545,0.13085356764040873,78
old_model_edu1,1062978506,hours_4,0.5968239551179448,0.061082580566403206,16.371279489015148,9.770771774975307,323.8975201241545,0.030166244469022278,78
old_model_edu1,1062978506,work_work,0.2964455349166339,0.08657059463138579,11.551266375180099,3.424321339554791,323.8975201241545,0.01057223697866597,78
old_model_edu1,1062978506,nowork_nowork,3.091942387378819,0.09627806830509002,10.386581456874474,32.11471146647303,323.8975201241545,0.09915084084053194,78
old_model_edu1,679326770,hours_0,1.570333559066112,0.09383737769701109,10.656734272383432,16.734627457973687,344.7998500632506,0.04853432347753012,79
old_model_edu1,679326770,hours_1,0.06335234462910765,0.0003774710394068248,2649.2091595967977,167.83361167336497,344.7998500632506,0.4867566260326892,79
old_model_edu1,679326770,hours_2,0.046726943862290204,0.0006603871856662427,1514.2629510062923,70.75687990441692,344.7998500632506,0.20521145786878148,79
old_model_edu1,679326770,hours_3,0.05395635235146848,0.001228700509100839,813.8679126494437,43.913343862467556,344.7998500632506,0.1273589412942379,79
old_model_edu1,679326770,hours_4,0.5970587322422377,0.061082580566403206,16.371279489015148,9.774615376894733,344.7998500632506,0.02834866481264903,79
old_model_edu1,679326770,work_work,0.30552591679008995,0.08657059463138579,11.551266375180099,3.529211249363439,344.7998500632506,0.010235535916607955,79
old_model_edu1,679326770,nowork_nowork,3.1056956201329573,0.09627806830509002,10.386581456874474,32.25756053876925,344.7998500632506,0.09355445059750425,79
old_model_edu1,587923432,hours_0,1.5761828414053385,0.09383737769701109,10.656734272383432,16.79696170554697,332.31481539951193,0.05054532908908532,80
old_model_edu1,587923432,hours_1,0.05375808981181546,0.0003774710394068248,2649.2091595967977,142.4164239318888,332.31481539951193,0.4285587561321167,80
old_model_edu1,587923432,hours_2,0.05544747926769554,0.0006603871856662427,1514.2629510062923,83.96206358176086,332.31481539951193,0.25265820147326534,80
old_model_edu1,587923432,hours_3,0.053357603791384434,0.001228700509100839,813.8679126494437,43.426041621670095,332.31481539951193,0.13067741674250336,80
old_model_edu1,587923432,hours_4,0.5924928811856724,0.061082580566403206,16.371279489015148,9.699866553142488,332.31481539951193,0.029188787570247867,80
old_model_edu1,587923432,work_work,0.30491833560748405,0.08657059463138579,11.551266375180099,3.522192917278611,332.31481539951193,0.010598964457976989,80
old_model_edu1,587923432,nowork_nowork,3.128196242731949,0.09627806830509002,10.386581456874474,32.49126508822406,332.31481539951193,0.09777254453480433,80
old_model_edu1,1359889667,hours_0,1.5694774196313714,0.09383737769701109,10.656734272383432,16.725503807517548,337.4125314041386,0.04956989516042734,81
old_model_edu1,1359889667,hours_1,0.05851863118605973,0.0003774710394068248,2649.2091595967977,155.02809374517625,337.4125314041386,0.45946157690121503,81
old_model_edu1,1359889667,hours_2,0.05141565195503881,0.0006603871856662427,1514.2629510062923,77.85681685734951,337.4125314041386,0.23074666650153514,81
old_model_edu1,1359889667,hours_3,0.05174661638677671,0.001228700509100839,813.8679126494437,42.11491066537746,337.4125314041386,0.12481726890852783,81
old_model_edu1,1359889667,hours_4,0.5970604894829242,0.061082580566403206,16.371279489015148,9.774644145173141,337.4125314041386,0.028969416472162626,81
old_model_edu1,1359889667,work_work,0.303601192889689,0.08657059463138579,11.551266375180099,3.506978250891232,337.4125314041386,0.010393740375607806,81
old_model_edu1,1359889667,nowork_nowork,3.1199470265748954,0.09627806830509002,10.386581456874474,32.40558393265346,337.4125314041386,0.09604143568052428,81
old_model_edu1,970187386,hours_0,1.5602839725894229,0.09383737769701109,10.656734272383432,16.627531685344273,339.06229239247125,0.04903975481324706,82
old_model_edu1,970187386,hours_1,0.059696952125720994,0.0003774710394068248,2649.2091595967977,158.14971237147157,339.06229239247125,0.4664326170142511,82
old_model_edu1,970187386,hours_2,0.050525190854648815,0.0006603871856662427,1514.2629510062923,76.50842460371665,339.06229239247125,0.22564710473660293,82
old_model_edu1,970187386,hours_3,0.051800070945853614,0.001228700509100839,813.8679126494437,42.15841561579498,339.06229239247125,0.1243382604368043,82
old_model_edu1,970187386,hours_4,0.5938841886930176,0.061082580566403206,16.371279489015148,9.722644037200402,339.06229239247125,0.02867509674578101,82
old_model_edu1,970187386,work_work,0.3101849005558335,0.08657059463138579,11.551266375180099,3.583028411879182,339.06229239247125,0.01056746353773765,82
old_model_edu1,970187386,nowork_nowork,3.110988519295515,0.09627806830509002,10.386581456874474,32.31253566706417,339.06229239247125,0.09529970271557586,82
old_model_edu1,1219839873,hours_0,1.5643389388303497,0.09383737769701109,10.656734272383432,16.670744383057315,326.4156244480736,0.05107213973364596,83
old_model_edu1,1219839873,hours_1,0.05590607440853408,0.0003774710394068248,2649.2091595967977,148.10688440018862,326.4156244480736,0.4537371170593262,83
old_model_edu1,1219839873,hours_2,0.048577694667259835,0.0006603871856662427,1514.2629510062923,73.55940327992751,326.4156244480736,0.2253550313478618,83
old_model_edu1,1219839873,hours_3,0.05179105526071147,0.001228700509100839,813.8679126494437,42.15107803894723,326.4156244480736,0.1291331507498124,83
old_model_edu1,1219839873,hours_4,0.6135644038173016,0.061082580566403206,16.371279489015148,10.044834339403996,326.4156244480736,0.030773141930287518,83
old_model_edu1,1219839873,work_work,0.30283443676409516,0.08657059463138579,11.551266375180099,3.4981212466396965,326.4156244480736,0.01071677022983984,83
old_model_edu1,1219839873,nowork_nowork,3.1179227635551943,0.09627806830509002,10.386581456874474,32.3845587599092,326.4156244480736,0.09921264894922625,83
old_model_edu1,1428160212,hours_0,1.5601593980617214,0.09383737769701109,10.656734272383432,16.626204127705453,339.29743380576963,0.049001856398427995,84
old_model_edu1,1428160212,hours_1,0.05586950131738866,0.0003774710394068248,2649.2091595967977,148.0099946321314,339.29743380576963,0.4362249162098276,84
old_model_edu1,1428160212,hours_2,0.05668854655770955,0.0006603871856662427,1514.2629510062923,85.84136579873486,339.29743380576963,0.25299739180424996,84
old_model_edu1,1428160212,hours_3,0.05377398633277932,0.001228700509100839,813.8679126494437,43.76492201149882,339.29743380576963,0.12898689365435045,84
old_model_edu1,1428160212,hours_4,0.5732901166659035,0.061082580566403206,16.371279489015148,9.385492728227607,339.29743380576963,0.02766154940505775,84
old_model_edu1,1428160212,work_work,0.3043711572646045,0.08657059463138579,11.551266375180099,3.51587231448528,339.29743380576963,0.01036221310326189,84
old_model_edu1,1428160212,nowork_nowork,3.095684785845003,0.09627806830509002,10.386581456874474,32.153582192986136,339.29743380576963,0.0947651794248241,84
old_model_edu1,1930609499,hours_0,1.5890865264220655,0.09383737769701109,10.656734272383432,16.934472847904765,327.3725253338661,0.05172844859425631,85
old_model_edu1,1930609499,hours_1,0.055451899522198256,0.0003774710394068248,2649.2091595967977,146.9036801312489,327.3725253338661,0.4487355192114284,85
old_model_edu1,1930609499,hours_2,0.04832568907772164,0.0006603871856662427,1514.2629510062923,73.17780055224331,327.3725253338661,0.22353067190844433,85
old_model_edu1,1930609499,hours_3,0.0538439411374226,0.001228700509100839,813.8679126494437,43.821855982333645,327.3725253338661,0.13385929664574803,85
old_model_edu1,1930609499,hours_4,0.6112715674393463,0.061082580566403206,16.371279489015148,10.00729767423791,327.3725253338661,0.03056853248155786,85
old_model_edu1,1930609499,work_work,0.3263188705267095,0.08657059463138579,11.551266375180099,3.7693961967019276,327.3725253338661,0.011514088400844768,85
old_model_edu1,1930609499,nowork_nowork,3.1538790780400983,0.09627806830509002,10.386581456874474,32.758021949195644,327.3725253338661,0.10006344275772028,85
old_model_edu1,710582861,hours_0,1.568618252042005,0.09383737769701109,10.656734272383432,16.716347886822224,334.3974358518621,0.04998946192346869,86
old_model_edu1,710582861,hours_1,0.057438045269603,0.0003774710394068248,2649.2091595967977,152.1653956375678,334.3974358518621,0.45504354795644125,86
old_model_edu1,710582861,hours_2,0.05102269217786155,0.0006603871856662427,1514.2629510062923,77.2617724255343,334.3974358518621,0.23104774182467486,86
old_model_edu1,710582861,hours_3,0.05222694485499856,0.001228700509100839,813.8679126494437,42.50583459319528,334.3974358518621,0.12711172406245766,86
old_model_edu1,710582861,hours_4,0.6074434474693594,0.061082580566403206,16.371279489015148,9.944626452291773,334.3974358518621,0.02973894350283606,86
old_model_edu1,710582861,work_work,0.307374613355441,0.08657059463138579,11.551266375180099,3.550566035836689,334.3974358518621,0.010617802815358872,86
old_model_edu1,710582861,nowork_nowork,3.105246221245106,0.09627806830509002,10.386581456874474,32.252892820613944,334.3974358518621,0.09645077791476236,86
old_model_edu1,1463614337,hours_0,1.5631641832655343,0.09383737769701109,10.656734272383432,16.658225325168075,335.59091271825827,0.04963848749728605,87
old_model_edu1,1463614337,hours_1,0.05941642943111093,0.0003774710394068248,2649.2091595967977,157.40654907943582,335.59091271825827,0.4690429422073916,87
old_model_edu1,1463614337,hours_2,0.049634182127574894,0.0006603871856662427,1514.2629510062923,75.15920309928534,335.59091271825827,0.22396078156736154,87
old_model_edu1,1463614337,hours_3,0.04997125826248653,0.001228700509100839,813.8679126494437,40.67000365455618,335.59091271825827,0.1211892280548736,87
old_model_edu1,1463614337,hours_4,0.5931592366539324,0.061082580566403206,16.371279489015148,9.710775644752406,335.59091271825827,0.028936348621885908,87
old_model_edu1,1463614337,work_work,0.3084097632423839,0.08657059463138579,11.551266375180099,3.562523327919004,335.59091271825827,0.010615672811468177,87
old_model_edu1,1463614337,nowork_nowork,3.1216847161663095,0.09627806830509002,10.386581456874474,32.42363258714145,335.59091271825827,0.09661653923973311,87
old_model_edu1,1940152705,hours_0,1.5532119852098272,0.09383737769701109,10.656734272383432,16.552167395062273,330.2435626773537,0.05012109020648393,88
old_model_edu1,1940152705,hours_1,0.05727551124974124,0.0003774710394068248,2649.2091595967977,151.73480902340393,330.2435626773537,0.4594633360700753,88
old_model_edu1,1940152705,hours_2,0.04877083579913792,0.0006603871856662427,1514.2629510062923,73.85186974024592,330.2435626773537,0.2236284914731217,88
old_model_edu1,1940152705,hours_3,0.05194180545922012,0.001228700509100839,813.8679126494437,42.27376878833896,330.2435626773537,0.1280078510709389,88
old_model_edu1,1940152705,hours_4,0.6140493044669343,0.061082580566403206,16.371279489015148,10.052772783463539,330.2435626773537,0.03044048066210165,88
old_model_edu1,1940152705,work_work,0.30636740520236266,0.08657059463138579,11.551266375180099,3.5389315061652282,330.2435626773537,0.010716125630048229,88
old_model_edu1,1940152705,nowork_nowork,3.103932085309549,0.09627806830509002,10.386581456874474,32.23924344067388,330.2435626773537,0.09762262488723046,88
old_model_edu1,985452196,hours_0,1.5827470156693662,0.09383737769701109,10.656734272383432,16.86691436639633,337.4093761512001,0.04998946549380394,89
old_model_edu1,985452196,hours_1,0.05515441934641474,0.0003774710394068248,2649.2091595967977,146.11559292476474,337.4093761512001,0.4330513709829075,89
old_model_edu1,985452196,hours_2,0.05535246674560934,0.0006603871856662427,1514.2629510062923,83.81818963968406,337.4093761512001,0.24841689521432683,89
old_model_edu1,985452196,hours_3,0.0548533364273651,0.001228700509100839,813.8679126494437,44.643370419997325,337.4093761512001,0.13231218091577784,89
old_model_edu1,985452196,hours_4,0.5958972578449733,0.061082580566403206,16.371279489015148,9.755600554917782,337.4093761512001,0.028913246769248335,89
old_model_edu1,985452196,work_work,0.3095376727682506,0.08657059463138579,11.551266375180099,3.5755521112993938,337.4093761512001,0.010597073952376223,89
old_model_edu1,985452196,nowork_nowork,3.1419535166251595,0.09627806830509002,10.386581456874474,32.634156134140426,337.4093761512001,0.09671976667155921,89
old_model_edu1,552062587,hours_0,1.5550280181682272,0.09383737769701109,10.656734272383432,16.571520375729833,331.7166213417211,0.049956858684685926,90
old_model_edu1,552062587,hours_1,0.05466526634035216,0.0003774710394068248,2649.2091595967977,144.81972430065946,331.7166213417211,0.4365766289156551,90
old_model_edu1,552062587,hours_2,0.05203998986646363,0.0006603871856662427,1514.2629510062923,78.80222862552877,331.7166213417211,0.2375588787405075,90
old_model_edu1,552062587,hours_3,0.056785219772955545,0.001228700509100839,813.8679126494437,46.215668285955246,331.7166213417211,0.13932273908682352,90
old_model_edu1,552062587,hours_4,0.5817542618383392,0.061082580566403206,16.371279489015148,9.52406161448115,331.7166213417211,0.028711439227731204,90
old_model_edu1,552062587,work_work,0.30014389306324624,0.08657059463138579,11.551266375180099,3.4670420596571274,331.7166213417211,0.010451818921927099,90
old_model_edu1,552062587,nowork_nowork,3.111358266806893,0.09627806830509002,10.386581456874474,32.31637607970958,331.7166213417211,0.09742163642266978,90
old_model_edu1,623566272,hours_0,1.5772083606767229,0.09383737769701109,10.656734272383432,16.807890391913322,338.51284593150115,0.049652149376081395,91
old_model_edu1,623566272,hours_1,0.05576321457857633,0.0003774710394068248,2649.2091595967977,147.7284188301261,338.51284593150115,0.43640417374299373,91
old_model_edu1,623566272,hours_2,0.05570420905231055,0.0006603871856662427,1514.2629510062923,84.35081998302319,338.51284593150115,0.2491805584243375,91
old_model_edu1,623566272,hours_3,0.05400252260861921,0.001228700509100839,813.8679126494437,43.950920353281305,338.51284593150115,0.12983531018546599,91
old_model_edu1,623566272,hours_4,0.5916963768041266,0.061082580566403206,16.371279489015148,9.686826757297975,338.51284593150115,0.028615832083542635,91
old_model_edu1,623566272,work_work,0.30951036623616895,0.08657059463138579,11.551266375180099,3.575236686273536,338.51284593150115,0.010561598265009398,91
old_model_edu1,623566272,nowork_nowork,3.1206353181905757,0.09627806830509002,10.386581456874474,32.41273292958581,338.51284593150115,0.09575037792256959,91
old_model_edu1,729775797,hours_0,1.547008663719469,0.09383737769701109,10.656734272383432,16.486060246333363,333.98918044708284,0.049361060811206156,92
old_model_edu1,729775797,hours_1,0.05725572009050383,0.0003774710394068248,2649.2091595967977,151.68237810307315,333.98918044708284,0.45415356838814025,92
old_model_edu1,729775797,hours_2,0.05267955748133729,0.0006603871856662427,1514.2629510062923,79.7707021693954,333.98918044708284,0.2388421746555178,92
old_model_edu1,729775797,hours_3,0.049973753810727314,0.001228700509100839,813.8679126494437,40.67203470119382,333.98918044708284,0.12177650379796626,92
old_model_edu1,729775797,hours_4,0.594868686182925,0.061082580566403206,16.371279489015148,9.738761520763909,333.98918044708284,0.02915891319511446,92
old_model_edu1,729775797,work_work,0.2979185853914059,0.08657059463138579,11.551266375180099,3.4413369379729684,333.98918044708284,0.010303737783859776,92
old_model_edu1,729775797,nowork_nowork,3.099952270343939,0.09627806830509002,10.386581456874474,32.19790676835028,333.98918044708284,0.09640404136819548,92
old_model_edu1,1352536665,hours_0,1.5716668046692526,0.09383737769701109,10.656734272383432,16.74883550208618,339.5095961093657,0.049332436237504475,93
old_model_edu1,1352536665,hours_1,0.05814211700365102,0.0003774710394068248,2649.2091595967977,154.030628924421,339.5095961093657,0.45368564155342267,93
old_model_edu1,1352536665,hours_2,0.05210854332765587,0.0006603871856662427,1514.2629510062923,78.90603659197542,339.5095961093657,0.23241180071551656,93
old_model_edu1,1352536665,hours_3,0.05433736608717187,0.001228700509100839,813.8679126494437,44.22343871623524,339.5095961093657,0.13025681519172616,93
old_model_edu1,1352536665,hours_4,0.5783540964034596,0.061082580566403206,16.371279489015148,9.468396555837847,339.5095961093657,0.027888450471920703,93
old_model_edu1,1352536665,work_work,0.3124705407247884,0.08657059463138579,11.551266375180099,3.609430450308592,339.5095961093657,0.010631306129991953,93
old_model_edu1,1352536665,nowork_nowork,3.1312351906676503,0.09627806830509002,10.386581456874474,32.52282936850143,339.5095961093657,0.09579354969991746,93
old_model_edu1,555883440,hours_0,1.5338443941956807,0.09383737769701109,10.656734272383432,16.345772124128313,331.63061351539505,0.049289092918345746,94
old_model_edu1,555883440,hours_1,0.05768280996199365,0.0003774710394068248,2649.2091595967977,152.813828502595,331.63061351539505,0.46079530138281705,94
old_model_edu1,555883440,hours_2,0.04875229127500677,0.0006603871856662427,1514.2629510062923,73.82378845441006,331.63061351539505,0.2226084850003843,94
old_model_edu1,555883440,hours_3,0.05422426849541766,0.001228700509100839,813.8679126494437,44.13139221530856,331.63061351539505,0.13307393954828564,94
old_model_edu1,555883440,hours_4,0.5677495428805401,0.061082580566403206,16.371279489015148,9.294786446257913,331.63061351539505,0.02802752842305503,94
old_model_edu1,555883440,work_work,0.2927703831855609,0.08657059463138579,11.551266375180099,3.3818686829399627,331.63061351539505,0.010197697513782057,94
old_model_edu1,555883440,nowork_nowork,3.065414469809238,0.09627806830509002,10.386581456874474,31.839177089755328,331.63061351539505,0.09600795521333039,94
old_model_edu1,1801800003,hours_0,1.577433650938107,0.09383737769701109,10.656734272383432,16.810291250363047,336.1683847896516,0.05000556867024137,95
old_model_edu1,1801800003,hours_1,0.0562181515729015,0.0003774710394068248,2649.2091595967977,148.93364208253178,336.1683847896516,0.4430328633542474,95
old_model_edu1,1801800003,hours_2,0.05222471710563423,0.0006603871856662427,1514.2629510062923,79.08195423984648,336.1683847896516,0.23524506710924023,95
old_model_edu1,1801800003,hours_3,0.05582521153938757,0.001228700509100839,813.8679126494437,45.434348388775,336.1683847896516,0.13515354341606017,95
old_model_edu1,1801800003,hours_4,0.5982414517309703,0.061082580566403206,16.371279489015148,9.79397800820188,336.1683847896516,0.029134143635577744,95
old_model_edu1,1801800003,work_work,0.32021793391994546,0.08657059463138579,11.551266375180099,3.6989226528191086,336.1683847896516,0.011003184178469402,95
old_model_edu1,1801800003,nowork_nowork,3.120877480401403,0.09627806830509002,10.386581456874474,32.41524816711434,336.1683847896516,0.09642562963616379,95
old_model_edu1,763315502,hours_0,1.5883346642801837,0.09383737769701109,10.656734272383432,16.926460452849266,338.43243126838547,0.05001429794837291,96
old_model_edu1,763315502,hours_1,0.05665785967809958,0.0003774710394068248,2649.2091595967977,150.09852082237148,338.43243126838547,0.4435110437254152,96
old_model_edu1,763315502,hours_2,0.05283014175146133,0.0006603871856662427,1514.2629510062923,79.99872635064855,338.43243126838547,0.23638020165746923,96
old_model_edu1,763315502,hours_3,0.05564622407325722,0.001228700509100839,813.8679126494437,45.28867623332508,338.43243126838547,0.1338189607408222,96
old_model_edu1,763315502,hours_4,0.5917510487216129,0.061082580566403206,16.371279489015148,9.687721806539344,338.43243126838547,0.028625276159945603,96
old_model_edu1,763315502,work_work,0.321726762347334,0.08657059463138579,11.551266375180099,3.716351531898318,338.43243126838547,0.010981073882222466,96
old_model_edu1,763315502,nowork_nowork,3.1498307895231457,0.09627806830509002,10.386581456874474,32.71597407075339,338.43243126838547,0.09666914588575229,96
old_model_edu1,138897982,hours_0,1.5627078569366057,0.09383737769701109,10.656734272383432,16.653362376739192,337.60194692727697,0.049328395550771224,97
old_model_edu1,138897982,hours_1,0.059058131586331164,0.0003774710394068248,2649.2091595967977,156.45734314718146,337.60194692727697,0.4634373248471936,97
old_model_edu1,138897982,hours_2,0.05097109323897296,0.0006603871856662427,1514.2629510062923,77.18363806406407,337.60194692727697,0.22862320187001245,97
old_model_edu1,138897982,hours_3,0.05129189749191641,0.001228700509100839,813.8679126494437,41.74482954757525,337.60194692727697,0.12365103319906957,97
old_model_edu1,138897982,hours_4,0.6043521963211634,0.061082580566403206,16.371279489015148,9.89401871577392,337.60194692727697,0.02930675846459261,97
old_model_edu1,138897982,work_work,0.3088480885170928,0.08657059463138579,11.551266375180099,3.5675865399261406,337.60194692727697,0.010567434733113777,97
old_model_edu1,138897982,nowork_nowork,3.0906385001939594,0.09627806830509002,10.386581456874474,32.101168536016914,337.60194692727697,0.09508585133524673,97
old_model_edu1,10785379,hours_0,1.547093566897135,0.09383737769701109,10.656734272383432,16.486965036936628,330.947855815026,0.049817410045864,98
old_model_edu1,10785379,hours_1,0.05874815464215717,0.0003774710394068248,2649.2091595967977,155.6361493874119,330.947855815026,0.4702739318377707,98
old_model_edu1,10785379,hours_2,0.04653778665339868,0.0006603871856662427,1514.2629510062923,70.47044615107673,330.947855815026,0.21293519481348205,98
old_model_edu1,10785379,hours_3,0.05309857378400505,0.001228700509100839,813.8679126494437,43.21522541025067,330.947855815026,0.13058016437007708,98
old_model_edu1,10785379,hours_4,0.5912921106650808,0.061082580566403206,16.371279489015148,9.680208403347713,330.947855815026,0.029249950508089085,98
old_model_edu1,10785379,work_work,0.3129273275431948,0.08657059463138579,11.551266375180099,3.6147069165246752,330.947855815026,0.010922285348012692,98
old_model_edu1,10785379,nowork_nowork,3.0658936861657446,0.09627806830509002,10.386581456874474,31.84415450947765,330.947855815026,0.09622106307670428,98
old_model_edu1,53923185,hours_0,1.560896798063966,0.09383737769701109,10.656734272383432,16.63406240358183,330.61995096950136,0.05031173211055333,99
old_model_edu1,53923185,hours_1,0.052891008291714316,0.0003774710394068248,2649.2091595967977,140.11934362671974,330.61995096950136,0.4238078894387269,99
old_model_edu1,53923185,hours_2,0.055094426223392425,0.0006603871856662427,1514.2629510062923,83.42744843703267,330.61995096950136,0.2523364007295754,99
old_model_edu1,53923185,hours_3,0.05523968575891661,0.001228700509100839,813.8679126494437,44.95780774402066,330.61995096950136,0.13598032306334676,99
old_model_edu1,53923185,hours_4,0.581904346473799,0.061082580566403206,16.371279489015148,9.52651869199527,330.61995096950136,0.028814107146468183,99
old_model_edu1,53923185,work_work,0.2980002346053721,0.08657059463138579,11.551266375180099,3.4422800897928156,330.61995096950136,0.010411592161025864,99
old_model_edu1,53923185,nowork_nowork,3.130239733963638,0.09627806830509002,10.386581456874474,32.51248997635841,330.61995096950136,0.09833795535030367,99
old_model_edu1,1349917978,hours_0,1.5593368996193073,0.09383737769701109,10.656734272383432,16.617438980365193,337.4693618888431,0.0492413263454675,100
old_model_edu1,1349917978,hours_1,0.05668528361582056,0.0003774710394068248,2649.2091595967977,150.1711725693741,337.4693618888431,0.4449920186201616,100
old_model_edu1,1349917978,hours_2,0.053129586666929234,0.0006603871856662427,1514.2629510062923,80.45216469200882,337.4693618888431,0.23839842598365554,100
old_model_edu1,1349917978,hours_3,0.05562922796061759,0.001228700509100839,813.8679126494437,45.274843642607905,337.4693618888431,0.13415986384423456,100
old_model_edu1,1349917978,hours_4,0.5616297307072944,0.061082580566403206,16.371279489015148,9.19459729074943,337.4693618888431,0.027245724587519685,100
old_model_edu1,1349917978,work_work,0.30251316657659066,0.08657059463138579,11.551266375180099,3.4944101691254277,337.4693618888431,0.010354747908275092,100
old_model_edu1,1349917978,nowork_nowork,3.106386319558249,0.09627806830509002,10.386581456874474,32.26473454461225,337.4693618888431,0.09560789271068623,100
