model,seed,moment,squared_error_sum,empirical_variance,weight,criterion_value,total_criterion,share_of_total_criterion,run
old_model_edu1,1501552845,hours_0,0.6711483340218085,0.09383737769701109,10.656734272383432,7.152249453023249,234.23043163815777,0.030535099145751213,1
old_model_edu1,1501552845,hours_1,0.0386113837402189,0.0003774710394068248,2649.2091595967977,102.28963146929478,234.23043163815777,0.4367051315830435,1
old_model_edu1,1501552845,hours_2,0.04656703626457402,0.0006603871856662427,1514.2629510062923,70.51473775361089,234.23043163815777,0.3010485753727465,1
old_model_edu1,1501552845,hours_3,0.04717917848711883,0.001228700509100839,813.8679126494437,38.39761951582694,234.23043163815777,0.16393095998364587,1
old_model_edu1,1501552845,hours_4,0.13709186527711265,0.061082580566403206,16.371279489015148,2.2443692421220223,234.23043163815777,0.009581885779850986,1
old_model_edu1,1501552845,work_work,0.1568197226080833,0.08657059463138579,11.551266375180099,1.8114663887278228,234.23043163815777,0.007733693594204701,1
old_model_edu1,1501552845,nowork_nowork,1.138041218338365,0.09627806830509002,10.386581456874474,11.820357815552097,234.23043163815777,0.050464654540757284,1
old_model_edu1,488200390,hours_0,0.655265577966681,0.09383737769701109,10.656734272383432,6.9829911422306665,232.78127633274906,0.029998079107740754,2
old_model_edu1,488200390,hours_1,0.03931900885581703,0.0003774710394068248,2649.2091595967977,104.16427840709808,232.78127633274906,0.4474770481892217,2
old_model_edu1,488200390,hours_2,0.0466321589421401,0.0006603871856662427,1514.2629510062923,70.61335061151954,232.78127633274906,0.3033463503764853,2
old_model_edu1,488200390,hours_3,0.0436263042040734,0.001228700509100839,813.8679126494437,35.50604913917887,232.78127633274906,0.15252966088399983,2
old_model_edu1,488200390,hours_4,0.12641775963823193,0.061082580566403206,16.371279489015148,2.0696204754126333,232.78127633274906,0.008890837390436057,2
old_model_edu1,488200390,work_work,0.15966898198519533,0.08657059463138579,11.551266375180099,1.8443789427648236,232.78127633274906,0.007923227210630022,2
old_model_edu1,488200390,nowork_nowork,1.1168840934537196,0.09627806830509002,10.386581456874474,11.600607614544462,232.78127633274906,0.04983479684148642,2
old_model_edu1,1693606510,hours_0,0.6673710695429832,0.09383737769701109,10.656734272383432,7.111996149195895,234.16208910255676,0.03037210752796551,3
old_model_edu1,1693606510,hours_1,0.040870338514032746,0.0003774710394068248,2649.2091595967977,108.27407514719732,234.16208910255676,0.4623894310226117,3
old_model_edu1,1693606510,hours_2,0.042823281516692104,0.0006603871856662427,1514.2629510062923,64.8457086412394,234.16208910255676,0.27692658914073276,3
old_model_edu1,1693606510,hours_3,0.04715601236513297,0.001228700509100839,813.8679126494437,38.37876535248213,234.16208910255676,0.16389828729138664,3
old_model_edu1,1693606510,hours_4,0.1280806155715256,0.061082580566403206,16.371279489015148,2.0968435546465516,234.16208910255676,0.008954667096979093,3
old_model_edu1,1693606510,work_work,0.15848198012857975,0.08657059463138579,11.551266375180099,1.8306675681312239,234.16208910255676,0.007817950271742922,3
old_model_edu1,1693606510,nowork_nowork,1.1191394144384972,0.09627806830509002,10.386581456874474,11.624032689664253,234.16208910255676,0.049640967648581384,3
old_model_edu1,680233354,hours_0,0.6616860521219693,0.09383737769701109,10.656734272383432,7.051412429206279,224.56653902730937,0.03140010288152841,4
old_model_edu1,680233354,hours_1,0.037268080901580306,0.0003774710394068248,2649.2091595967977,98.73094128506102,224.56653902730937,0.43965116848086805,4
old_model_edu1,680233354,hours_2,0.04336485443541319,0.0006603871856662427,1514.2629510062923,65.66579244732708,224.56653902730937,0.29241129480711064,4
old_model_edu1,680233354,hours_3,0.04574600025258509,0.001228700509100839,813.8679126494437,37.23120173763235,224.56653902730937,0.16579140373671025,4
old_model_edu1,680233354,hours_4,0.13718852100283674,0.061082580566403206,16.371279489015148,2.245951620022065,224.56653902730937,0.010001274587702207,4
old_model_edu1,680233354,work_work,0.16445037852628408,0.08657059463138579,11.551266375180099,1.8996101278563047,224.56653902730937,0.008459007900661881,4
old_model_edu1,680233354,nowork_nowork,1.1304613966545252,0.09627806830509002,10.386581456874474,11.74162938020431,224.56653902730937,0.052285747605418716,4
old_model_edu1,438466540,hours_0,0.6761931923554169,0.09383737769701109,10.656734272383432,7.206011167726333,242.5599064812423,0.02970817095150715,5
old_model_edu1,438466540,hours_1,0.041089425870390814,0.0003774710394068248,2649.2091595967977,108.85448337841297,242.5599064812423,0.4487736038388971,5
old_model_edu1,438466540,hours_2,0.04915241145301217,0.0006603871856662427,1514.2629510062923,74.42967561591368,242.5599064812423,0.30685069389928005,5
old_model_edu1,438466540,hours_3,0.0446913268822839,0.001228700509100839,813.8679126494437,36.37283692321837,242.5599064812423,0.14995403589517448,5
old_model_edu1,438466540,hours_4,0.13080535690408554,0.061082580566403206,16.371279489015148,2.1414510565371616,242.5599064812423,0.008828545028742269,5
old_model_edu1,438466540,work_work,0.15926907568715934,0.08657059463138579,11.551266375180099,1.8397595185910978,242.5599064812423,0.00758476347257897,5
old_model_edu1,438466540,nowork_nowork,1.1279638897058395,0.09627806830509002,10.386581456874474,11.715688820842677,242.5599064812423,0.0483001869138199,5
old_model_edu1,1712329280,hours_0,0.6696597828500568,0.09383737769701109,10.656734272383432,7.136386358735047,243.50062470527203,0.029307466325282642,6
old_model_edu1,1712329280,hours_1,0.04188771819602418,0.0003774710394068248,2649.2091595967977,110.96932671951672,243.50062470527203,0.45572501858601644,6
old_model_edu1,1712329280,hours_2,0.0454002691113357,0.0006603871856662427,1514.2629510062923,68.74794548101102,243.50062470527203,0.2823317006443908,6
old_model_edu1,1712329280,hours_3,0.05052120267872243,0.001228700509100839,813.8679126494437,41.117585768671304,243.50062470527203,0.16886028862734603,6
old_model_edu1,1712329280,hours_4,0.1243531638101569,0.061082580566403206,16.371279489015148,2.0358204000793623,243.50062470527203,0.008360637277803604,6
old_model_edu1,1712329280,work_work,0.1579851101618536,0.08657059463138579,11.551266375180099,1.8249280907917431,243.50062470527203,0.007494551987292013,6
old_model_edu1,1712329280,nowork_nowork,1.1234333389590727,0.09627806830509002,10.386581456874474,11.66863188646688,243.50062470527203,0.04792033655186858,6
old_model_edu1,1380152455,hours_0,0.6684454543716556,0.09383737769701109,10.656734272383432,7.123445582821337,246.17563665620406,0.028936436113576772,7
old_model_edu1,1380152455,hours_1,0.04307097615329699,0.0003774710394068248,2649.2091595967977,114.10402453808963,246.17563665620406,0.46350656826955344,7
old_model_edu1,1380152455,hours_2,0.0470410528632995,0.0006603871856662427,1514.2629510062923,71.2325235272229,246.17563665620406,0.2893565118578427,7
old_model_edu1,1380152455,hours_3,0.04679799501193681,0.001228700509100839,813.8679126494437,38.087386516544086,246.17563665620406,0.15471631162971228,7
old_model_edu1,1380152455,hours_4,0.1290935552915214,0.061082580566403206,16.371279489015148,2.113426673908127,246.17563665620406,0.00858503588175798,7
old_model_edu1,1380152455,work_work,0.16538185833154306,0.08657059463138579,11.551266375180099,1.910369899209952,246.17563665620406,0.007760190753067389,7
old_model_edu1,1380152455,nowork_nowork,1.1172549858286165,0.09627806830509002,10.386581456874474,11.604459918408061,246.17563665620406,0.04713894549448953,7
old_model_edu1,1452245846,hours_0,0.6595998567233,0.09383737769701109,10.656734272383432,7.029180399202392,232.27922748957383,0.030261769316061234,8
old_model_edu1,1452245846,hours_1,0.036607517193040465,0.0003774710394068248,2649.2091595967977,96.98096985790005,232.27922748957383,0.4175189099173889,8
old_model_edu1,1452245846,hours_2,0.04843499427584454,0.0006603871856662427,1514.2629510062923,73.34331736411322,232.27922748957383,0.3157549564668039,8
old_model_edu1,1452245846,hours_3,0.048448007814594615,0.001228700509100839,813.8679126494437,39.430278992088056,232.27922748957383,0.16975378908498368,8
old_model_edu1,1452245846,hours_4,0.1277386653560303,0.061082580566403206,16.371279489015148,2.0912453920973486,232.27922748957383,0.009003152863469968,8
old_model_edu1,1452245846,work_work,0.1530304539683644,0.08657059463138579,11.551266375180099,1.7676955373033136,232.27922748957383,0.007610217910607866,8
old_model_edu1,1452245846,nowork_nowork,1.120343589003258,0.09627806830509002,10.386581456874474,11.636539946869437,232.27922748957383,0.050097204440684474,8
old_model_edu1,2122694021,hours_0,0.6649029139119607,0.09383737769701109,10.656734272383432,7.085693670493201,238.3845342011086,0.029723797704575457,9
old_model_edu1,2122694021,hours_1,0.041601008867863463,0.0003774710394068248,2649.2091595967977,110.20977374121149,238.3845342011086,0.4623193115717612,9
old_model_edu1,2122694021,hours_2,0.04480828302651106,0.0006603871856662427,1514.2629510062923,67.85152288524979,238.3845342011086,0.2846305575680012,9
old_model_edu1,2122694021,hours_3,0.04644643804035346,0.001228700509100839,813.8679126494437,37.80126557790419,238.3845342011086,0.15857264274541344,9
old_model_edu1,2122694021,hours_4,0.12770248414819374,0.061082580566403206,16.371279489015148,2.0906530594316064,238.3845342011086,0.00877008681136951,9
old_model_edu1,2122694021,work_work,0.14114327106951471,0.08657059463138579,11.551266375180099,1.6303835211882154,238.3845342011086,0.006839300740092364,9
old_model_edu1,2122694021,nowork_nowork,1.127920846167942,0.09627806830509002,10.386581456874474,11.715241745630111,238.3845342011086,0.04914430285878684,9
old_model_edu1,839901363,hours_0,0.6640438816835365,0.09383737769701109,10.656734272383432,7.076539192303471,237.2774505732932,0.0298239009868221,10
old_model_edu1,839901363,hours_1,0.04038570324767104,0.0003774710394068248,2649.2091595967977,106.99017496048826,237.2774505732932,0.45090747014512367,10
old_model_edu1,839901363,hours_2,0.045711252222122634,0.0006603871856662427,1514.2629510062923,69.21885568406435,237.2774505732932,0.29172117079318993,10
old_model_edu1,839901363,hours_3,0.04724435624474414,0.001228700509100839,813.8679126494437,38.45066560137663,237.2774505732932,0.16204938778832464,10
old_model_edu1,839901363,hours_4,0.12905169412190529,0.061082580566403206,16.371279489015148,2.112741353000605,237.2774505732932,0.008904096650971033,10
old_model_edu1,839901363,work_work,0.16139024567672983,0.08657059463138579,11.551266375180099,1.8642617181676646,237.2774505732932,0.007856885319963468,10
old_model_edu1,839901363,nowork_nowork,1.1133800001383825,0.09627806830509002,10.386581456874474,11.564212063892223,237.2774505732932,0.04873708831560513,10
old_model_edu1,1802651552,hours_0,0.6759350582531269,0.09383737769701109,10.656734272383432,7.203260301191589,236.38005857004288,0.030473214808249816,11
old_model_edu1,1802651552,hours_1,0.037738207482006195,0.0003774710394068248,2649.2091595967977,99.97640492809522,236.38005857004288,0.4229477119723733,11
old_model_edu1,1802651552,hours_2,0.04806050439149147,0.0006603871856662427,1514.2629510062923,72.77624120671074,236.38005857004288,0.3078780911002527,11
old_model_edu1,1802651552,hours_3,0.04990760749833994,0.001228700509100839,813.8679126494437,40.61820034000165,236.38005857004288,0.17183429340747827,11
old_model_edu1,1802651552,hours_4,0.13091145795628595,0.061082580566403206,16.371279489015148,2.143188066516813,236.38005857004288,0.009066704185969878,11
old_model_edu1,1802651552,work_work,0.1547349062472148,0.08657059463138579,11.551266375180099,1.7873841196000975,236.38005857004288,0.007561484375681671,11
old_model_edu1,1802651552,nowork_nowork,1.143338610228383,0.09627806830509002,10.386581456874474,11.875379607926753,236.38005857004288,0.050238500149994265,11
old_model_edu1,714712467,hours_0,0.6571452522093251,0.09383737769701109,10.656734272383432,7.0030223311531685,231.22735261176584,0.030286305889214358,12
old_model_edu1,714712467,hours_1,0.038827457284523754,0.0003774710394068248,2649.2091595967977,102.86205548201373,231.22735261176584,0.44485245504116744,12
old_model_edu1,714712467,hours_2,0.044188740887676825,0.0006603871856662427,1514.2629510062923,66.91337317782592,231.22735261176584,0.2893834679246381,12
old_model_edu1,714712467,hours_3,0.047807859421782076,0.001228700509100839,813.8679126494437,38.90928275584382,231.22735261176584,0.16827283760487058,12
old_model_edu1,714712467,hours_4,0.1282852406402048,0.061082580566403206,16.371279489015148,2.1001935288363573,231.22735261176584,0.009082807484124137,12
old_model_edu1,714712467,work_work,0.17189213817164778,0.08657059463138579,11.551266375180099,1.9855718758199665,231.22735261176584,0.008587097734729382,12
old_model_edu1,714712467,nowork_nowork,1.102754886950029,0.09627806830509002,10.386581456874474,11.453853460272878,231.22735261176584,0.049535028321256044,12
old_model_edu1,1218704077,hours_0,0.6789584332264075,0.09383737769701109,10.656734272383432,7.235479604887614,239.67762484404534,0.030188381621336715,13
old_model_edu1,1218704077,hours_1,0.04089278920834835,0.0003774710394068248,2649.2091595967977,108.33355173221753,239.67762484404534,0.4519969346438098,13
old_model_edu1,1218704077,hours_2,0.04513009146099837,0.0006603871856662427,1514.2629510062923,68.33882547491527,239.67762484404534,0.28512809870918204,13
old_model_edu1,1218704077,hours_3,0.04892544482053201,0.001228700509100839,813.8679126494437,39.81884965153193,239.67762484404534,0.16613503107535157,13
old_model_edu1,1218704077,hours_4,0.13236277647450667,0.061082580566403206,16.371279489015148,2.1669480076061878,239.67762484404534,0.009041094299128626,13
old_model_edu1,1218704077,work_work,0.16458395837202164,0.08657059463138579,11.551266375180099,1.9011531442367746,239.67762484404534,0.00793212610260898,13
old_model_edu1,1218704077,nowork_nowork,1.1440546899851491,0.09627806830509002,10.386581456874474,11.882817228650024,239.67762484404534,0.04957833354858217,13
old_model_edu1,1284858263,hours_0,0.6613328507672137,0.09383737769701109,10.656734272383432,7.047648456224004,225.11420149815353,0.0313069917815994,14
old_model_edu1,1284858263,hours_1,0.03399690621397745,0.0003774710394068248,2649.2091595967977,90.06491534002234,225.11420149815353,0.40008544436838245,14
old_model_edu1,1284858263,hours_2,0.04755046239631722,0.0006603871856662427,1514.2629510062923,72.00390350996103,225.11420149815353,0.31985500261986644,14
old_model_edu1,1284858263,hours_3,0.05007770105077243,0.001228700509100839,813.8679126494437,40.75663402447501,225.11420149815353,0.1810487021842081,14
old_model_edu1,1284858263,hours_4,0.12302188268008168,0.061082580566403206,16.371279489015148,2.0140256246204493,225.11420149815353,0.008946683999574186,14
old_model_edu1,1284858263,work_work,0.1500940621279689,0.08657059463138579,11.551266375180099,1.733776492973,225.11420149815353,0.0077017641776244,14
old_model_edu1,1284858263,nowork_nowork,1.1065525358462143,0.09627806830509002,10.386581456874474,11.493298049877716,225.11420149815353,0.05105541086874516,14
old_model_edu1,457721135,hours_0,0.6605188936089728,0.09383737769701109,10.656734272383432,7.038974331079525,232.26131037756167,0.03030627149927398,15
old_model_edu1,457721135,hours_1,0.038256452521667296,0.0003774710394068248,2649.2091595967977,101.349344434081,232.26131037756167,0.43635913475786614,15
old_model_edu1,457721135,hours_2,0.046685159416497556,0.0006603871856662427,1514.2629510062923,70.69360726622479,232.26131037756167,0.3043709998505819,15
old_model_edu1,457721135,hours_3,0.046171023497742415,0.001228700509100839,813.8679126494437,37.57711451899604,232.26131037756167,0.16178809315210982,15
old_model_edu1,457721135,hours_4,0.13177565225078935,0.061082580566403206,16.371279489015148,2.1573360328449405,232.26131037756167,0.009288400333822265,15
old_model_edu1,457721135,work_work,0.15197312230733143,0.08657059463138579,11.551266375180099,1.75548201763981,232.26131037756167,0.007558219725817081,15
old_model_edu1,457721135,nowork_nowork,1.125437837774696,0.09627806830509002,10.386581456874474,11.689451776695561,232.26131037756167,0.05032888068052878,15
old_model_edu1,401008609,hours_0,0.6941099502604486,0.09383737769701109,10.656734272383432,7.396945295742882,246.91429181516253,0.029957542114573743,16
old_model_edu1,401008609,hours_1,0.04318817114712432,0.0003774710394068248,2649.2091595967977,114.41449858919587,246.91429181516253,0.4633773839014769,16
old_model_edu1,401008609,hours_2,0.04723977887088854,0.0006603871856662427,1514.2629510062923,71.53344695791637,246.91429181516253,0.2897096252794697,16
old_model_edu1,401008609,hours_3,0.04598147943429748,0.001228700509100839,813.8679126494437,37.42285068772502,246.91429181516253,0.15156210850581048,16
old_model_edu1,401008609,hours_4,0.13702685338120602,0.061082580566403206,16.371279489015148,2.243304914204024,246.91429181516253,0.009085358719872476,16
old_model_edu1,401008609,work_work,0.15495457354874853,0.08657059463138579,11.551266375180099,1.7899215551140304,246.91429181516253,0.007249161407205813,16
old_model_edu1,401008609,nowork_nowork,1.1662474188990224,0.09627806830509002,10.386581456874474,12.113323815264303,246.91429181516253,0.04905882007159072,16
old_model_edu1,492064534,hours_0,0.6606072805172651,0.09383737769701109,10.656734272383432,7.039916246874355,241.4681819061046,0.029154633092039597,17
old_model_edu1,492064534,hours_1,0.04085833761145789,0.0003774710394068248,2649.2091595967977,108.24228224617259,241.4681819061046,0.4482672681416172,17
old_model_edu1,492064534,hours_2,0.04826817047522459,0.0006603871856662427,1514.2629510062923,73.09070226348837,241.4681819061046,0.30269289181922043,17
old_model_edu1,492064534,hours_3,0.04607892277510539,0.001228700509100839,813.8679126494437,37.502156696109935,241.4681819061046,0.1553088957728299,17
old_model_edu1,492064534,hours_4,0.13275471636461855,0.061082580566403206,16.371279489015148,2.1733645650901035,241.4681819061046,0.009000625042744641,17
old_model_edu1,492064534,work_work,0.15926020365181814,0.08657059463138579,11.551266375180099,1.8396570353475816,241.4681819061046,0.007618631245018178,17
old_model_edu1,492064534,nowork_nowork,1.1149099346211977,0.09627806830509002,10.386581456874474,11.580102853021664,241.4681819061046,0.04795705488652998,17
old_model_edu1,1444732602,hours_0,0.6717944793962523,0.09383737769701109,10.656734272383432,7.159135252580026,234.41443698549406,0.030540504862433218,18
old_model_edu1,1444732602,hours_1,0.03924662034413752,0.0003774710394068248,2649.2091595967977,103.97250609890715,234.41443698549406,0.4435413937638198,18
old_model_edu1,1444732602,hours_2,0.0470070016733902,0.0006603871856662427,1514.2629510062923,71.18096107190556,234.41443698549406,0.30365433966983163,18
old_model_edu1,1444732602,hours_3,0.04466869847502583,0.001228700509100839,813.8679126494437,36.35442038863666,234.41443698549406,0.1550860981778453,18
old_model_edu1,1444732602,hours_4,0.13191078529170996,0.061082580566403206,16.371279489015148,2.1595483336260526,234.41443698549406,0.009212522749866676,18
old_model_edu1,1444732602,work_work,0.16077660837356783,0.08657059463138579,11.551266375180099,1.8571734302210932,234.41443698549406,0.007922606875684956,18
old_model_edu1,1444732602,nowork_nowork,1.1294084062522292,0.09627806830509002,10.386581456874474,11.730692409617555,234.41443698549406,0.05004253390051855,18
old_model_edu1,1317426686,hours_0,0.639979258672435,0.09383737769701109,10.656734272383432,6.82008889950908,234.27545726998204,0.029111410042621418,19
old_model_edu1,1317426686,hours_1,0.041884420945683856,0.0003774710394068248,2649.2091595967977,110.96059161371365,234.27545726998204,0.4736330169055704,19
old_model_edu1,1317426686,hours_2,0.043294646355866905,0.0006603871856662427,1514.2629510062923,65.55947895360883,234.27545726998204,0.2798392956632126,19
old_model_edu1,1317426686,hours_3,0.04359358358261877,0.001228700509100839,813.8679126494437,35.479418875294996,234.27545726998204,0.15144317415378283,19
old_model_edu1,1317426686,hours_4,0.13388314018909314,0.061082580566403206,16.371279489015148,2.1918383069026404,234.27545726998204,0.009355817004667023,19
old_model_edu1,1317426686,work_work,0.16294941698453613,0.08657059463138579,11.551266375180099,1.882272121268673,234.27545726998204,0.008034440069834198,19
old_model_edu1,1317426686,nowork_nowork,1.0958146861834948,0.09627806830509002,10.386581456874474,11.381768499684208,234.27545726998204,0.04858284616031167,19
old_model_edu1,2022506251,hours_0,0.6725110890931989,0.09383737769701109,10.656734272383432,7.1667719716974,232.92933985289716,0.030768008771344398,20
old_model_edu1,2022506251,hours_1,0.037521918096520376,0.0003774710394068248,2649.2091595967977,99.40340910694262,232.92933985289716,0.4267534917229374,20
old_model_edu1,2022506251,hours_2,0.04747358730235416,0.0006603871856662427,1514.2629510062923,71.88749440331766,232.92933985289716,0.30862361284635537,20
old_model_edu1,2022506251,hours_3,0.047644857756130345,0.001228700509100839,813.8679126494437,38.77662093046146,232.92933985289716,0.16647375103089299,20
old_model_edu1,2022506251,hours_4,0.1345935011778517,0.061082580566403206,16.371279489015148,2.2034678251877,232.92933985289716,0.009459812261432008,20
old_model_edu1,2022506251,work_work,0.1569155397373077,0.08657059463138579,11.551266375180099,1.812573197910799,232.92933985289716,0.0077816439915018906,20
old_model_edu1,2022506251,nowork_nowork,1.1244317936436796,0.09627806830509002,10.386581456874474,11.679002417379548,232.92933985289716,0.05013967937553611,20
old_model_edu1,1516459118,hours_0,0.6568489643233767,0.09383737769701109,10.656734272383432,6.99986486988449,242.32739161933029,0.028885982814854497,21
old_model_edu1,1516459118,hours_1,0.0422069689404595,0.0003774710394068248,2649.2091595967977,111.81508871588285,242.32739161933029,0.46142158329146743,21
old_model_edu1,1516459118,hours_2,0.045317348684629784,0.0006603871856662427,1514.2629510062923,68.62238215096862,242.32739161933029,0.2831804596764977,21
old_model_edu1,1516459118,hours_3,0.04857659006306813,0.001228700509100839,813.8679126494437,39.53492795825697,242.32739161933029,0.1631467565183964,21
old_model_edu1,1516459118,hours_4,0.12039072045690982,0.061082580566403206,16.371279489015148,1.9709501324839642,242.32739161933029,0.008133418675096005,21
old_model_edu1,1516459118,work_work,0.16251668231364727,0.08657059463138579,11.551266375180099,1.87727348781546,242.32739161933029,0.007746848077184978,21
old_model_edu1,1516459118,nowork_nowork,1.1078625197149872,0.09627806830509002,10.386581456874474,11.506904304037917,242.32739161933029,0.047484950946502985,21
old_model_edu1,533103612,hours_0,0.6692965601219555,0.09383737769701109,10.656734272383432,7.132515590639981,239.40204858102078,0.029793043263061827,22
old_model_edu1,533103612,hours_1,0.03897338131046024,0.0003774710394068248,2649.2091595967977,103.24863874812992,239.40204858102078,0.43127717310734504,22
old_model_edu1,533103612,hours_2,0.05221036373392227,0.0006603871856662427,1514.2629510062923,79.06021946084104,239.40204858102078,0.33024036314411365,22
old_model_edu1,533103612,hours_3,0.042202302867333244,0.001228700509100839,813.8679126494437,34.34710014363614,239.40204858102078,0.1434703685587388,22
old_model_edu1,533103612,hours_4,0.1279071011293045,0.061082580566403206,16.371279489015148,2.094002901217569,239.40204858102078,0.008746804438930673,22
old_model_edu1,533103612,work_work,0.15445576192178,0.08657059463138579,11.551266375180099,1.7841596491398801,239.40204858102078,0.007452566340659643,22
old_model_edu1,533103612,nowork_nowork,1.1298628077141823,0.09627806830509002,10.386581456874474,11.735412087416256,239.40204858102078,0.04901968114715043,22
old_model_edu1,1964759878,hours_0,0.654352787836507,0.09383737769701109,10.656734272383432,6.973263780366948,230.78377941209132,0.030215571467504972,23
old_model_edu1,1964759878,hours_1,0.03654086803964935,0.0003774710394068248,2649.2091595967977,96.80440231025695,230.78377941209132,0.4194592989024649,23
old_model_edu1,1964759878,hours_2,0.04946087873363829,0.0006603871856662427,1514.2629510062923,74.89677619056349,230.78377941209132,0.32453223697678757,23
old_model_edu1,1964759878,hours_3,0.04506596978570291,0.001228700509100839,813.8679126494437,36.677746761012926,230.78377941209132,0.15892688322570772,23
old_model_edu1,1964759878,hours_4,0.12983310238468265,0.061082580566403206,16.371279489015148,2.1255340060655588,230.78377941209132,0.009210066719074612,23
old_model_edu1,1964759878,work_work,0.1546457495893144,0.08657059463138579,11.551266375180099,1.786354247295569,230.78377941209132,0.007740380419482711,23
old_model_edu1,1964759878,nowork_nowork,1.1090946683815224,0.09627806830509002,10.386581456874474,11.519702116529864,230.78377941209132,0.049915562288977394,23
old_model_edu1,2037706756,hours_0,0.6556824917426873,0.09383737769701109,10.656734272383432,6.987434081556063,235.82001039068726,0.02963036966192926,24
old_model_edu1,2037706756,hours_1,0.04000046842647734,0.0003774710394068248,2649.2091595967977,105.96960734358626,235.82001039068726,0.4493664772892873,24
old_model_edu1,2037706756,hours_2,0.04730801998012348,0.0006603871856662427,1514.2629510062923,71.63678194136642,235.82001039068726,0.3037773674196879,24
old_model_edu1,2037706756,hours_3,0.043972031159023976,0.001228700509100839,813.8679126494437,35.787425214351146,235.82001039068726,0.15175737273126855,24
old_model_edu1,2037706756,hours_4,0.12723733349747757,0.061082580566403206,16.371279489015148,2.0830379481242347,235.82001039068726,0.008833168757279028,24
old_model_edu1,2037706756,work_work,0.16620074905175689,0.08657059463138579,11.551266375180099,1.919829124051305,235.82001039068726,0.008141078108132934,24
old_model_edu1,2037706756,nowork_nowork,1.101025855825052,0.09627806830509002,10.386581456874474,11.435894737651834,235.82001039068726,0.04849416603241507,24
old_model_edu1,1572889065,hours_0,0.6786395903520696,0.09383737769701109,10.656734272383432,7.232081781101152,246.89517349105472,0.029292114863327525,25
old_model_edu1,1572889065,hours_1,0.043939089492830936,0.0003774710394068248,2649.2091595967977,116.40383834875112,246.89517349105472,0.47147069220844273,25
old_model_edu1,1572889065,hours_2,0.04581510912056279,0.0006603871856662427,1514.2629510062923,69.3761223375787,246.89517349105472,0.28099424284651836,25
old_model_edu1,1572889065,hours_3,0.04692571950740858,0.001228700509100839,813.8679126494437,38.191337385067904,246.89517349105472,0.15468644787603195,25
old_model_edu1,1572889065,hours_4,0.1330202938258505,0.061082580566403206,16.371279489015148,2.1777124079339147,246.89517349105472,0.008820392789139783,25
old_model_edu1,1572889065,work_work,0.15235678313231535,0.08657059463138579,11.551266375180099,1.7599137860269207,246.89517349105472,0.007128182220583928,25
old_model_edu1,1572889065,nowork_nowork,1.1316685372756,0.09627806830509002,10.386581456874474,11.754167444595005,246.89517349105472,0.04760792719595578,25
old_model_edu1,1432881518,hours_0,0.6584215574260092,0.09383737769701109,10.656734272383432,7.016623576697827,236.91198699221306,0.029617005309775454,26
old_model_edu1,1432881518,hours_1,0.041909970754654385,0.0003774710394068248,2649.2091595967977,111.02827840166431,236.91198699221306,0.46864778693242587,26
old_model_edu1,1432881518,hours_2,0.041849806288858635,0.0006603871856662427,1514.2629510062923,63.37161117000876,236.91198699221306,0.26749010033034626,26
old_model_edu1,1432881518,hours_3,0.049428723825822043,0.001228700509100839,813.8679126494437,40.22845228504761,236.91198699221306,0.16980336367011206,26
old_model_edu1,1432881518,hours_4,0.12546721231543387,0.061082580566403206,16.371279489015148,2.0540587995235713,236.91198699221306,0.00867013453224334,26
old_model_edu1,1432881518,work_work,0.15781320220038197,0.08657059463138579,11.551266375180099,1.8229423361367703,236.91198699221306,0.0076945973029076305,26
old_model_edu1,1432881518,nowork_nowork,1.0966091654338879,0.09627806830509002,10.386581456874474,11.390020423134212,236.91198699221306,0.04807701192218942,26
old_model_edu1,280516901,hours_0,0.6562245239350101,0.09383737769701109,10.656734272383432,6.993210374596723,241.46930600703038,0.028961073729151795,27
old_model_edu1,280516901,hours_1,0.04213705533119079,0.0003774710394068248,2649.2091595967977,111.62987294182771,241.46930600703038,0.4622942550660149,27
old_model_edu1,280516901,hours_2,0.04591589635618833,0.0006603871856662427,1514.2629510062923,69.52874071442079,241.46930600703038,0.2879402846852778,27
old_model_edu1,280516901,hours_3,0.046387907192272065,0.001228700509100839,813.8679126494437,37.75362919875058,241.46930600703038,0.1563495991397407,27
old_model_edu1,280516901,hours_4,0.12888838016324694,0.061082580566403206,16.371279489015148,2.1100676945389516,241.46930600703038,0.008738450983403733,27
old_model_edu1,280516901,work_work,0.1621589630420514,0.08657059463138579,11.551266375180099,1.8731413772217207,241.46930600703038,0.00775726492197391,27
old_model_edu1,280516901,nowork_nowork,1.114962006869848,0.09627806830509002,10.386581456874474,11.580643705673912,241.46930600703038,0.047959071474437176,27
old_model_edu1,205939248,hours_0,0.6691112444642888,0.09383737769701109,10.656734272383432,7.130540730919716,227.95524415314088,0.031280441726225,28
old_model_edu1,205939248,hours_1,0.03681307072435435,0.0003774710394068248,2649.2091595967977,97.52552415584427,227.95524415314088,0.4278275085013021,28
old_model_edu1,205939248,hours_2,0.04733157756575221,0.0006603871856662427,1514.2629510062923,71.67245432049916,227.95524415314088,0.31441458864771465,28
old_model_edu1,205939248,hours_3,0.04417465909654381,0.001228700509100839,813.8679126494437,35.952337590904875,227.95524415314088,0.15771665058405943,28
old_model_edu1,205939248,hours_4,0.13454115092347502,0.061082580566403206,16.371279489015148,2.202610784541978,227.95524415314088,0.009662470335897422,28
old_model_edu1,205939248,work_work,0.14874307732301265,0.08657059463138579,11.551266375180099,1.7181709076221294,227.95524415314088,0.007537316871147996,28
old_model_edu1,205939248,nowork_nowork,1.131614450010356,0.09627806830509002,10.386581456874474,11.75360566280877,227.95524415314088,0.05156102333365346,28
old_model_edu1,571904914,hours_0,0.6849856173666063,0.09383737769701109,10.656734272383432,7.299709704680438,245.67006400849414,0.029713468485228413,29
old_model_edu1,571904914,hours_1,0.04287099145749791,0.0003774710394068248,2649.2091595967977,113.57422325019954,245.67006400849414,0.4623038777987727,29
old_model_edu1,571904914,hours_2,0.04655435884210493,0.0006603871856662427,1514.2629510062923,70.49554080245169,245.67006400849414,0.2869521001142991,29
old_model_edu1,571904914,hours_3,0.04711835626513793,0.001228700509100839,813.8679126494437,38.34811826098065,245.67006400849414,0.15609601607648357,29
old_model_edu1,571904914,hours_4,0.13156454397822623,0.061082580566403206,16.371279489015148,2.1538799203123666,245.67006400849414,0.008767368254676302,29
old_model_edu1,571904914,work_work,0.15911269241737136,0.08657059463138579,11.551266375180099,1.8379530937851551,245.67006400849414,0.0074813881015702716,29
old_model_edu1,571904914,nowork_nowork,1.1515472175080324,0.09627806830509002,10.386581456874474,11.960638976084326,245.67006400849414,0.048685781168969704,29
old_model_edu1,948843457,hours_0,0.6762982436621117,0.09383737769701109,10.656734272383432,7.2071306715867465,234.93776210680716,0.03067676565468538,30
old_model_edu1,948843457,hours_1,0.038910678763150894,0.0003774710394068248,2649.2091595967977,103.08252658546795,234.93776210680716,0.4387652528102514,30
old_model_edu1,948843457,hours_2,0.04683530125093348,0.0006603871856662427,1514.2629510062923,70.92096148350723,234.93776210680716,0.3018712736833903,30
old_model_edu1,948843457,hours_3,0.0466069604199784,0.001228700509100839,813.8679126494437,37.93190959194306,234.93776210680716,0.16145514136079367,30
old_model_edu1,948843457,hours_4,0.13306811614856284,0.061082580566403206,16.371279489015148,2.1784953205448523,234.93776210680716,0.009272648641108903,30
old_model_edu1,948843457,work_work,0.1583921222335654,0.08657059463138579,11.551266375180099,1.8296295956500002,234.93776210680716,0.007787720370036623,30
old_model_edu1,948843457,nowork_nowork,1.134840072939099,0.09627806830509002,10.386581456874474,11.787108858107322,234.93776210680716,0.05017119747973371,30
old_model_edu1,155492488,hours_0,0.6582266199183593,0.09383737769701109,10.656734272383432,7.014546179479082,231.00586037309807,0.03036523042380775,31
old_model_edu1,155492488,hours_1,0.037984500215609104,0.0003774710394068248,2649.2091595967977,100.62888589389817,231.00586037309807,0.43561183136814036,31
old_model_edu1,155492488,hours_2,0.045202524704005466,0.0006603871856662427,1514.2629510062923,68.44850845122214,231.00586037309807,0.29630637223086376,31
old_model_edu1,155492488,hours_3,0.048358432593446,0.001228700509100839,813.8679126494437,39.35737659382672,231.00586037309807,0.17037393133776146,31
old_model_edu1,155492488,hours_4,0.1259740379789774,0.061082580566403206,16.371279489015148,2.062356184113648,231.00586037309807,0.00892772235640573,31
old_model_edu1,155492488,work_work,0.16093100307080924,0.08657059463138579,11.551266375180099,1.858956884495844,231.00586037309807,0.008047228245610041,31
old_model_edu1,155492488,nowork_nowork,1.120217487762687,0.09627806830509002,10.386581456874474,11.635230186062431,231.00586037309807,0.050367684037410765,31
old_model_edu1,1903701130,hours_0,0.6691387407569943,0.09383737769701109,10.656734272383432,7.130833751604554,243.14668620521977,0.029327291532922697,32
old_model_edu1,1903701130,hours_1,0.04267021185126477,0.0003774710394068248,2649.2091595967977,113.04231607830646,243.14668620521977,0.46491407241675053,32
old_model_edu1,1903701130,hours_2,0.04563704862491455,0.0006603871856662427,1514.2629510062923,69.10649192598076,243.14668620521977,0.28421728876721664,32
old_model_edu1,1903701130,hours_3,0.04697738554756621,0.001228700509100839,813.8679126494437,38.23338671732586,243.14668620521977,0.15724412005786603,32
old_model_edu1,1903701130,hours_4,0.13088106833502847,0.061082580566403206,16.371279489015148,2.1426905495336417,243.14668620521977,0.008812337042196725,32
old_model_edu1,1903701130,work_work,0.16184792613089238,0.08657059463138579,11.551266375180099,1.8695485070084097,243.14668620521977,0.007688973829692585,32
old_model_edu1,1903701130,nowork_nowork,1.118887742200138,0.09627806830509002,10.386581456874474,11.6214186754601,243.14668620521977,0.04779591635335484,32
old_model_edu1,1017961266,hours_0,0.6850193439138518,0.09383737769701109,10.656734272383432,7.300069119532357,240.03304056377735,0.03041276776891351,33
old_model_edu1,1017961266,hours_1,0.03725232661481127,0.0003774710394068248,2649.2091595967977,98.68920488424958,240.03304056377735,0.4111484179530177,33
old_model_edu1,1017961266,hours_2,0.05013260579723475,0.0006603871856662427,1514.2629510062923,75.91394759615585,240.03304056377735,0.31626457515120854,33
old_model_edu1,1017961266,hours_3,0.05192973368900567,0.001228700509100839,813.8679126494437,42.263943961912545,240.03304056377735,0.17607552636355875,33
old_model_edu1,1017961266,hours_4,0.13137891466288304,0.061082580566403206,16.371279489015148,2.1508409309095287,240.03304056377735,0.008960603614642982,33
old_model_edu1,1017961266,work_work,0.1744692307185559,0.08657059463138579,11.551266375180099,2.0153405583027935,240.03304056377735,0.008396096443928155,33
old_model_edu1,1017961266,nowork_nowork,1.1264238923357346,0.09627806830509002,10.386581456874474,11.69969351271471,240.03304056377735,0.04874201270473043,33
old_model_edu1,1497769985,hours_0,0.6644911635205705,0.09383737769701109,10.656734272383432,7.081305755985606,235.06852656318287,0.030124431626461307,34
old_model_edu1,1497769985,hours_1,0.039436654492122324,0.0003774710394068248,2649.2091595967977,104.47594630438466,235.06852656318287,0.44444889255007564,34
old_model_edu1,1497769985,hours_2,0.04561117866783912,0.0006603871856662427,1514.2629510062923,69.06731800843731,235.06852656318287,0.29381780291149723,34
old_model_edu1,1497769985,hours_3,0.04793803534981302,0.001228700509100839,813.8679126494437,39.01522876666757,235.06852656318287,0.16597385169801054,34
old_model_edu1,1497769985,hours_4,0.12254760967811343,0.061082580566403206,16.371279489015148,2.0062611687511325,235.06852656318287,0.00853479280311854,34
old_model_edu1,1497769985,work_work,0.1458575299100092,0.08657059463138579,11.551266375180099,1.6848391808163148,235.06852656318287,0.007167438386795075,34
old_model_edu1,1497769985,nowork_nowork,1.1300760916260426,0.09627806830509002,10.386581456874474,11.737627378140234,235.06852656318287,0.04993279002404151,34
old_model_edu1,456523489,hours_0,0.6706980730639651,0.09383737769701109,10.656734272383432,7.147451141642284,235.0021372784446,0.030414409096090715,35
old_model_edu1,456523489,hours_1,0.03831438327643033,0.0003774710394068248,2649.2091595967977,101.5028151202216,235.0021372784446,0.43192294459839314,35
old_model_edu1,456523489,hours_2,0.04886224510006095,0.0006603871856662427,1514.2629510062923,73.99028745801104,235.0021372784446,0.31484942356223306,35
old_model_edu1,456523489,hours_3,0.04484336714209411,0.001228700509100839,813.8679126494437,36.49657761210878,235.0021372784446,0.1553031731318488,35
old_model_edu1,456523489,hours_4,0.1352930948042788,0.061082580566403206,16.371279489015148,2.2149210679746716,235.0021372784446,0.009425110314423654,35
old_model_edu1,456523489,work_work,0.1681679932245019,0.08657059463138579,11.551266375180099,1.9425532855157035,235.0021372784446,0.008266109015059937,35
old_model_edu1,456523489,nowork_nowork,1.1271785275627675,0.09627806830509002,10.386581456874474,11.707531592970513,235.0021372784446,0.04981883028195071,35
old_model_edu1,701095136,hours_0,0.6568895554357697,0.09383737769701109,10.656734272383432,7.0002974385830825,231.28692745214417,0.03026672331073066,36
old_model_edu1,701095136,hours_1,0.038491369925753034,0.0003774710394068248,2649.2091595967977,101.97168977273365,231.28692745214417,0.44088825467160364,36
old_model_edu1,701095136,hours_2,0.045044235530124266,0.0006603871856662427,1514.2629510062923,68.20881701966844,231.28692745214417,0.2949099534982651,36
old_model_edu1,701095136,hours_3,0.04717030316842777,0.001228700509100839,813.8679126494437,38.39039617872975,231.28692745214417,0.16598601832640605,36
old_model_edu1,701095136,hours_4,0.13784654209310945,0.061082580566403206,16.371279489015148,2.256724267200586,231.28692745214417,0.00975724954307038,36
old_model_edu1,701095136,work_work,0.16131959753390596,0.08657059463138579,11.551266375180099,1.8634456426509942,231.28692745214417,0.008056856750092638,36
old_model_edu1,701095136,nowork_nowork,1.11639784280544,0.09627806830509002,10.386581456874474,11.595557132577646,231.28692745214417,0.0501349438998315,36
old_model_edu1,249069576,hours_0,0.6515834914768373,0.09383737769701109,10.656734272383432,6.9437521249404695,229.08487527437975,0.03031082744604502,37
old_model_edu1,249069576,hours_1,0.0390147523483656,0.0003774710394068248,2649.2091595967977,103.35823928069082,229.08487527437975,0.4511788006820463,37
old_model_edu1,249069576,hours_2,0.04321356349047111,0.0006603871856662427,1514.2629510062923,65.43669817457855,229.08487527437975,0.2856439042350729,37
old_model_edu1,249069576,hours_3,0.04654392316379577,0.001228700509100839,813.8679126494437,37.88060559183456,229.08487527437975,0.16535620497190906,37
old_model_edu1,249069576,hours_4,0.12860430252054036,0.061082580566403206,16.371279489015148,2.1054169800536218,229.08487527437975,0.0091905542761473,37
old_model_edu1,249069576,work_work,0.16089371451372497,0.08657059463138579,11.551266375180099,1.8585261544402174,229.08487527437975,0.008112827842581147,37
old_model_edu1,249069576,nowork_nowork,1.1073553907603564,0.09627806830509002,10.386581456874474,11.501636967841504,229.08487527437975,0.05020688054619823,37
old_model_edu1,1576098728,hours_0,0.6645068729912458,0.09383737769701109,10.656734272383432,7.081473167640153,240.01342171418162,0.029504488195135514,38
old_model_edu1,1576098728,hours_1,0.041086982582519305,0.0003774710394068248,2649.2091595967977,108.84801059780423,240.01342171418162,0.453508015595166,38
old_model_edu1,1576098728,hours_2,0.047184201390267876,0.0006603871856662427,1514.2629510062923,71.44928803810222,240.01342171418162,0.29768871893833976,38
old_model_edu1,1576098728,hours_3,0.045653877330942345,0.001228700509100839,813.8679126494437,37.15622584768781,240.01342171418162,0.1548089501925232,38
old_model_edu1,1576098728,hours_4,0.12699449071422136,0.061082580566403206,16.371279489015148,2.079062301047657,240.01342171418162,0.008662275160276222,38
old_model_edu1,1576098728,work_work,0.15821172506371114,0.08657059463138579,11.551266375180099,1.827545779887685,240.01342171418162,0.0076143482595069445,38
old_model_edu1,1576098728,nowork_nowork,1.1141120906872501,0.09627806830509002,10.386581456874474,11.571815982011845,240.01342171418162,0.0482132036590523,38
old_model_edu1,1662748500,hours_0,0.6488438213278247,0.09383737769701109,10.656734272383432,6.914556188168461,226.15151155619537,0.03057488380505604,39
old_model_edu1,1662748500,hours_1,0.03830965216832948,0.0003774710394068248,2649.2091595967977,101.49028142530578,226.15151155619537,0.4487711832077979,39
old_model_edu1,1662748500,hours_2,0.043787298031859954,0.0006603871856662427,1514.2629510062923,66.30548313431626,226.15151155619537,0.29319053707868015,39
old_model_edu1,1662748500,hours_3,0.044235145957180144,0.001228700509100839,813.8679126494437,36.00156590591369,226.15151155619537,0.1591922408927513,39
old_model_edu1,1662748500,hours_4,0.13399394614809232,0.061082580566403206,16.371279489015148,2.193652342226464,226.15151155619537,0.009699923414756277,39
old_model_edu1,1662748500,work_work,0.1448185988498983,0.08657059463138579,11.551266375180099,1.6728382113955256,226.15151155619537,0.007396980015231291,39
old_model_edu1,1662748500,nowork_nowork,1.1142390205017272,0.09627806830509002,10.386581456874474,11.573134348869216,226.15151155619537,0.05117425158572712,39
old_model_edu1,472736216,hours_0,0.6767154947767628,0.09383737769701109,10.656734272383432,7.21157720584044,235.53359796686948,0.030618040347920265,40
old_model_edu1,472736216,hours_1,0.039902160973491224,0.0003774710394068248,2649.2091595967977,105.70917033867883,235.53359796686948,0.44880718186773527,40
old_model_edu1,472736216,hours_2,0.04632331864063038,0.0006603871856662427,1514.2629510062923,70.14568518516575,235.53359796686948,0.2978160474372431,40
old_model_edu1,472736216,hours_3,0.04498815179737158,0.001228700509100839,813.8679126494437,36.61441319728313,235.53359796686948,0.15545303733029786,40
old_model_edu1,472736216,hours_4,0.14039145070487274,0.061082580566403206,16.371279489015148,2.2983876773577645,235.53359796686948,0.009758215801047031,40
old_model_edu1,472736216,work_work,0.15981449391646804,0.08657059463138579,11.551266375180099,1.8460597898437217,235.53359796686948,0.007837776885246712,40
old_model_edu1,472736216,nowork_nowork,1.127252948558024,0.09627806830509002,10.386581456874474,11.708304572699848,235.53359796686948,0.049709700330509775,40
old_model_edu1,1535411295,hours_0,0.6688396212397798,0.09383737769701109,10.656734272383432,7.127646114393915,231.408763232713,0.03080110716129664,41
old_model_edu1,1535411295,hours_1,0.03862437851011831,0.0003774710394068248,2649.2091595967977,102.32405733273914,231.408763232713,0.4421788349900923,41
old_model_edu1,1535411295,hours_2,0.04523753733189747,0.0006603871856662427,1514.2629510062923,68.50152677645637,231.408763232713,0.29601958810682016,41
old_model_edu1,1535411295,hours_3,0.04601740605125418,0.001228700509100839,813.8679126494437,37.45209020847612,231.408763232713,0.16184387179327756,41
old_model_edu1,1535411295,hours_4,0.1397680156117022,0.061082580566403206,16.371279489015148,2.2881812472042093,231.408763232713,0.009888049247742324,41
old_model_edu1,1535411295,work_work,0.16960164109375586,0.08657059463138579,11.551266375180099,1.9591137339416653,231.408763232713,0.008466030873565103,41
old_model_edu1,1535411295,nowork_nowork,1.1318592039463207,0.09627806830509002,10.386581456874474,11.756147819501557,231.408763232713,0.05080251782720584,41
old_model_edu1,175223003,hours_0,0.6591032251909562,0.09383737769701109,10.656734272383432,7.023887928930918,227.67141359162048,0.030850987474122814,42
old_model_edu1,175223003,hours_1,0.0373614599882387,0.0003774710394068248,2649.2091595967977,98.97832201675122,227.67141359162048,0.43474198387633745,42
old_model_edu1,175223003,hours_2,0.04454315905549124,0.0006603871856662427,1514.2629510062923,67.45005547851082,227.67141359162048,0.2962605380027971,42
old_model_edu1,175223003,hours_3,0.047560355678044265,0.001228700509100839,813.8679126494437,38.707847400555,227.67141359162048,0.17001628263259336,42
old_model_edu1,175223003,hours_4,0.13269830271006072,0.061082580566403206,16.371279489015148,2.1724410013843403,227.67141359162048,0.009542001637856469,42
old_model_edu1,175223003,work_work,0.1549336607411894,0.08657059463138579,11.551266375180099,1.789679985703262,227.67141359162048,0.007860802361922575,42
old_model_edu1,175223003,nowork_nowork,1.1119327208608154,0.09627806830509002,10.386581456874474,11.549179779784925,227.67141359162048,0.05072740401437028,42
old_model_edu1,840936862,hours_0,0.6804368827460431,0.09383737769701109,10.656734272383432,7.251235048553504,245.64215668497766,0.029519505716817197,43
old_model_edu1,840936862,hours_1,0.04153301007549177,0.0003774710394068248,2649.2091595967977,110.02963071761887,245.64215668497766,0.44792649682979996,43
old_model_edu1,840936862,hours_2,0.047437520608434466,0.0006603871856662427,1514.2629510062923,71.83287994494978,245.64215668497766,0.2924289581005081,43
old_model_edu1,840936862,hours_3,0.05029041882602861,0.001228700509100839,813.8679126494437,40.929758196206194,245.64215668497766,0.16662350937056916,43
old_model_edu1,840936862,hours_4,0.12691053668283286,0.061082580566403206,16.371279489015148,2.077687866135566,245.64215668497766,0.008458189319678074,43
old_model_edu1,840936862,work_work,0.160190734526517,0.08657059463138579,11.551266375180099,1.8504058453515575,245.64215668497766,0.007532932743806673,43
old_model_edu1,840936862,nowork_nowork,1.1236188840976058,0.09627806830509002,10.386581456874474,11.67055906616218,245.64215668497766,0.047510407918820795,43
old_model_edu1,343373188,hours_0,0.6731666366057163,0.09383737769701109,10.656734272383432,7.17375796734122,242.7301039964561,0.029554463369924473,44
old_model_edu1,343373188,hours_1,0.04120252409523625,0.0003774710394068248,2649.2091595967977,109.15410423160762,242.7301039964561,0.44969331135457874,44
old_model_edu1,343373188,hours_2,0.04735865930482075,0.0006603871856662427,1514.2629510062923,71.71346319461946,242.7301039964561,0.2954452785784926,44
old_model_edu1,343373188,hours_3,0.04781306467270545,0.001228700509100839,813.8679126494437,38.91351914254764,242.7301039964561,0.16031599913587885,44
old_model_edu1,343373188,hours_4,0.12914219051027723,0.061082580566403206,16.371279489015148,2.1142228946673884,242.7301039964561,0.008710179989451396,44
old_model_edu1,343373188,work_work,0.16199128114852795,0.08657059463138579,11.551266375180099,1.8712044390033367,242.7301039964561,0.007708992037636405,44
old_model_edu1,343373188,nowork_nowork,1.1351022639760078,0.09627806830509002,10.386581456874474,11.789832126669436,242.7301039964561,0.048571775534037465,44
old_model_edu1,1597751082,hours_0,0.6689328048771959,0.09383737769701109,10.656734272383432,7.128639147656392,241.6679904633035,0.0294976555810723,45
old_model_edu1,1597751082,hours_1,0.04113374534166692,0.0003774710394068248,2649.2091595967977,108.97189492766613,241.6679904633035,0.4509157158908604,45
old_model_edu1,1597751082,hours_2,0.047846066380741854,0.0006603871856662427,1514.2629510062923,72.45152567174512,241.6679904633035,0.29979777434672983,45
old_model_edu1,1597751082,hours_3,0.04620573402616258,0.001228700509100839,813.8679126494437,37.60536430430832,241.6679904633035,0.15560755163401985,45
old_model_edu1,1597751082,hours_4,0.12784229455846735,0.061082580566403206,16.371279489015148,2.0929419347336693,241.6679904633035,0.008660401945335312,45
old_model_edu1,1597751082,work_work,0.16010609224225114,0.08657059463138579,11.551266375180099,1.849428119779399,241.6679904633035,0.007652764092728402,45
old_model_edu1,1597751082,nowork_nowork,1.1137636002226663,0.09627806830509002,10.386581456874474,11.5681963574145,241.6679904633035,0.04786813650925398,45
old_model_edu1,730359585,hours_0,0.6731396507473121,0.09383737769701109,10.656734272383432,7.173470386219094,239.8790664670137,0.02990452852710903,46
old_model_edu1,730359585,hours_1,0.040119330816180174,0.0003774710394068248,2649.2091595967977,106.28449867511858,239.8790664670137,0.4430753389218062,46
old_model_edu1,730359585,hours_2,0.049204454709864516,0.0006603871856662427,1514.2629510062923,74.5084827916149,239.8790664670137,0.3106085240741952,46
old_model_edu1,730359585,hours_3,0.044306143399327085,0.001228700509100839,813.8679126494437,36.05934844595726,239.8790664670137,0.15032303142181797,46
old_model_edu1,730359585,hours_4,0.13332270499767054,0.061082580566403206,16.371279489015148,2.1826632657483813,239.8790664670137,0.009099015174167039,46
old_model_edu1,730359585,work_work,0.17280205416746242,0.08657059463138579,11.551266375180099,1.9960825578666586,239.8790664670137,0.008321203626749749,46
old_model_edu1,730359585,nowork_nowork,1.1240002683233135,0.09627806830509002,10.386581456874474,11.67452034448886,239.8790664670137,0.04866835825415491,46
old_model_edu1,1016641002,hours_0,0.6751470495807571,0.09383737769701109,10.656734272383432,7.1948627021658105,235.28420835436853,0.030579454322448255,47
old_model_edu1,1016641002,hours_1,0.03813228965870874,0.0003774710394068248,2649.2091595967977,101.02041104024944,235.28420835436853,0.42935482898240074,47
old_model_edu1,1016641002,hours_2,0.048431475052520476,0.0006603871856662427,1514.2629510062923,73.33798833461728,235.28420835436853,0.3116995774920889,47
old_model_edu1,1016641002,hours_3,0.04652716125538784,0.001228700509100839,813.8679126494437,37.866963612426574,235.28420835436853,0.1609413733173032,47
old_model_edu1,1016641002,hours_4,0.13732840163654225,0.061082580566403206,16.371279489015148,2.2482416449715585,235.28420835436853,0.00955542941320318,47
old_model_edu1,1016641002,work_work,0.16297146806140508,0.08657059463138579,11.551266375180099,1.8825268391314458,235.28420835436853,0.008001076027576472,47
old_model_edu1,1016641002,nowork_nowork,1.1296511975112553,0.09627806830509002,10.386581456874474,11.733214180806447,235.28420835436853,0.0498682604449794,47
old_model_edu1,998994690,hours_0,0.6690689115510204,0.09383737769701109,10.656734272383432,7.130089600312038,233.20207915323093,0.030574725689418252,48
old_model_edu1,998994690,hours_1,0.03937739691988583,0.0003774710394068248,2649.2091595967977,104.31896060124026,233.20207915323093,0.44733289248546976,48
old_model_edu1,998994690,hours_2,0.045053925810068736,0.0006603871856662427,1514.2629510062923,68.22349065157324,233.20207915323093,0.2925509536591455,48
old_model_edu1,998994690,hours_3,0.046184985976360074,0.001228700509100839,813.8679126494437,37.588478132324006,233.20207915323093,0.16118414668003714,48
old_model_edu1,998994690,hours_4,0.14294736123193058,0.061082580566403206,16.371279489015148,2.3402312029451444,233.20207915323093,0.010035207282210551,48
old_model_edu1,998994690,work_work,0.15226218065241756,0.08657059463138579,11.551266375180099,1.7588210075818687,233.20207915323093,0.007542046854677457,48
old_model_edu1,998994690,nowork_nowork,1.1401256521621532,0.09627806830509002,10.386581456874474,11.842007957254337,233.20207915323093,0.0507800273490412,48
old_model_edu1,1021240743,hours_0,0.6729049504426752,0.09383737769701109,10.656734272383432,7.170969247438931,229.45776869995288,0.03125180414708881,49
old_model_edu1,1021240743,hours_1,0.04051065258923495,0.0003774710394068248,2649.2091595967977,107.32119190064495,229.45776869995288,0.4677165323654042,49
old_model_edu1,1021240743,hours_2,0.04151224817969067,0.0006603871856662427,1514.2629510062923,62.860459431483974,229.45776869995288,0.27395219515832797,49
old_model_edu1,1021240743,hours_3,0.044618028768644125,0.001228700509100839,813.8679126494437,36.31318194046922,229.45776869995288,0.15825649376009415,49
old_model_edu1,1021240743,hours_4,0.13787833657454418,0.061082580566403206,16.371279489015148,2.257244783542362,229.45776869995288,0.009837299457461453,49
old_model_edu1,1021240743,work_work,0.16102507591560444,0.08657059463138579,11.551266375180099,1.8600435449847443,229.45776869995288,0.008106256569665345,49
old_model_edu1,1021240743,nowork_nowork,1.1240154327833909,0.09627806830509002,10.386581456874474,11.674677851388704,229.45776869995288,0.05087941854195805,49
old_model_edu1,572134801,hours_0,0.6908272402980733,0.09383737769701109,10.656734272383432,7.361962327980542,244.22650755750243,0.030143993793332158,50
old_model_edu1,572134801,hours_1,0.03993008613461607,0.0003774710394068248,2649.2091595967977,105.78314993131399,244.22650755750243,0.4331354159269859,50
old_model_edu1,572134801,hours_2,0.05018259231896645,0.0006603871856662427,1514.2629510062923,75.98964033406384,244.22650755750243,0.31114411410142406,50
old_model_edu1,572134801,hours_3,0.048133796585367816,0.001228700509100839,813.8679126494437,39.17455255482623,244.22650755750243,0.1604025416676062,50
old_model_edu1,572134801,hours_4,0.1281403655738036,0.061082580566403206,16.371279489015148,2.0978217386333133,244.22650755750243,0.008589656215508824,50
old_model_edu1,572134801,work_work,0.15453659953617932,0.08657059463138579,11.551266375180099,1.7850934259569406,244.22650755750243,0.007309171489244039,50
old_model_edu1,572134801,nowork_nowork,1.158637930554383,0.09627806830509002,10.386581456874474,12.034287244727569,244.22650755750243,0.04927510680589874,50
old_model_edu1,1198399760,hours_0,0.6594933242404107,0.09383737769701109,10.656734272383432,7.028045110840864,224.2788922593602,0.03133618612095473,51
old_model_edu1,1198399760,hours_1,0.0357393139036143,0.0003774710394068248,2649.2091595967977,94.6809177511602,224.2788922593602,0.4221570598880498,51
old_model_edu1,1198399760,hours_2,0.04666894993341037,0.0006603871856662427,1514.2629510062923,70.6690618465309,224.2788922593602,0.31509457325483803,51
old_model_edu1,1198399760,hours_3,0.04460555138464583,0.001228700509100839,813.8679126494437,36.303026997999204,224.2788922593602,0.16186555333980213,51
old_model_edu1,1198399760,hours_4,0.1373475085521378,0.061082580566403206,16.371279489015148,2.248554449626946,224.2788922593602,0.010025706953406372,51
old_model_edu1,1198399760,work_work,0.15658588149032013,0.08657059463138579,11.551266375180099,1.8087652276870707,224.2788922593602,0.008064803644541733,51
old_model_edu1,1198399760,nowork_nowork,1.1110990582832057,0.09627806830509002,10.386581456874474,11.540520875515034,224.2788922593602,0.05145611679840725,51
old_model_edu1,1751866485,hours_0,0.6592376727652375,0.09383737769701109,10.656734272383432,7.0253207010036,231.5916219152126,0.030334951855795635,52
old_model_edu1,1751866485,hours_1,0.03606802884223673,0.0003774710394068248,2649.2091595967977,95.55175237745502,231.5916219152126,0.4125872584995204,52
old_model_edu1,1751866485,hours_2,0.048720812108673406,0.0006603871856662427,1514.2629510062923,73.77612071910289,231.5916219152126,0.31856126792925554,52
old_model_edu1,1751866485,hours_3,0.04872704514361348,0.001228700509100839,813.8679126494437,39.657378520607914,231.5916219152126,0.17123839883606312,52
old_model_edu1,1751866485,hours_4,0.13252782292922152,0.061082580566403206,16.371279489015148,2.1696500292449956,231.5916219152126,0.009368430564553498,52
old_model_edu1,1751866485,work_work,0.15613953442278813,0.08657059463138579,11.551266375180099,1.8036093538142282,231.5916219152126,0.007787886879925833,52
old_model_edu1,1751866485,nowork_nowork,1.1175756202538814,0.09627806830509002,10.386581456874474,11.607790213983952,231.5916219152126,0.05012180543488593,52
old_model_edu1,1070889713,hours_0,0.6768826461722187,0.09383737769701109,10.656734272383432,7.213358493845071,239.2225988452218,0.030153332204672475,53
old_model_edu1,1070889713,hours_1,0.04073184604528785,0.0003774710394068248,2649.2091595967977,107.90717963046318,239.2225988452218,0.4510743556476437,53
old_model_edu1,1070889713,hours_2,0.046131072364303166,0.0006603871856662427,1514.2629510062923,69.85457377145453,239.2225988452218,0.29200658344427893,53
old_model_edu1,1070889713,hours_3,0.047350988058125265,0.001228700509100839,813.8679126494437,38.53744981275515,239.2225988452218,0.16109452032869634,53
old_model_edu1,1070889713,hours_4,0.13194756085647824,0.061082580566403206,16.371279489015148,2.16015039667524,239.2225988452218,0.00902987596950599,53
old_model_edu1,1070889713,work_work,0.15541192517615743,0.08657059463138579,11.551266375180099,1.7952045455893528,239.2225988452218,0.007504326741098816,53
old_model_edu1,1070889713,nowork_nowork,1.1317180963963178,0.09627806830509002,10.386581456874474,11.754682194439273,239.2225988452218,0.04913700566410371,53
old_model_edu1,415096539,hours_0,0.6810632962220184,0.09383737769701109,10.656734272383432,7.257910570511613,237.67767636132862,0.030536778554994794,54
old_model_edu1,415096539,hours_1,0.03919410988504923,0.0003774710394068248,2649.2091595967977,103.83339490971582,237.67767636132862,0.43686641715506963,54
old_model_edu1,415096539,hours_2,0.047869995591049895,0.0006603871856662427,1514.2629510062923,72.48776078836141,237.67767636132862,0.30498346289014605,54
old_model_edu1,415096539,hours_3,0.04690558708860704,0.001228700509100839,813.8679126494437,38.17495225540131,237.67767636132862,0.1606164821191115,54
old_model_edu1,415096539,hours_4,0.13887781539794286,0.061082580566403206,16.371279489015148,2.273607530703574,237.67767636132862,0.00956592796391669,54
old_model_edu1,415096539,work_work,0.16067862618618964,0.08657059463138579,11.551266375180099,1.8560416118746648,237.67767636132862,0.0078090699988711786,54
old_model_edu1,415096539,nowork_nowork,1.135504375884349,0.09627806830509002,10.386581456874474,11.794008694760203,237.67767636132862,0.04962186131789005,54
old_model_edu1,52416235,hours_0,0.6675240867613532,0.09383737769701109,10.656734272383432,7.113626813031164,240.05341975540136,0.02963351582443392,55
old_model_edu1,52416235,hours_1,0.039446523569764885,0.0003774710394068248,2649.2091595967977,104.5020915552721,240.05341975540136,0.43532848505867094,55
old_model_edu1,52416235,hours_2,0.05002186620149934,0.0006603871856662427,1514.2629510062923,75.7462587291243,240.05341975540136,0.31553917793091535,55
old_model_edu1,52416235,hours_3,0.04555314090225929,0.001228700509100839,813.8679126494437,37.07423970074776,240.05341975540136,0.15444162277931292,55
old_model_edu1,52416235,hours_4,0.12892787282896462,0.061082580566403206,16.371279489015148,2.110714240007182,240.05341975540136,0.008792685570394542,55
old_model_edu1,52416235,work_work,0.15906161130325105,0.08657059463138579,11.551266375180099,1.8373630422292107,240.05341975540136,0.007653975702997119,55
old_model_edu1,52416235,nowork_nowork,1.123480879964245,0.09627806830509002,10.386581456874474,11.669125674989644,240.05341975540136,0.04861053713327523,55
old_model_edu1,278032723,hours_0,0.6682353493841808,0.09383737769701109,10.656734272383432,7.121206549800516,233.23674149269533,0.030532095862021564,56
old_model_edu1,278032723,hours_1,0.03668264433821924,0.0003774710394068248,2649.2091595967977,97.17999737904202,233.23674149269533,0.4166581849716228,56
old_model_edu1,278032723,hours_2,0.04832546503872749,0.0006603871856662427,1514.2629510062923,73.1774612982949,233.23674149269533,0.31374757180178975,56
old_model_edu1,278032723,hours_3,0.04901145334911801,0.001228700509100839,813.8679126494437,39.88884923316226,233.23674149269533,0.1710230085443529,56
old_model_edu1,278032723,hours_4,0.1352390896464613,0.061082580566403206,16.371279489015148,2.214036934442193,233.23674149269533,0.009492659348062165,56
old_model_edu1,278032723,work_work,0.16417796619281821,0.08657059463138579,11.551266375180099,1.896463420428556,233.23674149269533,0.008131066350401533,56
old_model_edu1,278032723,nowork_nowork,1.1321074914154972,0.09627806830509002,10.386581456874474,11.75872667752488,233.23674149269533,0.05041541312174929,56
old_model_edu1,174946158,hours_0,0.6664166173622839,0.09383737769701109,10.656734272383432,7.101824805930486,229.65208287048839,0.030924277790833444,57
old_model_edu1,174946158,hours_1,0.03923783334088866,0.0003774710394068248,2649.2091595967977,103.94922748941485,229.65208287048839,0.45263786067220957,57
old_model_edu1,174946158,hours_2,0.043711691184556103,0.0006603871856662427,1514.2629510062923,66.19099448660165,229.65208287048839,0.2882229225150545,57
old_model_edu1,174946158,hours_3,0.04503417468631169,0.001228700509100839,813.8679126494437,36.651869749838916,229.65208287048839,0.15959737569856325,57
old_model_edu1,174946158,hours_4,0.13465185284968753,0.061082580566403206,16.371279489015148,2.2044231167159754,229.65208287048839,0.009598968531712179,57
old_model_edu1,174946158,work_work,0.15355085048089454,0.08657059463138579,11.551266375180099,1.7737067760402638,229.65208287048839,0.007723451726934872,57
old_model_edu1,174946158,nowork_nowork,1.1341591547572636,0.09627806830509002,10.386581456874474,11.780036445946221,229.65208287048839,0.05129514306469207,57
old_model_edu1,196848554,hours_0,0.6697645286796855,0.09383737769701109,10.656734272383432,7.13750260720754,236.98714189550992,0.030117678748809665,58
old_model_edu1,196848554,hours_1,0.04256374006146488,0.0003774710394068248,2649.2091595967977,112.76025003752991,236.98714189550992,0.4758074599981761,58
old_model_edu1,196848554,hours_2,0.04199324115187869,0.0006603871856662427,1514.2629510062923,63.5888092689627,236.98714189550992,0.2683217695287437,58
old_model_edu1,196848554,hours_3,0.046189531469024235,0.001228700509100839,813.8679126494437,37.592177562950546,236.98714189550992,0.1586253889653023,58
old_model_edu1,196848554,hours_4,0.14144639875592177,0.061082580566403206,16.371279489015148,2.31565852674788,236.98714189550992,0.0097712412083896,58
old_model_edu1,196848554,work_work,0.15514082927520137,0.08657059463138579,11.551266375180099,1.79207304462419,236.98714189550992,0.007561899900098096,58
old_model_edu1,196848554,nowork_nowork,1.1361457950803187,0.09627806830509002,10.386581456874474,11.800670847487144,236.98714189550992,0.04979456165048052,58
old_model_edu1,263030910,hours_0,0.6635661363123915,0.09383737769701109,10.656734272383432,7.071447986833318,234.41881632384394,0.030165871911341294,59
old_model_edu1,263030910,hours_1,0.03888667905064613,0.0003774710394068248,2649.2091595967977,103.01894632727263,234.41881632384394,0.4394653464376957,59
old_model_edu1,263030910,hours_2,0.046879904101975844,0.0006603871856662427,1514.2629510062923,70.98850192834993,234.41881632384394,0.302827661369474,59
old_model_edu1,263030910,hours_3,0.0462501217659234,0.001228700509100839,813.8679126494437,37.64149006141468,234.41881632384394,0.16057367173722892,59
old_model_edu1,263030910,hours_4,0.13109047682278901,0.061082580566403206,16.371279489015148,2.1461188344141413,234.41881632384394,0.009155062157848838,59
old_model_edu1,263030910,work_work,0.15857805553811322,0.08657059463138579,11.551266375180099,1.8317773607788495,234.41881632384394,0.00781412255852488,59
old_model_edu1,263030910,nowork_nowork,1.1284303573263748,0.09627806830509002,10.386581456874474,11.720533824780361,234.41881632384394,0.04999826382788627,59
old_model_edu1,1285415020,hours_0,0.6568487830837164,0.09383737769701109,10.656734272383432,6.999862938461591,232.534190786996,0.030102510580362552,60
old_model_edu1,1285415020,hours_1,0.04011581807519458,0.0003774710394068248,2649.2091595967977,106.27519268952425,232.534190786996,0.45703039337932694,60
old_model_edu1,1285415020,hours_2,0.0449782814168534,0.0006603871856662427,1514.2629510062923,68.1089451494759,232.534190786996,0.2928986267308298,60
old_model_edu1,1285415020,hours_3,0.04403551619309709,0.001228700509100839,813.8679126494437,35.83909364651671,232.534190786996,0.1541239743076997,60
old_model_edu1,1285415020,hours_4,0.12721457152320842,0.061082580566403206,16.371279489015148,2.0826653054817523,232.534190786996,0.008956383138467142,60
old_model_edu1,1285415020,work_work,0.1551317752337896,0.08657059463138579,11.551266375180099,1.7919684589800706,232.534190786996,0.007706257961099297,60
old_model_edu1,1285415020,nowork_nowork,1.1010805283760023,0.09627806830509002,10.386581456874474,11.436462598555734,232.534190786996,0.0491818539022146,60
old_model_edu1,1733223444,hours_0,0.6741341487848488,0.09383737769701109,10.656734272383432,7.1840684875395295,236.0701122226976,0.030431927277445495,61
old_model_edu1,1733223444,hours_1,0.039198738656429324,0.0003774710394068248,2649.2091595967977,103.84565749325364,236.0701122226976,0.4398932864287812,61
old_model_edu1,1733223444,hours_2,0.04575752524204653,0.0006603871856662427,1514.2629510062923,69.28892520376628,236.0701122226976,0.2935099430901372,61
old_model_edu1,1733223444,hours_3,0.049166364552189486,0.001228700509100839,813.8679126494437,40.01492649065206,236.0701122226976,0.16950441592921273,61
old_model_edu1,1733223444,hours_4,0.13501938135854324,0.061082580566403206,16.371279489015148,2.210440028654633,236.0701122226976,0.00936348954911076,61
old_model_edu1,1733223444,work_work,0.16799151667381268,0.08657059463138579,11.551266375180099,1.9405147578697193,236.0701122226976,0.00822007809289779,61
old_model_edu1,1733223444,nowork_nowork,1.115437240738498,0.09627806830509002,10.386581456874474,11.585579760961712,236.0701122226976,0.04907685963241469,61
old_model_edu1,1835544261,hours_0,0.6762465103784709,0.09383737769701109,10.656734272383432,7.206579363729949,245.81251853598445,0.029317381419998668,62
old_model_edu1,1835544261,hours_1,0.043293246396567384,0.0003774710394068248,2649.2091595967977,114.69286490246736,245.81251853598445,0.46658675313022147,62
old_model_edu1,1835544261,hours_2,0.04637932098895199,0.0006603871856662427,1514.2629510062923,70.23048746639851,245.81251853598445,0.28570752980636943,62
old_model_edu1,1835544261,hours_3,0.0466908121397443,0.001228700509100839,813.8679126494437,38.000153816080996,245.81251853598445,0.1545899860690706,62
old_model_edu1,1835544261,hours_4,0.1303240940721923,0.061082580566403206,16.371279489015148,2.1335721682085627,245.81251853598445,0.008679672544407983,62
old_model_edu1,1835544261,work_work,0.16344830520544099,0.08657059463138579,11.551266375180099,1.8880349119997848,245.81251853598445,0.007680792350383879,62
old_model_edu1,1835544261,nowork_nowork,1.1226817943435505,0.09627806830509002,10.386581456874474,11.660825907099284,245.81251853598445,0.047437884679547994,62
old_model_edu1,1403186970,hours_0,0.669288373527364,0.09383737769701109,10.656734272383432,7.132428348276824,235.03913520276927,0.03034570537422905,63
old_model_edu1,1403186970,hours_1,0.03704875830864051,0.0003774710394068248,2649.2091595967977,98.1499098629384,235.03913520276927,0.41758964854199304,63
old_model_edu1,1403186970,hours_2,0.04891131024426926,0.0006603871856662427,1514.2629510062923,74.06458498807146,235.03913520276927,0.3151159696200193,63
old_model_edu1,1403186970,hours_3,0.04913774791180329,0.001228700509100839,813.8679126494437,39.9916363252739,235.03913520276927,0.17014884049319254,63
old_model_edu1,1403186970,hours_4,0.13004022892521985,0.061082580566403206,16.371279489015148,2.128924932550286,235.03913520276927,0.009057746620424098,63
old_model_edu1,1403186970,work_work,0.16237842106623168,0.08657059463138579,11.551266375180099,1.8756763953171978,235.03913520276927,0.007980272705220106,63
old_model_edu1,1403186970,nowork_nowork,1.12606581856633,0.09627806830509002,10.386581456874474,11.695974350341219,235.03913520276927,0.04976181664492192,63
old_model_edu1,1291971777,hours_0,0.672097829244191,0.09383737769701109,10.656734272383432,7.162367971301078,239.89670470940632,0.02985604983602029,64
old_model_edu1,1291971777,hours_1,0.04171054459052998,0.0003774710394068248,2649.2091595967977,110.4999567810027,239.89670470940632,0.46061473380742946,64
old_model_edu1,1291971777,hours_2,0.04432872901788891,0.0006603871856662427,1514.2629510062923,67.12535201698672,239.89670470940632,0.2798093958743517,64
old_model_edu1,1291971777,hours_3,0.04830486638264678,0.001228700509100839,813.8679126494437,39.31378077365502,239.89670470940632,0.16387795247657494,64
old_model_edu1,1291971777,hours_4,0.13091564720571194,0.061082580566403206,16.371279489015148,2.143256649890015,239.89670470940632,0.008934081243367652,64
old_model_edu1,1291971777,work_work,0.1664939577343812,0.08657059463138579,11.551266375180099,1.923216055647814,239.89670470940632,0.008016850660693568,64
old_model_edu1,1291971777,nowork_nowork,1.1292237498566138,0.09627806830509002,10.386581456874474,11.728774460922963,239.89670470940632,0.04889093610156238,64
old_model_edu1,712292067,hours_0,0.6399055540097774,0.09383737769701109,10.656734272383432,6.8193034485045025,234.5015258375397,0.02907999606462624,65
old_model_edu1,712292067,hours_1,0.03780083974775519,0.0003774710394068248,2649.2091595967977,100.14233090020375,234.5015258375397,0.4270434085344986,65
old_model_edu1,712292067,hours_2,0.04630306422582048,0.0006603871856662427,1514.2629510062923,70.1150146752248,234.5015258375397,0.2989959848866816,65
old_model_edu1,712292067,hours_3,0.05189637164728772,0.001228700509100839,813.8679126494437,42.23679166665783,234.5015258375397,0.18011307822329076,65
old_model_edu1,712292067,hours_4,0.12662577484488866,0.061082580566403206,16.371279489015148,2.073025950498776,234.5015258375397,0.00884013843020769,65
old_model_edu1,712292067,work_work,0.15731508359982305,0.08657059463138579,11.551266375180099,1.817188435495282,234.5015258375397,0.007749153993796236,65
old_model_edu1,712292067,nowork_nowork,1.0877371739550692,0.09627806830509002,10.386581456874474,11.297870760954766,234.5015258375397,0.04817823986689885,65
old_model_edu1,2001429764,hours_0,0.6786947515844065,0.09383737769701109,10.656734272383432,7.2326696196963045,243.40479818383326,0.02971457289939608,66
old_model_edu1,2001429764,hours_1,0.040896961728145345,0.0003774710394068248,2649.2091595967977,108.34460560988232,243.40479818383326,0.445121075748286,66
old_model_edu1,2001429764,hours_2,0.04811454869768348,0.0006603871856662427,1514.2629510062923,72.85807849729014,243.40479818383326,0.29932885070845455,66
old_model_edu1,2001429764,hours_3,0.04826194895826939,0.001228700509100839,813.8679126494437,39.278851659060706,243.40479818383326,0.16137254463404235,66
old_model_edu1,2001429764,hours_4,0.1296779078588008,0.061082580566403206,16.371279489015148,2.1229932731071814,243.40479818383326,0.008722068295070235,66
old_model_edu1,2001429764,work_work,0.1694474049223306,0.08657059463138579,11.551266375180099,1.9573321108408441,243.40479818383326,0.008041468884120167,66
old_model_edu1,2001429764,nowork_nowork,1.1178141202822234,0.09627806830509002,10.386581456874474,11.610267413955794,243.40479818383326,0.04769941883063067,66
old_model_edu1,1375664061,hours_0,0.6649464148008609,0.09383737769701109,10.656734272383432,7.086157247906824,235.14775579810419,0.030134913360563547,67
old_model_edu1,1375664061,hours_1,0.03853701537395723,0.0003774710394068248,2649.2091595967977,102.0926141122101,235.14775579810419,0.4341636762200951,67
old_model_edu1,1375664061,hours_2,0.04777947562933715,0.0006603871856662427,1514.2629510062923,72.3506897640133,235.14775579810419,0.3076818212381026,67
old_model_edu1,1375664061,hours_3,0.04666045812330056,0.001228700509100839,813.8679126494437,37.97544965607741,235.14775579810419,0.16149611773749098,67
old_model_edu1,1375664061,hours_4,0.12774499393525637,0.061082580566403206,16.371279489015148,2.091348999036627,235.14775579810419,0.008893765504750304,67
old_model_edu1,1375664061,work_work,0.15995878105323585,0.08657059463138579,11.551266375180099,1.8477264889950387,235.14775579810419,0.007857725380894047,67
old_model_edu1,1375664061,nowork_nowork,1.1268163233937374,0.09627806830509002,10.386581456874474,11.703769529864863,235.14775579810419,0.04977198055810329,67
old_model_edu1,1556456120,hours_0,0.6769050729403369,0.09383737769701109,10.656734272383432,7.213597489953495,243.73391542728714,0.029596199106338646,68
old_model_edu1,1556456120,hours_1,0.04046865549707788,0.0003774710394068248,2649.2091595967977,107.20993281942602,243.73391542728714,0.43986464760752525,68
old_model_edu1,1556456120,hours_2,0.05083786282906303,0.0006603871856662427,1514.2629510062923,76.98189219039008,243.73391542728714,0.3158439893579603,68
old_model_edu1,1556456120,hours_3,0.04483243669500353,0.001228700509100839,813.8679126494437,36.487681671950845,243.73391542728714,0.14970293160877798,68
old_model_edu1,1556456120,hours_4,0.12713752999728278,0.061082580566403206,16.371279489015148,2.081404037128564,243.73391542728714,0.008539657000461665,68
old_model_edu1,1556456120,work_work,0.15157278257161808,0.08657059463138579,11.551266375180099,1.750857586712016,243.73391542728714,0.007183479507325058,68
old_model_edu1,1556456120,nowork_nowork,1.1561599628892487,0.09627806830509002,10.386581456874474,12.00854963172615,243.73391542728714,0.0492690958116112,68
old_model_edu1,1576053187,hours_0,0.672897993723055,0.09383737769701109,10.656734272383432,7.170895111526532,236.454945138823,0.030326687002957327,69
old_model_edu1,1576053187,hours_1,0.039406443095009985,0.0003774710394068248,2649.2091595967977,104.39590999443044,236.454945138823,0.44150444784793763,69
old_model_edu1,1576053187,hours_2,0.0465520998125657,0.0006603871856662427,1514.2629510062923,70.49212003771521,236.454945138823,0.29812072653557403,69
old_model_edu1,1576053187,hours_3,0.04741441139315436,0.001228700509100839,813.8679126494437,38.589068030048544,236.454945138823,0.1631983970874149,69
old_model_edu1,1576053187,hours_4,0.135616845036568,0.061082580566403206,16.371279489015148,2.2202212735121116,236.454945138823,0.009389616580903464,69
old_model_edu1,1576053187,work_work,0.15988905158203245,0.08657059463138579,11.551266375180099,1.8469210252989678,236.454945138823,0.007810879253189812,69
old_model_edu1,1576053187,nowork_nowork,1.1302861981139203,0.09627806830509002,10.386581456874474,11.739809666291192,236.454945138823,0.04964924569202279,69
old_model_edu1,1848019881,hours_0,0.6596514538263687,0.09383737769701109,10.656734272383432,7.02973025581902,224.96813489029228,0.031247670961254716,70
old_model_edu1,1848019881,hours_1,0.03395634610229376,0.0003774710394068248,2649.2091595967977,89.95746312063565,224.96813489029228,0.3998675775327213,70
old_model_edu1,1848019881,hours_2,0.048941725091144125,0.0006603871856662427,1514.2629510062923,74.1106410638546,224.96813489029228,0.32942728133473353,70
old_model_edu1,1848019881,hours_3,0.04710508652817722,0.001228700509100839,813.8679126494437,38.337318447859026,224.96813489029228,0.17041221623033218,70
old_model_edu1,1848019881,hours_4,0.12898415295671656,0.061082580566403206,16.371279489015148,2.1116356177082864,224.96813489029228,0.00938637651389182,70
old_model_edu1,1848019881,work_work,0.15994125129685377,0.08657059463138579,11.551266375180099,1.8475239981095772,224.96813489029228,0.008212380829002911,70
old_model_edu1,1848019881,nowork_nowork,1.1143052634171413,0.09627806830509002,10.386581456874474,11.573822386306105,224.96813489029228,0.05144649659806347,70
old_model_edu1,1508652585,hours_0,0.6738377795125444,0.09383737769701109,10.656734272383432,7.180910158958082,238.69574318081686,0.03008394730155869,71
old_model_edu1,1508652585,hours_1,0.03837835310706021,0.0003774710394068248,2649.2091595967977,101.67228458146414,238.69574318081686,0.4259492994160576,71
old_model_edu1,1508652585,hours_2,0.049413789717877854,0.0006603871856662427,1514.2629510062923,74.8254710385981,238.69574318081686,0.31347635295664356,71
old_model_edu1,1508652585,hours_3,0.04827518491848395,0.001228700509100839,813.8679126494437,39.28962398237243,238.69574318081686,0.16460127633113988,71
old_model_edu1,1508652585,hours_4,0.1311225026236269,0.061082580566403206,16.371279489015148,2.146643137750518,238.69574318081686,0.008993219188347203,71
old_model_edu1,1508652585,work_work,0.15519860923251663,0.08657059463138579,11.551266375180099,1.792740476302285,238.69574318081686,0.007510567437912991,71
old_model_edu1,1508652585,nowork_nowork,1.1349325910855157,0.09627806830509002,10.386581456874474,11.788069805371316,238.69574318081686,0.049385337368340144,71
old_model_edu1,1995737731,hours_0,0.6466386624027706,0.09383737769701109,10.656734272383432,6.891056395475784,231.55079151761103,0.029760452772849503,72
old_model_edu1,1995737731,hours_1,0.0381511050918175,0.0003774710394068248,2649.2091595967977,101.07025705798296,231.55079151761103,0.4364928160925585,72
old_model_edu1,1995737731,hours_2,0.04721880104062077,0.0006603871856662427,1514.2629510062923,71.5016810067494,231.55079151761103,0.3087948028081398,72
old_model_edu1,1995737731,hours_3,0.04525666935757819,0.001228700509100839,813.8679126494437,36.8329510235182,231.55079151761103,0.1590707195691741,72
old_model_edu1,1995737731,hours_4,0.1263491908503946,0.061082580566403206,16.371279489015148,2.068497916622725,231.55079151761103,0.008933236215974678,72
old_model_edu1,1995737731,work_work,0.1608028916805496,0.08657059463138579,11.551266375180099,1.8574770357012602,231.55079151761103,0.00802189888243153,72
old_model_edu1,1995737731,nowork_nowork,1.0907218249429453,0.09627806830509002,10.386581456874474,11.328871081560681,231.55079151761103,0.0489260736588717,72
old_model_edu1,1162788447,hours_0,0.6804427639513388,0.09383737769701109,10.656734272383432,7.251297722995542,240.55320478158524,0.030144257398605406,73
old_model_edu1,1162788447,hours_1,0.04136176813333292,0.0003774710394068248,2649.2091595967977,109.57597499594452,240.55320478158524,0.4555165876731348,73
old_model_edu1,1162788447,hours_2,0.04628600027793514,0.0006603871856662427,1514.2629510062923,70.08917537114414,240.55320478158524,0.2913666248378728,73
old_model_edu1,1162788447,hours_3,0.04622291574316784,0.001228700509100839,813.8679126494437,37.61934795246312,240.55320478158524,0.15638680842610395,73
old_model_edu1,1162788447,hours_4,0.1382922927875313,0.061082580566403206,16.371279489015148,2.2640217764013886,240.55320478158524,0.009411729843537314,73
old_model_edu1,1162788447,work_work,0.15301107166041517,0.08657059463138579,11.551266375180099,1.7674716471012262,240.55320478158524,0.007347528995533587,73
old_model_edu1,1162788447,nowork_nowork,1.153980774646723,0.09627806830509002,10.386581456874474,11.985915315535294,240.55320478158524,0.049826462825212116,73
old_model_edu1,1172925522,hours_0,0.6738907569727708,0.09383737769701109,10.656734272383432,7.18147472567414,232.7929826079317,0.03084918903148008,74
old_model_edu1,1172925522,hours_1,0.03761642349822024,0.0003774710394068248,2649.2091595967977,99.65377368275728,232.7929826079317,0.4280789419266708,74
old_model_edu1,1172925522,hours_2,0.0469265928801771,0.0006603871856662427,1514.2629510062923,71.05920101540784,232.7929826079317,0.3052463189368781,74
old_model_edu1,1172925522,hours_3,0.047840227835073856,0.001228700509100839,813.8679126494437,38.93562636880537,232.7929826079317,0.16725429578081605,74
old_model_edu1,1172925522,hours_4,0.14144813054261657,0.061082580566403206,16.371279489015148,2.3156868783118756,232.7929826079317,0.009947408432890518,74
old_model_edu1,1172925522,work_work,0.14628524446123808,0.08657059463138579,11.551266375180099,1.6897798255301002,232.7929826079317,0.007258723208061712,74
old_model_edu1,1172925522,nowork_nowork,1.1512392369994748,0.09627806830509002,10.386581456874474,11.957440111445063,232.7929826079317,0.05136512268320261,74
old_model_edu1,539174575,hours_0,0.6673332661605598,0.09383737769701109,10.656734272383432,7.111593288594812,240.37261105061654,0.029585705532388155,75
old_model_edu1,539174575,hours_1,0.04025647417352072,0.0003774710394068248,2649.2091595967977,106.64782011356301,240.37261105061654,0.443677088031904,75
old_model_edu1,539174575,hours_2,0.05231603682957088,0.0006603871856662427,1514.2629510062923,79.22023631449987,240.37261105061654,0.3295726412765806,75
old_model_edu1,539174575,hours_3,0.03886830698055854,0.001228700509100839,813.8679126494437,31.633667870484985,240.37261105061654,0.13160263031724406,75
old_model_edu1,539174575,hours_4,0.13148968608472106,0.061082580566403206,16.371279489015148,2.1526544008158344,240.37261105061654,0.008955489526893472,75
old_model_edu1,539174575,work_work,0.15284957030032023,0.08657059463138579,11.551266375180099,1.7656061018708158,240.37261105061654,0.007345288193000585,75
old_model_edu1,539174575,nowork_nowork,1.1400317813855931,0.09627806830509002,10.386581456874474,11.841032960787176,240.37261105061654,0.04926115712198902,75
old_model_edu1,2013637345,hours_0,0.6764023456435672,0.09383737769701109,10.656734272383432,7.208240058740346,233.9189864073211,0.030815113255444344,76
old_model_edu1,2013637345,hours_1,0.03891723027340514,0.0003774710394068248,2649.2091595967977,103.09988290644269,233.9189864073211,0.44075038324129767,76
old_model_edu1,2013637345,hours_2,0.04483926486360076,0.0006603871856662427,1514.2629510062923,67.89843753330884,233.9189864073211,0.29026475608558716,76
old_model_edu1,2013637345,hours_3,0.0489750673182665,0.001228700509100839,813.8679126494437,39.85923581018355,233.9189864073211,0.17039760825902778,76
old_model_edu1,2013637345,hours_4,0.13414775848116223,0.061082580566403206,16.371279489015148,2.196170446920009,233.9189864073211,0.009388594233628545,76
old_model_edu1,2013637345,work_work,0.1518172262377869,0.08657059463138579,11.551266375180099,1.7536812206136576,233.9189864073211,0.007496959727587001,76
old_model_edu1,2013637345,nowork_nowork,1.146030431719542,0.09627806830509002,10.386581456874474,11.903338431112044,233.9189864073211,0.05088658519742755,76
old_model_edu1,1187468716,hours_0,0.6643005364711497,0.09383737769701109,10.656734272383432,7.079274294174801,239.3086447605032,0.029582192073586148,77
old_model_edu1,1187468716,hours_1,0.03990917466340922,0.0003774710394068248,2649.2091595967977,105.72775107025215,239.3086447605032,0.4418049802424105,77
old_model_edu1,1187468716,hours_2,0.0476627681791925,0.0006603871856662427,1514.2629510062923,72.17396399615284,239.3086447605032,0.30159363473218254,77
old_model_edu1,1187468716,hours_3,0.04777636243216092,0.001228700509100839,813.8679126494437,38.883648366646106,239.3086447605032,0.16248325841116323,77
old_model_edu1,1187468716,hours_4,0.1251640799309456,0.061082580566403206,16.371279489015148,2.0490961345349423,239.3086447605032,0.008562566290012839,77
old_model_edu1,1187468716,work_work,0.15446841962799088,0.08657059463138579,11.551266375180099,1.7843058616760206,239.3086447605032,0.00745608610780329,77
old_model_edu1,1187468716,nowork_nowork,1.117846625983157,0.09627806830509002,10.386581456874474,11.610605037066353,239.3086447605032,0.04851728214284146,77
old_model_edu1,1062978506,hours_0,0.6486069859086849,0.09383737769701109,10.656734272383432,6.9120322960404,229.6045800389607,0.03010406976580138,78
old_model_edu1,1062978506,hours_1,0.03834968424294631,0.0003774710394068248,2649.2091595967977,101.59633476405835,229.6045800389607,0.4424839206030597,78
old_model_edu1,1062978506,hours_2,0.0453182871852559,0.0006603871856662427,1514.2629510062923,68.62380328769623,229.6045800389607,0.29887819866681986,78
old_model_edu1,1062978506,hours_3,0.0455780966958961,0.001228700509100839,813.8679126494437,37.09455042042347,229.6045800389607,0.16155840799921778,78
old_model_edu1,1062978506,hours_4,0.12906264004292606,0.061082580566403206,16.371279489015148,2.1129205517329006,229.6045800389607,0.009202432074196288,78
old_model_edu1,1062978506,work_work,0.1457291167362894,0.08657059463138579,11.551266375180099,1.6833558460405953,229.6045800389607,0.007331542975993568,78
old_model_edu1,1062978506,nowork_nowork,1.1150524280829033,0.09627806830509002,10.386581456874474,11.581582872968742,229.6045800389607,0.0504414279149114,78
old_model_edu1,679326770,hours_0,0.6772029548113516,0.09383737769701109,10.656734272383432,7.216771937897459,247.45291840125492,0.029164222368132153,79
old_model_edu1,679326770,hours_1,0.045786707752279235,0.0003774710394068248,2649.2091595967977,121.29856556511986,247.45291840125492,0.49018846230954255,79
old_model_edu1,679326770,hours_2,0.042488418098439,0.0006603871856662427,1514.2629510062923,64.3386373733314,247.45291840125492,0.26000355052997876,79
old_model_edu1,679326770,hours_3,0.04765841594984001,0.001228700509100839,813.8679126494437,38.78765550927524,247.45291840125492,0.1567476179302096,79
old_model_edu1,679326770,hours_4,0.12985868534390546,0.061082580566403206,16.371279489015148,2.1259528318411514,247.45291840125492,0.008591342731282049,79
old_model_edu1,679326770,work_work,0.1582625146020357,0.08657059463138579,11.551266375180099,1.8281324633739442,247.45291840125492,0.007387799162705988,79
old_model_edu1,679326770,nowork_nowork,1.141588574609218,0.09627806830509002,10.386581456874474,11.857202720415867,247.45291840125492,0.04791700496814886,79
old_model_edu1,587923432,hours_0,0.6787627218917602,0.09383737769701109,10.656734272383432,7.233393961200185,234.52706742393727,0.030842469658842884,80
old_model_edu1,587923432,hours_1,0.03662402698693217,0.0003774710394068248,2649.2091595967977,97.02470775510102,234.52706742393727,0.41370366679133297,80
old_model_edu1,587923432,hours_2,0.05084817623053553,0.0006603871856662427,1514.2629510062923,76.99750939213874,234.52706742393727,0.3283096925138966,80
old_model_edu1,587923432,hours_3,0.04607655415460478,0.001228700509100839,813.8679126494437,37.500228951887244,234.52706742393727,0.15989723217789975,80
old_model_edu1,587923432,hours_4,0.1308765925862199,0.061082580566403206,16.371279489015148,2.142617275798974,234.52706742393727,0.009135906142236123,80
old_model_edu1,587923432,work_work,0.15412142795759742,0.08657059463138579,11.551266375180099,1.7802976684613372,234.52706742393727,0.007591011511021986,80
old_model_edu1,587923432,nowork_nowork,1.140732633595034,0.09627806830509002,10.386581456874474,11.848312419349764,234.52706742393727,0.0505200212047697,80
old_model_edu1,1359889667,hours_0,0.6659305727306501,0.09383737769701109,10.656734272383432,7.0966451574466465,241.12833113104597,0.029430988570106405,81
old_model_edu1,1359889667,hours_1,0.04222111163605893,0.0003774710394068248,2649.2091595967977,111.85255567460626,241.12833113104597,0.46387147934855394,81
old_model_edu1,1359889667,hours_2,0.04665178857572887,0.0006603871856662427,1514.2629510062923,70.64307503840483,241.12833113104597,0.2929687884747664,81
old_model_edu1,1359889667,hours_3,0.04412283242812416,0.001228700509100839,813.8679126494437,35.9101575284586,241.12833113104597,0.14892550103928895,81
old_model_edu1,1359889667,hours_4,0.12898585439629523,0.061082580566403206,16.371279489015148,2.1116634724511623,241.12833113104597,0.008757425817804615,81
old_model_edu1,1359889667,work_work,0.1490600687945001,0.08657059463138579,11.551266375180099,1.7218325605479412,241.12833113104597,0.0071407310475357505,81
old_model_edu1,1359889667,nowork_nowork,1.1353496574491884,0.09627806830509002,10.386581456874474,11.792401699130526,241.12833113104597,0.04890508570194396,81
old_model_edu1,970187386,hours_0,0.6582717952356198,0.09383737769701109,10.656734272383432,7.015027600830798,240.85916665152538,0.029125018152122595,82
old_model_edu1,970187386,hours_1,0.04230770143915422,0.0003774710394068248,2649.2091595967977,112.08195017409399,240.85916665152538,0.4653422650766452,82
old_model_edu1,970187386,hours_2,0.04616254312699682,0.0006603871856662427,1514.2629510062923,69.90222878144145,240.85916665152538,0.2902203381056112,82
old_model_edu1,970187386,hours_3,0.044742976601245314,0.001228700509100839,813.8679126494437,36.41487297217843,240.85916665152538,0.1511874074731123,82
old_model_edu1,970187386,hours_4,0.12440763093923429,0.061082580566403206,16.371279489015148,2.036712096672453,240.85916665152538,0.00845602899398537,82
old_model_edu1,970187386,work_work,0.16416511166974918,0.08657059463138579,11.551266375180099,1.8963149344084596,240.85916665152538,0.007873127524152089,82
old_model_edu1,970187386,nowork_nowork,1.1083589090114352,0.09627806830509002,10.386581456874474,11.512060091899794,240.85916665152538,0.0477958146743712,82
old_model_edu1,1219839873,hours_0,0.6635370739811105,0.09383737769701109,10.656734272383432,7.071138277291521,234.25634357587256,0.03018547190377908,83
old_model_edu1,1219839873,hours_1,0.040269881827923404,0.0003774710394068248,2649.2091595967977,106.68333979441532,234.25634357587256,0.45541281045335696,83
old_model_edu1,1219839873,hours_2,0.0451980639936303,0.0006603871856662427,1514.2629510062923,68.44175376276586,234.25634357587256,0.29216606354396746,83
old_model_edu1,1219839873,hours_3,0.044807039820261595,0.001228700509100839,813.8679126494437,36.46701197051681,234.25634357587256,0.15567139576182115,83
old_model_edu1,1219839873,hours_4,0.133774795283408,0.061082580566403206,16.371279489015148,2.1900645621704578,234.25634357587256,0.009349008563608542,83
old_model_edu1,1219839873,work_work,0.14717170225669435,0.08657059463138579,11.551266375180099,1.7000195356557704,234.25634357587256,0.007257090713981696,83
old_model_edu1,1219839873,nowork_nowork,1.126743743516406,0.09627806830509002,10.386581456874474,11.70301567305683,234.25634357587256,0.04995815905948509,83
old_model_edu1,1428160212,hours_0,0.6648283828358506,0.09383737769701109,10.656734272383432,7.084899412620061,239.86460783472535,0.029537077089346133,84
old_model_edu1,1428160212,hours_1,0.03807916210026855,0.0003774710394068248,2649.2091595967977,100.87966502580268,239.86460783472535,0.4205691949990059,84
old_model_edu1,1428160212,hours_2,0.051728015600623525,0.0006603871856662427,1514.2629510062923,78.3298175530997,239.86460783472535,0.3265584625434676,84
old_model_edu1,1428160212,hours_3,0.04694345947681146,0.001228700509100839,813.8679126494437,38.20577537693629,239.86460783472535,0.15928058633502667,84
old_model_edu1,1428160212,hours_4,0.12208390140879913,0.061082580566403206,16.371279489015148,1.9986696710728207,239.86460783472535,0.008332490937762565,84
old_model_edu1,1428160212,work_work,0.15365947878563008,0.08657059463138579,11.551266375180099,1.7749615705241484,239.86460783472535,0.007399847716371544,84
old_model_edu1,1428160212,nowork_nowork,1.1159416861837776,0.09627806830509002,10.386581456874474,11.590819224669659,239.86460783472535,0.048322340379019633,84
old_model_edu1,1930609499,hours_0,0.6681259609587228,0.09383737769701109,10.656734272383432,7.120040826417935,229.7609582584398,0.030988906385083788,85
old_model_edu1,1930609499,hours_1,0.038357446806892216,0.0003774710394068248,2649.2091595967977,101.6168994195658,229.7609582584398,0.44227226500885775,85
old_model_edu1,1930609499,hours_2,0.04395639977106909,0.0006603871856662427,1514.2629510062923,66.56154763295139,229.7609582584398,0.2896991209362976,85
old_model_edu1,1930609499,hours_3,0.04750567250516107,0.001228700509100839,813.8679126494437,38.66334252078351,229.7609582584398,0.1682763808692606,85
old_model_edu1,1930609499,hours_4,0.13372510667290094,0.061082580566403206,16.371279489015148,2.189251096040426,229.7609582584398,0.009528385991400296,85
old_model_edu1,1930609499,work_work,0.14879307838372463,0.08657059463138579,11.551266375180099,1.7187484831934552,229.7609582584398,0.00748059416282627,85
old_model_edu1,1930609499,nowork_nowork,1.144854861906176,0.09627806830509002,10.386581456874474,11.891128279487274,229.7609582584398,0.05175434664627352,85
old_model_edu1,710582861,hours_0,0.6725369377280128,0.09383737769701109,10.656734272383432,7.167047433729916,236.75781499260984,0.030271640384726597,86
old_model_edu1,710582861,hours_1,0.039870900136275214,0.0003774710394068248,2649.2091595967977,105.6263538423895,236.75781499260984,0.44613671504649816,86
old_model_edu1,710582861,hours_2,0.046750675172756884,0.0006603871856662427,1514.2629510062923,70.79281534863544,236.75781499260984,0.29900941327256786,86
old_model_edu1,710582861,hours_3,0.04617209521378685,0.001228700509100839,813.8679126494437,37.57798675429608,236.75781499260984,0.1587190976376811,86
old_model_edu1,710582861,hours_4,0.1364516683192164,0.061082580566403206,16.371279489015148,2.2338883987962856,236.75781499260984,0.009435331200644905,86
old_model_edu1,710582861,work_work,0.14890450743351916,0.08657059463138579,11.551266375180099,1.720035629829565,236.75781499260984,0.007264958201625801,86
old_model_edu1,710582861,nowork_nowork,1.1206466375160586,0.09627806830509002,10.386581456874474,11.639687584933025,236.75781499260984,0.04916284425625547,86
old_model_edu1,1463614337,hours_0,0.6561888583642684,0.09383737769701109,10.656734272383432,6.992830296086657,236.30101865617817,0.02959289103303164,87
old_model_edu1,1463614337,hours_1,0.042003133440123554,0.0003774710394068248,2649.2091595967977,111.27508584134186,236.30101865617817,0.4709039617101648,87
old_model_edu1,1463614337,hours_2,0.04475528825688224,0.0006603871856662427,1514.2629510062923,67.77127486900376,236.30101865617817,0.2868006039686696,87
old_model_edu1,1463614337,hours_3,0.04270742391102568,0.001228700509100839,813.8679126494437,34.75820195310141,236.30101865617817,0.14709289934833147,87
old_model_edu1,1463614337,hours_4,0.13114941789564816,0.061082580566403206,16.371279489015148,2.147083775191301,236.30101865617817,0.009086223103910282,87
old_model_edu1,1463614337,work_work,0.15464904504596613,0.08657059463138579,11.551266375180099,1.786392313993181,236.30101865617817,0.00755981639077236,87
old_model_edu1,1463614337,nowork_nowork,1.113951655364159,0.09627806830509002,10.386581456874474,11.57014960746,236.30101865617817,0.04896360444511987,87
old_model_edu1,1940152705,hours_0,0.6611812254771978,0.09383737769701109,10.656734272383432,7.046032625799331,237.0022617738753,0.029729811745518177,88
old_model_edu1,1940152705,hours_1,0.041137315338288405,0.0003774710394068248,2649.2091595967977,108.98135259541549,237.0022617738753,0.45983254243959487,88
old_model_edu1,1940152705,hours_2,0.044795173871263694,0.0006603871856662427,1514.2629510062923,67.83167217713972,237.0022617738753,0.2862068558732075,88
old_model_edu1,1940152705,hours_3,0.04594057716868941,0.001228700509100839,813.8679126494437,37.38956164619194,237.0022617738753,0.1577603579237799,88
old_model_edu1,1940152705,hours_4,0.1362026845925964,0.061082580566403206,16.371279489015148,2.229812216619573,237.0022617738753,0.00940840057782674,88
old_model_edu1,1940152705,work_work,0.15638641621843044,0.08657059463138579,11.551266375180099,1.806461151198875,237.0022617738753,0.007622126209590465,88
old_model_edu1,1940152705,nowork_nowork,1.1281256889152025,0.09627806830509002,10.386581456874474,11.717369361510384,237.0022617738753,0.04943990523048243,88
old_model_edu1,985452196,hours_0,0.6777376415018637,0.09383737769701109,10.656734272383432,7.222469951877226,239.98303754457024,0.03009575187386255,89
old_model_edu1,985452196,hours_1,0.037736936977315255,0.0003774710394068248,2649.2091595967977,99.97303909543066,239.98303754457024,0.4165837724129291,89
old_model_edu1,985452196,hours_2,0.05135069121394246,0.0006603871856662427,1514.2629510062923,77.7584492138374,239.98303754457024,0.3240164388676675,89
old_model_edu1,985452196,hours_3,0.048410668003328654,0.001228700509100839,813.8679126494437,39.39988931783431,239.98303754457024,0.16417780906918,89
old_model_edu1,985452196,hours_4,0.12535763051843885,0.061082580566403206,16.371279489015148,2.052264805298057,239.98303754457024,0.008551707763582689,89
old_model_edu1,985452196,work_work,0.16397436382360073,0.08657059463138579,11.551266375180099,1.894111555227107,239.98303754457024,0.007892689310907352,89
old_model_edu1,985452196,nowork_nowork,1.1247987274324105,0.09627806830509002,10.386581456874474,11.68281360506548,239.98303754457024,0.048681830701870835,89
old_model_edu1,552062587,hours_0,0.6567488085762155,0.09383737769701109,10.656734272383432,6.998797536701142,235.90310122271362,0.02966810313397979,90
old_model_edu1,552062587,hours_1,0.03771527336266372,0.0003774710394068248,2649.2091595967977,99.91564764906585,235.90310122271362,0.42354529097409593,90
old_model_edu1,552062587,hours_2,0.04815189010110387,0.0006603871856662427,1514.2629510062923,72.91462320102822,235.90310122271362,0.3090871752982607,90
old_model_edu1,552062587,hours_3,0.05010674592321215,0.001228700509100839,813.8679126494437,40.7802727141807,235.90310122271362,0.17286874357654364,90
old_model_edu1,552062587,hours_4,0.11957741860860126,0.061082580566403206,16.371279489015148,1.957635340616372,235.90310122271362,0.008298472256064957,90
old_model_edu1,552062587,work_work,0.15583520841760345,0.08657059463138579,11.551266375180099,1.8000940030634454,235.90310122271362,0.007630650015762174,90
old_model_edu1,552062587,nowork_nowork,1.110666760373085,0.09627806830509002,10.386581456874474,11.536030778057931,235.90310122271362,0.04890156474529297,90
old_model_edu1,623566272,hours_0,0.6844142351391189,0.09383737769701109,10.656734272383432,7.293620636114142,241.19973547865106,0.030238924688869365,91
old_model_edu1,623566272,hours_1,0.03827437210633338,0.0003774710394068248,2649.2091595967977,101.39681716191457,241.19973547865106,0.4203852751359644,91
old_model_edu1,623566272,hours_2,0.0514116269584823,0.0006603871856662427,1514.2629510062923,77.85072195418606,241.19973547865106,0.3227645411786811,91
old_model_edu1,623566272,hours_3,0.047512271538436165,0.001228700509100839,813.8679126494437,38.668713262220614,241.19973547865106,0.16031822417003952,91
old_model_edu1,623566272,hours_4,0.13793242333339634,0.061082580566403206,16.371279489015148,2.258130252988186,241.19973547865106,0.00936207599277428,91
old_model_edu1,623566272,work_work,0.1699487918713177,0.08657059463138579,11.551266375180099,1.963123765045633,241.19973547865106,0.008138996343216935,91
old_model_edu1,623566272,nowork_nowork,1.1330588890142175,0.09627806830509002,10.386581456874474,11.768608446181863,241.19973547865106,0.04879196249045439,91
old_model_edu1,729775797,hours_0,0.6576817408208387,0.09383737769701109,10.656734272383432,7.00873954772623,234.53481666332576,0.029883578256900172,92
old_model_edu1,729775797,hours_1,0.039034057364587066,0.0003774710394068248,2649.2091595967977,103.4093823064909,234.53481666332576,0.44091271299363133,92
old_model_edu1,729775797,hours_2,0.04839871630032817,0.0006603871856662427,1514.2629510062923,73.28838296985128,234.53481666332576,0.3124840226816158,92
old_model_edu1,729775797,hours_3,0.04323687608220856,0.001228700509100839,813.8679126494437,35.18910608650974,234.53481666332576,0.15003787747651826,92
old_model_edu1,729775797,hours_4,0.13193189888196408,0.061082580566403206,16.371279489015148,2.159893990113119,234.53481666332576,0.009209268034663026,92
old_model_edu1,729775797,work_work,0.16368737310297274,0.08657059463138579,11.551266375180099,1.8907964489659284,234.53481666332576,0.00806190089755485,92
old_model_edu1,729775797,nowork_nowork,1.1157198700828141,0.09627806830509002,10.386581456874474,11.588515313668555,234.53481666332576,0.04941063965911656,92
old_model_edu1,1352536665,hours_0,0.6668190347776425,0.09383737769701109,10.656734272383432,7.106113261392542,240.29004585298966,0.029573065484951835,93
old_model_edu1,1352536665,hours_1,0.04075881533803013,0.0003774710394068248,2649.2091595967977,107.97862692782387,240.29004585298966,0.4493678734985368,93
old_model_edu1,1352536665,hours_2,0.04694115250567383,0.0006603871856662427,1514.2629510062923,71.08124811687806,240.29004585298966,0.29581436827543756,93
old_model_edu1,1352536665,hours_3,0.047277614909818653,0.001228700509100839,813.8679126494437,38.477733761698325,240.29004585298966,0.16013036921737134,93
old_model_edu1,1352536665,hours_4,0.12639643862806843,0.061082580566403206,16.371279489015148,2.0692714231962586,240.29004585298966,0.00861155698668536,93
old_model_edu1,1352536665,work_work,0.1583601600483796,0.08657059463138579,11.551266375180099,1.8292603919349861,240.29004585298966,0.007612718144197011,93
old_model_edu1,1352536665,nowork_nowork,1.1310547189027478,0.09627806830509002,10.386581456874474,11.74779197006565,240.29004585298966,0.048890048392820205,93
old_model_edu1,555883440,hours_0,0.665381811503994,0.09383737769701109,10.656734272383432,7.090797154875185,236.46478402587343,0.029986694145963513,94
old_model_edu1,555883440,hours_1,0.04083844110416992,0.0003774710394068248,2649.2091595967977,108.1895722368213,236.46478402587343,0.4575293216810815,94
old_model_edu1,555883440,hours_2,0.04464050513814495,0.0006603871856662427,1514.2629510062923,67.59746304489893,236.46478402587343,0.2858669349999388,94
old_model_edu1,555883440,hours_3,0.04667768934816091,0.001228700509100839,813.8679126494437,37.98947359708689,236.46478402587343,0.16065594610033,94
old_model_edu1,555883440,hours_4,0.13110164311616207,0.061082580566403206,16.371279489015148,2.146301640923808,236.46478402587343,0.009076622761252115,94
old_model_edu1,555883440,work_work,0.16451406471755461,0.08657059463138579,11.551266375180099,1.9003457840160913,236.46478402587343,0.008036485398215406,94
old_model_edu1,555883440,nowork_nowork,1.1120916554894154,0.09627806830509002,10.386581456874474,11.550830567251197,236.46478402587343,0.04884799491321858,94
old_model_edu1,1801800003,hours_0,0.6693464433861928,0.09383737769701109,10.656734272383432,7.1330471833315965,238.82973162186988,0.029866663312359626,95
old_model_edu1,1801800003,hours_1,0.039748253689118246,0.0003774710394068248,2649.2091595967977,105.30143775118925,238.82973162186988,0.44090589993170975,95
old_model_edu1,1801800003,hours_2,0.047402592291932,0.0006603871856662427,1514.2629510062923,71.77998928932908,238.82973162186988,0.3005488001928321,95
old_model_edu1,1801800003,hours_3,0.04792041480504401,0.001228700509100839,813.8679126494437,39.00088797067667,238.82973162186988,0.16329996983970702,95
old_model_edu1,1801800003,hours_4,0.1300638389987275,0.061082580566403206,16.371279489015148,2.129311459662436,238.82973162186988,0.008915604624275568,95
old_model_edu1,1801800003,work_work,0.15894327701812117,0.08657059463138579,11.551266375180099,1.8359961313803588,238.82973162186988,0.0076874688880328446,95
old_model_edu1,1801800003,nowork_nowork,1.1215491723304594,0.09627806830509002,10.386581456874474,11.649061836300463,238.82973162186988,0.048775593211083046,95
old_model_edu1,763315502,hours_0,0.6739526814674033,0.09383737769701109,10.656734272383432,7.182134638558391,234.60893130199878,0.030613219192892685,96
old_model_edu1,763315502,hours_1,0.037336848933692594,0.0003774710394068248,2649.2091595967977,98.91312218562035,234.60893130199878,0.421608510966256,96
old_model_edu1,763315502,hours_2,0.048132766648857565,0.0006603871856662427,1514.2629510062923,72.8856652657963,234.60893130199878,0.31066875784014686,96
old_model_edu1,763315502,hours_3,0.04891115357416745,0.001228700509100839,813.8679126494437,39.80721846468404,234.60893130199878,0.1696747785507043,96
old_model_edu1,763315502,hours_4,0.1289771997423921,0.061082580566403206,16.371279489015148,2.1115217846932337,234.60893130199878,0.009000176476551915,96
old_model_edu1,763315502,work_work,0.16222113177472633,0.08657059463138579,11.551266375180099,1.8738595048130562,234.60893130199878,0.007987161845944148,96
old_model_edu1,763315502,nowork_nowork,1.1394903613835345,0.09627806830509002,10.386581456874474,11.835409457833412,234.60893130199878,0.050447395127504166,96
old_model_edu1,138897982,hours_0,0.6750238904175264,0.09383737769701109,10.656734272383432,7.193550227690052,244.150049639324,0.029463644338049003,97
old_model_edu1,138897982,hours_1,0.0425569918129063,0.0003774710394068248,2649.2091595967977,112.7423725156373,244.150049639324,0.4617749317773575,97
old_model_edu1,138897982,hours_2,0.04692868337007739,0.0006603871856662427,1514.2629510062923,71.06236656681331,244.150049639324,0.2910602175661719,97
old_model_edu1,138897982,hours_3,0.045956494317831,0.001228700509100839,813.8679126494437,37.402516103139135,244.150049639324,0.15319479213046575,97
old_model_edu1,138897982,hours_4,0.13161170430797947,0.061082580566403206,16.371279489015148,2.154651995251551,244.150049639324,0.008825113893831098,97
old_model_edu1,138897982,work_work,0.15421059465600614,0.08657059463138579,11.551266375180099,1.7813276567464515,244.150049639324,0.007296036430784907,97
old_model_edu1,138897982,nowork_nowork,1.1373582947474499,0.09627806830509002,10.386581456874474,11.813264574046235,244.150049639324,0.04838526386333993,97
old_model_edu1,10785379,hours_0,0.6612606453561247,0.09383737769701109,10.656734272383432,7.046878982345,236.66633994450197,0.02977558610150259,98
old_model_edu1,10785379,hours_1,0.04245524424839367,0.0003774710394068248,2649.2091595967977,112.47282193576378,236.66633994450197,0.4752379318585758,98
old_model_edu1,10785379,hours_2,0.042052176662176054,0.0006603871856662427,1514.2629510062923,63.67805312870465,236.66633994450197,0.26906256776370097,98
old_model_edu1,10785379,hours_3,0.046573286124036786,0.001228700509100839,813.8679126494437,37.90450316299512,236.66633994450197,0.16016009362329975,98
old_model_edu1,10785379,hours_4,0.1321159059938208,0.061082580566403206,16.371279489015148,2.162906421969292,236.66633994450197,0.009139053836200329,98
old_model_edu1,10785379,work_work,0.15928676422606625,0.08657059463138579,11.551266375180099,1.8399638436157992,236.66633994450197,0.007774505846700756,98
old_model_edu1,10785379,nowork_nowork,1.1130912049465906,0.09627806830509002,10.386581456874474,11.561212469108323,236.66633994450197,0.04885026097001972,98
old_model_edu1,53923185,hours_0,0.6696993847986742,0.09383737769701109,10.656734272383432,7.136808386178131,231.5503246373121,0.030821845736372176,99
old_model_edu1,53923185,hours_1,0.034999831684404924,0.0003774710394068248,2649.2091595967977,92.72187468267174,231.5503246373121,0.40043940697516306,99
old_model_edu1,53923185,hours_2,0.050779221130155226,0.0006603871856662427,1514.2629510062923,76.89309323834992,231.5503246373121,0.33207940156763377,99
old_model_edu1,53923185,hours_3,0.04791820338614716,0.001228700509100839,813.8679126494437,38.999088167795094,231.5503246373121,0.16842597059140885,99
old_model_edu1,53923185,hours_4,0.13050446777278654,0.061082580566403206,16.371279489015148,2.1365251164734587,231.5503246373121,0.009227044357722218,99
old_model_edu1,53923185,work_work,0.1619371789418906,0.08657059463138579,11.551266375180099,1.8705794900029837,231.5503246373121,0.008078500831009234,99
old_model_edu1,53923185,nowork_nowork,1.1353452148623784,0.09627806830509002,10.386581456874474,11.792355555840745,231.5503246373121,0.05092782994069066,99
old_model_edu1,1349917978,hours_0,0.6687793225979854,0.09383737769701109,10.656734272383432,7.127003527791326,240.9538865408079,0.02957828831943036,100
old_model_edu1,1349917978,hours_1,0.040100308612277674,0.0003774710394068248,2649.2091595967977,106.23410487830436,240.9538865408079,0.44088977523221057,100
old_model_edu1,1349917978,hours_2,0.048559112076582304,0.0006603871856662427,1514.2629510062923,73.5312643513308,240.9538865408079,0.30516737209332195,100
old_model_edu1,1349917978,hours_3,0.04733531837858817,0.001228700509100839,813.8679126494437,38.5246967633784,240.9538865408079,0.15988410611029455,100
old_model_edu1,1349917978,hours_4,0.12316976713281376,0.061082580566403206,16.371279489015148,2.016446682328206,240.9538865408079,0.008368599947802466,100
old_model_edu1,1349917978,work_work,0.16490476744361024,0.08657059463138579,11.551266375180099,1.9048588952782688,240.9538865408079,0.00790549147235134,100
old_model_edu1,1349917978,nowork_nowork,1.1183190052111622,0.09627806830509002,10.386581456874474,11.615511442396565,240.9538865408079,0.048206366824588925,100
