model,seed,moment,squared_error_sum,empirical_variance,weight,criterion_value,total_criterion,share_of_total_criterion,run
old_model_edu1,1501552845,hours_0,0.6667093479802013,0.09383737769701109,10.656734272383432,7.104944358339023,228.38462961444856,0.031109555710177858,1
old_model_edu1,1501552845,hours_1,0.036434210625637946,0.0003774710394068248,2649.2091595967977,96.52184451211902,228.38462961444856,0.4226284609216655,1
old_model_edu1,1501552845,hours_2,0.04643901741461809,0.0006603871856662427,1514.2629510062923,70.32088355209218,228.38462961444856,0.3079054999051626,1
old_model_edu1,1501552845,hours_3,0.04733616440780813,0.001228700509100839,813.8679126494437,38.525385319413694,228.38462961444856,0.1686864189785932,1
old_model_edu1,1501552845,hours_4,0.1302527487465893,0.061082580566403206,16.371279489015148,2.132404153942881,228.38462961444856,0.009336898711365714,1
old_model_edu1,1501552845,work_work,0.21649775778178698,0.08657059463138579,11.551266375180099,2.5008232697666415,228.38462961444856,0.010950050684183298,1
old_model_edu1,1501552845,nowork_nowork,1.085857218335338,0.09627806830509002,10.386581456874474,11.278344448775119,228.38462961444856,0.04938311508885186,1
old_model_edu1,488200390,hours_0,0.6527731867060782,0.09383737769701109,10.656734272383432,6.956430390863612,230.5297634745993,0.03017584491483721,2
old_model_edu1,488200390,hours_1,0.038584064014044225,0.0003774710394068248,2649.2091595967977,102.21725580047514,230.5297634745993,0.44340155587648383,2
old_model_edu1,488200390,hours_2,0.0463516667545145,0.0006603871856662427,1514.2629510062923,70.18861168375138,230.5297634745993,0.3044665930587529,2
old_model_edu1,488200390,hours_3,0.04370831848736953,0.001228700509100839,813.8679126494437,35.57279793273253,230.5297634745993,0.1543089161094467,2
old_model_edu1,488200390,hours_4,0.12031086865742288,0.061082580566403206,16.371279489015148,1.9696428563568626,230.5297634745993,0.008543985065832448,2
old_model_edu1,488200390,work_work,0.21311842009131132,0.08657059463138579,11.551266375180099,2.4617876399322713,230.5297634745993,0.010678827769688495,2
old_model_edu1,488200390,nowork_nowork,1.0747749119224386,0.09627806830509002,10.386581456874474,11.163237170487497,230.5297634745993,0.04842427720495843,2
old_model_edu1,1693606510,hours_0,0.6638136253292027,0.09383737769701109,10.656734272383432,7.07408541152081,230.20902862116967,0.03072896599186765,3
old_model_edu1,1693606510,hours_1,0.039479357404974956,0.0003774710394068248,2649.2091595967977,104.58907525225531,230.20902862116967,0.45432221263730865,3
old_model_edu1,1693606510,hours_2,0.0426038942223845,0.0006603871856662427,1514.2629510062923,64.51349858954788,230.20902862116967,0.2802387854896466,3
old_model_edu1,1693606510,hours_3,0.04714213277853827,0.001228700509100839,813.8679126494437,38.36746920231187,230.20902862116967,0.16666361624525639,3
old_model_edu1,1693606510,hours_4,0.12340113597708671,0.061082580566403206,16.371279489015148,2.020234486342849,230.20902862116967,0.008775652711985212,3
old_model_edu1,1693606510,work_work,0.21428212197372876,0.08657059463138579,11.551266375180099,2.4752298703573734,230.20902862116967,0.010752097279514584,3
old_model_edu1,1693606510,nowork_nowork,1.0753717048491407,0.09627806830509002,10.386581456874474,11.169435808833574,230.20902862116967,0.048518669644420934,3
old_model_edu1,680233354,hours_0,0.659089957698345,0.09383737769701109,10.656734272383432,7.023746540787699,218.8233876067278,0.032097787250286364,4
old_model_edu1,680233354,hours_1,0.03510821979042236,0.0003774710394068248,2649.2091595967977,93.00901744592448,218.8233876067278,0.4250414841994928,4
old_model_edu1,680233354,hours_2,0.04329759972533603,0.0006603871856662427,1514.2629510062923,65.56395113157657,218.8233876067278,0.29962040094822473,4
old_model_edu1,680233354,hours_3,0.04573503249595748,0.001228700509100839,813.8679126494437,37.22227543243939,218.8233876067278,0.17010190656282015,4
old_model_edu1,680233354,hours_4,0.13158284819694382,0.061082580566403206,16.371279489015148,2.1541795837928204,218.8233876067278,0.009844375445207618,4
old_model_edu1,680233354,work_work,0.22576179377448186,0.08657059463138579,11.551266375180099,2.607834617227516,218.8233876067278,0.0119175315113682,4
old_model_edu1,680233354,nowork_nowork,1.0823949055479098,0.09627806830509002,10.386581456874474,11.242382854979319,218.8233876067278,0.05137651408260013,4
old_model_edu1,438466540,hours_0,0.6732681148217129,0.09383737769701109,10.656734272383432,7.1748393937235315,239.4416895764581,0.029964871223615696,5
old_model_edu1,438466540,hours_1,0.039970793780647294,0.0003774710394068248,2649.2091595967977,105.89099300004553,239.4416895764581,0.4422412537572435,5
old_model_edu1,438466540,hours_2,0.048930438776244374,0.0006603871856662427,1514.2629510062923,74.09355061534852,239.4416895764581,0.3094429827421056,5
old_model_edu1,438466540,hours_3,0.04481488893476158,0.001228700509100839,813.8679126494437,36.473400112951055,239.4416895764581,0.15232685743851818,5
old_model_edu1,438466540,hours_4,0.12477382232485833,0.061082580566403206,16.371279489015148,2.0427071181929737,239.4416895764581,0.008531125560491421,5
old_model_edu1,438466540,work_work,0.21815661100478148,0.08657059463138579,11.551266375180099,2.519985125222777,239.4416895764581,0.010524420913001034,5
old_model_edu1,438466540,nowork_nowork,1.0827637811024249,0.09627806830509002,10.386581456874474,11.246214210973738,239.4416895764581,0.04696848836502474,5
old_model_edu1,1712329280,hours_0,0.6665094967085691,0.09383737769701109,10.656734272383432,7.10281459644324,240.23043992042057,0.029566671895518898,6
old_model_edu1,1712329280,hours_1,0.0406467110524033,0.0003774710394068248,2649.2091595967977,107.68163922751121,240.23043992042057,0.4482431088382561,6
old_model_edu1,1712329280,hours_2,0.04534788579358833,0.0006603871856662427,1514.2629510062923,68.66862336369539,240.23043992042057,0.28584480545613933,6
old_model_edu1,1712329280,hours_3,0.05060098942891912,0.001228700509100839,813.8679126494437,41.18252164451097,240.23043992042057,0.1714292396007484,6
old_model_edu1,1712329280,hours_4,0.11830695437969452,0.061082580566403206,16.371279489015148,1.9368362156441437,240.23043992042057,0.008062409644197237,6
old_model_edu1,1712329280,work_work,0.21159701232183015,0.08657059463138579,11.551266375180099,2.4442134535217255,240.23043992042057,0.010174453555225569,6
old_model_edu1,1712329280,nowork_nowork,1.07964217732793,0.09627806830509002,10.386581456874474,11.21379141909386,240.23043992042057,0.04667931100991437,6
old_model_edu1,1380152455,hours_0,0.6649678997882565,0.09383737769701109,10.656734272383432,7.086386207708345,241.09132890628075,0.029392953449864763,7
old_model_edu1,1380152455,hours_1,0.04126474424155909,0.0003774710394068248,2649.2091595967977,109.31893841315755,241.09132890628075,0.45343372119224173,7
old_model_edu1,1380152455,hours_2,0.046821034658359365,0.0006603871856662427,1514.2629510062923,70.89935811093514,241.09132890628075,0.29407676515191383,7
old_model_edu1,1380152455,hours_3,0.04682812063171557,0.001228700509100839,813.8679126494437,38.1119047918307,241.09132890628075,0.15808077778958993,7
old_model_edu1,1380152455,hours_4,0.12178548228468195,0.061082580566403206,16.371279489015148,1.9937841681870312,241.09132890628075,0.008269829434479884,7
old_model_edu1,1380152455,work_work,0.22619501441090775,0.08657059463138579,11.551266375180099,2.6128388641980966,241.09132890628075,0.01083754806135638,7
old_model_edu1,1380152455,nowork_nowork,1.0656170556423352,0.09627806830509002,10.386581456874474,11.068118350263854,241.09132890628075,0.04590840492055338,7
old_model_edu1,1452245846,hours_0,0.654140702030358,0.09383737769701109,10.656734272383432,6.971003638287875,227.45518907210044,0.03064781096762824,8
old_model_edu1,1452245846,hours_1,0.034905466426560484,0.0003774710394068248,2649.2091595967977,92.47188137724254,227.45518907210044,0.4065498868347651,8
old_model_edu1,1452245846,hours_2,0.04826003601541902,0.0006603871856662427,1514.2629510062923,73.07838455237835,227.45518907210044,0.3212869526103158,8
old_model_edu1,1452245846,hours_3,0.04843028848408887,0.001228700509100839,813.8679126494437,39.4158577975558,227.45518907210044,0.17329065104362806,8
old_model_edu1,1452245846,hours_4,0.12159778970302008,0.061082580566403206,16.371279489015148,1.99071140047463,227.45518907210044,0.008752103693899898,8
old_model_edu1,1452245846,work_work,0.20953374106282494,0.08657059463138579,11.551266375180099,2.420380057604703,227.45518907210044,0.010641129215291163,8
old_model_edu1,1452245846,nowork_nowork,1.0693576413638264,0.09627806830509002,10.386581456874474,11.106970248556543,227.45518907210044,0.04883146563447173,8
old_model_edu1,2122694021,hours_0,0.6600959206011537,0.09383737769701109,10.656734272383432,7.034466820130808,234.77519013454898,0.029962564681980986,9
old_model_edu1,2122694021,hours_1,0.04032474460939747,0.0003774710394068248,2649.2091595967977,106.82868277761737,234.77519013454898,0.4550254339753454,9
old_model_edu1,2122694021,hours_2,0.04465735382523908,0.0006603871856662427,1514.2629510062923,67.62297638753867,234.77519013454898,0.2880328894581414,9
old_model_edu1,2122694021,hours_3,0.046447785330197035,0.001228700509100839,813.8679126494437,37.802362093876916,234.77519013454898,0.16101514845845719,9
old_model_edu1,2122694021,hours_4,0.1219319575000976,0.061082580566403206,16.371279489015148,1.9961821548768144,234.77519013454898,0.008502525985530278,9
old_model_edu1,2122694021,work_work,0.19897915221619167,0.08657059463138579,11.551266375180099,2.2984611903567376,234.77519013454898,0.009790051448960583,9
old_model_edu1,2122694021,nowork_nowork,1.0775497940897683,0.09627806830509002,10.386581456874474,11.192058710151695,234.77519013454898,0.04767138599158437,9
old_model_edu1,839901363,hours_0,0.6611310742567693,0.09383737769701109,10.656734272383432,7.045498177569789,232.34296574583902,0.030323699084038078,10
old_model_edu1,839901363,hours_1,0.038566769782395705,0.0003774710394068248,2649.2091595967977,102.17143976358369,232.34296574583902,0.43974406298725427,10
old_model_edu1,839901363,hours_2,0.04558630841442084,0.0006603871856662427,1514.2629510062923,69.02965790510387,232.34296574583902,0.29710242220380245,10
old_model_edu1,839901363,hours_3,0.04725728947658362,0.001228700509100839,813.8679126494437,38.46119154377764,232.34296574583902,0.1655362856384062,10
old_model_edu1,839901363,hours_4,0.1237919707857272,0.061082580566403206,16.371279489015148,2.0266329522291384,232.34296574583902,0.008722592249451102,10
old_model_edu1,839901363,work_work,0.21813184594411114,0.08657059463138579,11.551266375180099,2.5196990574101763,232.34296574583902,0.010844740013203093,10
old_model_edu1,839901363,nowork_nowork,1.0676127070495807,0.09627806830509002,10.386581456874474,11.088846346164734,232.34296574583902,0.04772619782384491,10
old_model_edu1,1802651552,hours_0,0.6725573574077626,0.09383737769701109,10.656734272383432,7.167265040830936,233.38618353848005,0.03070989435691774,11
old_model_edu1,1802651552,hours_1,0.03660741203461548,0.0003774710394068248,2649.2091595967977,96.98069127123738,233.38618353848005,0.4155374144298798,11
old_model_edu1,1802651552,hours_2,0.04804482792718695,0.0006603871856662427,1514.2629510062923,72.75250291761164,233.38618353848005,0.3117258348998042,11
old_model_edu1,1802651552,hours_3,0.04991016894245355,0.001228700509100839,813.8679126494437,40.62028501717577,233.38618353848005,0.1740475138729813,11
old_model_edu1,1802651552,hours_4,0.12380574165590065,0.061082580566403206,16.371279489015148,2.0268583989935545,233.38618353848005,0.00868456893318782,11
old_model_edu1,1802651552,work_work,0.2111057919368411,0.08657059463138579,11.551266375180099,2.4385392360057985,233.38618353848005,0.0104485158420003,11
old_model_edu1,1802651552,nowork_nowork,1.0975739904374144,0.09627806830509002,10.386581456874474,11.40004165662497,233.38618353848005,0.048846257665228765,11
old_model_edu1,714712467,hours_0,0.6560201525412482,0.09383737769701109,10.656734272383432,6.991032442960527,227.76649905583758,0.03069385740194679,12
old_model_edu1,714712467,hours_1,0.03749496600531663,0.0003774710394068248,2649.2091595967977,99.33200738005536,227.76649905583758,0.43611333445356176,12
old_model_edu1,714712467,hours_2,0.04405879782489284,0.0006603871856662427,1514.2629510062923,66.71660521211184,227.76649905583758,0.29291667338556265,12
old_model_edu1,714712467,hours_3,0.047994344094176605,0.001228700509100839,813.8679126494437,39.06105664690667,227.76649905583758,0.17149605762404393,12
old_model_edu1,714712467,hours_4,0.1211032119980098,0.061082580566403206,16.371279489015148,1.982614530636871,227.76649905583758,0.008704592373573024,12
old_model_edu1,714712467,work_work,0.23523454109801642,0.08657059463138579,11.551266375180099,2.717256844866438,227.76649905583758,0.011930011025020388,12
old_model_edu1,714712467,nowork_nowork,1.0557781733894687,0.09627806830509002,10.386581456874474,10.96592599829986,227.76649905583758,0.04814547373629136,12
old_model_edu1,1218704077,hours_0,0.6757851301293338,0.09383737769701109,10.656734272383432,7.201662557016369,235.4795275485909,0.03058296673170586,13
old_model_edu1,1218704077,hours_1,0.03936681143343882,0.0003774710394068248,2649.2091595967977,104.29091743358606,235.4795275485909,0.4428874073227693,13
old_model_edu1,1218704077,hours_2,0.044959809455563465,0.0006603871856662427,1514.2629510062923,68.08097374286214,235.4795275485909,0.2891163170387019,13
old_model_edu1,1218704077,hours_3,0.048973672189787404,0.001228700509100839,813.8679126494437,39.85810035988039,235.4795275485909,0.1692635481938264,13
old_model_edu1,1218704077,hours_4,0.12644965263138572,0.061082580566403206,16.371279489015148,2.0701426045172955,235.4795275485909,0.00879117869000363,13
old_model_edu1,1218704077,work_work,0.22336200444167573,0.08657059463138579,11.551266375180099,2.5801140113999566,235.4795275485909,0.010956850636909628,13
old_model_edu1,1218704077,nowork_nowork,1.0973405337118955,0.09627806830509002,10.386581456874474,11.397616839328713,235.4795275485909,0.048401731386083356,13
old_model_edu1,1284858263,hours_0,0.6553218352515693,0.09383737769701109,10.656734272383432,6.983590661166607,220.60182108729296,0.031656994610226606,14
old_model_edu1,1284858263,hours_1,0.03241293754959367,0.0003774710394068248,2649.2091595967977,85.86865104582255,220.60182108729296,0.38924724475345107,14
old_model_edu1,1284858263,hours_2,0.04739042473593488,0.0006603871856662427,1514.2629510062923,71.76156441007835,220.60182108729296,0.3252990571717993,14
old_model_edu1,1284858263,hours_3,0.050057364421667354,0.001228700509100839,813.8679126494437,40.74008269459494,220.60182108729296,0.18467700082346072,14
old_model_edu1,1284858263,hours_4,0.11567807282341033,0.061082580566403206,16.371279489015148,1.893798060942698,220.60182108729296,0.008584689154462217,14
old_model_edu1,1284858263,work_work,0.20893431067163862,0.08657059463138579,11.551266375180099,2.4134558774827317,220.60182108729296,0.010940326174949019,14
old_model_edu1,1284858263,nowork_nowork,1.053347377347519,0.09627806830509002,10.386581456874474,10.940678337205101,220.60182108729296,0.049594687311651134,14
old_model_edu1,457721135,hours_0,0.658063460194115,0.09383737769701109,10.656734272383432,7.012807429653855,227.37469568423737,0.030842514856590588,15
old_model_edu1,457721135,hours_1,0.03643765649629749,0.0003774710394068248,2649.2091595967977,96.53097334423306,227.37469568423737,0.4245458055644361,15
old_model_edu1,457721135,hours_2,0.04653122355597547,0.0006603871856662427,1514.2629510062923,70.46050789580492,227.37469568423737,0.30988720043700785,15
old_model_edu1,457721135,hours_3,0.046238965399658605,0.001228700509100839,813.8679126494437,37.63241025289,227.37469568423737,0.16550834797004566,15
old_model_edu1,457721135,hours_4,0.1277786919577748,0.061082580566403206,16.371279489015148,2.0919006787815033,227.37469568423737,0.0092002351998157,15
old_model_edu1,457721135,work_work,0.20909956325711593,0.08657059463138579,11.551266375180099,2.415364754116767,227.37469568423737,0.010622838864492919,15
old_model_edu1,457721135,nowork_nowork,1.0812731191092766,0.09627806830509002,10.386581456874474,11.230731328757237,227.37469568423737,0.049393057107611126,15
old_model_edu1,401008609,hours_0,0.6912539902504141,0.09383737769701109,10.656734272383432,7.36651008882339,242.85800081333758,0.030332581443282748,16
old_model_edu1,401008609,hours_1,0.041727910861620914,0.0003774710394068248,2649.2091595967977,110.54596366544483,242.85800081333758,0.4551876540827298,16
old_model_edu1,401008609,hours_2,0.04707787407597702,0.0006603871856662427,1514.2629510062923,71.28828052539158,242.85800081333758,0.29353894163109856,16
old_model_edu1,401008609,hours_3,0.04600274022630021,0.001228700509100839,813.8679126494437,37.440154164133546,242.85800081333758,0.1541647960484955,16
old_model_edu1,401008609,hours_4,0.13005717603605826,0.061082580566403206,16.371279489015148,2.129202378438353,242.85800081333758,0.008767272938538571,16
old_model_edu1,401008609,work_work,0.21370201370324973,0.08657059463138579,11.551266375180099,2.468528885198625,242.85800081333758,0.010164494795030262,16
old_model_edu1,401008609,nowork_nowork,1.118689643377981,0.09627806830509002,10.386581456874474,11.619361105907254,242.85800081333758,0.04784425906082451,16
old_model_edu1,492064534,hours_0,0.6565027493620524,0.09383737769701109,10.656734272383432,6.996175349040534,237.0621321209437,0.029511990322736343,17
old_model_edu1,492064534,hours_1,0.039285053335586094,0.0003774710394068248,2649.2091595967977,104.0743231318834,237.0621321209437,0.43901707202560325,17
old_model_edu1,492064534,hours_2,0.048028331935240996,0.0006603871856662427,1514.2629510062923,72.72752364816778,237.0621321209437,0.30678676091153967,17
old_model_edu1,492064534,hours_3,0.046288707329264406,0.001228700509100839,813.8679126494437,37.67289361330943,237.0621321209437,0.1589156955447004,17
old_model_edu1,492064534,hours_4,0.1251327630759473,0.061082580566403206,16.371279489015148,2.0485834375490484,237.0621321209437,0.008641546497624124,17
old_model_edu1,492064534,work_work,0.2153063417934508,0.08657059463138579,11.551266375180099,2.4870609063217217,237.0621321209437,0.010491177498787026,17
old_model_edu1,492064534,nowork_nowork,1.0644091206115303,0.09627806830509002,10.386581456874474,11.055572034671785,237.0621321209437,0.04663575719900927,17
old_model_edu1,1444732602,hours_0,0.6681891147110829,0.09383737769701109,10.656734272383432,7.120713839175141,231.52816130165834,0.030755281772818787,18
old_model_edu1,1444732602,hours_1,0.03823183466082562,0.0003774710394068248,2649.2091595967977,101.28412657164957,231.52816130165834,0.43745921015494244,18
old_model_edu1,1444732602,hours_2,0.046775647716209054,0.0006603871856662427,1514.2629510062923,70.83063034597745,231.52816130165834,0.3059266309021136,18
old_model_edu1,1444732602,hours_3,0.04480325919361047,0.001228700509100839,813.8679126494437,36.46393503979576,231.52816130165834,0.15749243994680565,18
old_model_edu1,1444732602,hours_4,0.12578264935873953,0.061082580566403206,16.371279489015148,2.059222907520717,231.52816130165834,0.008894049414739457,18
old_model_edu1,1444732602,work_work,0.22083016343343181,0.08657059463138579,11.551266375180099,2.5508680414941267,231.52816130165834,0.011017528179522824,18
old_model_edu1,1444732602,nowork_nowork,1.0801113535407163,0.09627806830509002,10.386581456874474,11.218664556045592,231.52816130165834,0.0484548596290573,18
old_model_edu1,1317426686,hours_0,0.6379581862989869,0.09383737769701109,10.656734272383432,6.798550868279988,229.28195245590834,0.029651487155699145,19
old_model_edu1,1317426686,hours_1,0.04009619878591961,0.0003774710394068248,2649.2091595967977,106.22321708867221,229.28195245590834,0.46328642944149423,19
old_model_edu1,1317426686,hours_2,0.04298792333327387,0.0006603871856662427,1514.2629510062923,65.09501964427554,229.28195245590834,0.28390817047317984,19
old_model_edu1,1317426686,hours_3,0.04372458051471342,0.001228700509100839,813.8679126494437,35.586033074982346,229.28195245590834,0.15520642900066745,19
old_model_edu1,1317426686,hours_4,0.12802428838279056,0.061082580566403206,16.371279489015148,2.0959214064969394,229.28195245590834,0.009141240224304143,19
old_model_edu1,1317426686,work_work,0.22226332092419915,0.08657059463138579,11.551266375180099,2.567422825427565,229.28195245590834,0.011197666444860237,19
old_model_edu1,1317426686,nowork_nowork,1.050950940219992,0.09627806830509002,10.386581456874474,10.915787547773762,229.28195245590834,0.047608577259795025,19
old_model_edu1,2022506251,hours_0,0.6690675489548268,0.09383737769701109,10.656734272383432,7.130075079486482,228.24616696615703,0.03123853151296813,20
old_model_edu1,2022506251,hours_1,0.03587557542772303,0.0003774710394068248,2649.2091595967977,95.04190302892965,228.24616696615703,0.41640087232230233,20
old_model_edu1,2022506251,hours_2,0.0472406960752627,0.0006603871856662427,1514.2629510062923,71.53483584651866,228.24616696615703,0.3134108966531973,20
old_model_edu1,2022506251,hours_3,0.04766463965511648,0.001228700509100839,813.8679126494437,38.79272078329755,228.24616696615703,0.16996000983906773,20
old_model_edu1,2022506251,hours_4,0.12648247105834995,0.061082580566403206,16.371279489015148,2.0706798841575167,228.24616696615703,0.009072134317438701,20
old_model_edu1,2022506251,work_work,0.2180946098092114,0.08657059463138579,11.551266375180099,2.5192689328971674,228.24616696615703,0.011037508171038463,20
old_model_edu1,2022506251,nowork_nowork,1.0741439286056722,0.09627806830509002,10.386581456874474,11.156683410869974,228.24616696615703,0.04888004718398719,20
old_model_edu1,1516459118,hours_0,0.6547614785844358,0.09383737769701109,10.656734272383432,6.977619089067207,237.1690977655299,0.02942043948729535,21
old_model_edu1,1516459118,hours_1,0.04034002432947258,0.0003774710394068248,2649.2091595967977,106.86916195199643,237.1690977655299,0.45060323186644413,21
old_model_edu1,1516459118,hours_2,0.045054103079833534,0.0006603871856662427,1514.2629510062923,68.2237590846104,237.1690977655299,0.2876587199908218,21
old_model_edu1,1516459118,hours_3,0.04867363606047252,0.001228700509100839,813.8679126494437,39.61391058159546,237.1690977655299,0.1670281286846171,21
old_model_edu1,1516459118,hours_4,0.11583541868943897,0.061082580566403206,16.371279489015148,1.896374014091894,237.1690977655299,0.007995873121576265,21
old_model_edu1,1516459118,work_work,0.22055396326561694,0.08657059463138579,11.551266375180099,2.5476775797828277,237.1690977655299,0.010742030069623626,21
old_model_edu1,1516459118,nowork_nowork,1.0629672053530521,0.09627806830509002,10.386581456874474,11.040595464385692,237.1690977655299,0.046551576779621795,21
old_model_edu1,533103612,hours_0,0.6649742564111425,0.09383737769701109,10.656734272383432,7.08645394854931,235.84641431438519,0.030046901366509688,22
old_model_edu1,533103612,hours_1,0.03773928454236294,0.0003774710394068248,2649.2091595967977,99.97925828625773,235.84641431438519,0.4239168044038379,22
old_model_edu1,533103612,hours_2,0.052036223958682015,0.0006603871856662427,1514.2629510062923,78.79652605089815,235.84641431438519,0.3341010134920336,22
old_model_edu1,533103612,hours_3,0.042252460873044434,0.001228700509100839,813.8679126494437,34.38792213504696,235.84641431438519,0.14580642336672367,22
old_model_edu1,533103612,hours_4,0.12024382134866722,0.061082580566403206,16.371279489015148,1.9685452061262374,235.84641431438519,0.008346725184899994,22
old_model_edu1,533103612,work_work,0.21016431441330613,0.08657059463138579,11.551266375180099,2.427663978345201,235.84641431438519,0.010293410588422622,22
old_model_edu1,533103612,nowork_nowork,1.0783186706487258,0.09627806830509002,10.386581456874474,11.200044709161588,235.84641431438519,0.04748872159757255,22
old_model_edu1,1964759878,hours_0,0.6515794229792011,0.09383737769701109,10.656734272383432,6.943708768042273,227.65917088062898,0.03050045707002572,23
old_model_edu1,1964759878,hours_1,0.03542212392173186,0.0003774710394068248,2649.2091595967977,93.84061514582488,227.65917088062898,0.4121978252966113,23
old_model_edu1,1964759878,hours_2,0.04923958944931135,0.0006603871856662427,1514.2629510062923,74.5616860258525,227.65917088062898,0.32751452857108154,23
old_model_edu1,1964759878,hours_3,0.04524616940451387,0.001228700509100839,813.8679126494437,36.82440544863483,227.65917088062898,0.16175234806571168,23
old_model_edu1,1964759878,hours_4,0.12386231893575761,0.061082580566403206,16.371279489015148,2.0277846414548213,227.65917088062898,0.008907107205964796,23
old_model_edu1,1964759878,work_work,0.21088354164715645,0.08657059463138579,11.551266375180099,2.4359719637076904,227.65917088062898,0.010700082734575934,23
old_model_edu1,1964759878,nowork_nowork,1.0614655970194131,0.09627806830509002,10.386581456874474,11.024998887112028,227.65917088062898,0.04842765105602922,23
old_model_edu1,2037706756,hours_0,0.6510533763192945,0.09383737769701109,10.656734272383432,6.938102828572773,231.34373495542928,0.02999045048662964,24
old_model_edu1,2037706756,hours_1,0.03841151371958555,0.0003774710394068248,2649.2091595967977,101.76013397990411,231.34373495542928,0.43986552736995116,24
old_model_edu1,2037706756,hours_2,0.047220012242873116,0.0006603871856662427,1514.2629510062923,71.5035150854463,231.34373495542928,0.30907910732582483,24
old_model_edu1,2037706756,hours_3,0.04388788428152199,0.001228700509100839,813.8679126494437,35.71894077080263,231.34373495542928,0.15439770079654092,24
old_model_edu1,2037706756,hours_4,0.1187264067362764,0.061082580566403206,16.371279489015148,1.9437031874060715,231.34373495542928,0.008401797385092558,24
old_model_edu1,2037706756,work_work,0.22284652481591916,0.08657059463138579,11.551266375180099,2.574159568931864,231.34373495542928,0.01112699062037622,24
old_model_edu1,2037706756,nowork_nowork,1.0499296211794298,0.09627806830509002,10.386581456874474,10.905179534365507,231.34373495542928,0.04713842601558456,24
old_model_edu1,1572889065,hours_0,0.6750217042621732,0.09383737769701109,10.656734272383432,7.193526930413374,241.88494115499853,0.029739457512585714,25
old_model_edu1,1572889065,hours_1,0.042136092555354575,0.0003774710394068248,2649.2091595967977,111.62732234726377,241.88494115499853,0.4614893420576091,25
old_model_edu1,1572889065,hours_2,0.04557042205166507,0.0006603871856662427,1514.2629510062923,69.00560177455657,241.88494115499853,0.2852827523906838,25
old_model_edu1,1572889065,hours_3,0.04707467419365598,0.001228700509100839,813.8679126494437,38.312566824643426,241.88494115499853,0.15839169913472598,25
old_model_edu1,1572889065,hours_4,0.12764383284370362,0.061082580566403206,16.371279489015148,2.0896928625334033,241.88494115499853,0.008639201979896465,25
old_model_edu1,1572889065,work_work,0.20832931031072713,0.08657059463138579,11.551266375180099,2.406467357156763,241.88494115499853,0.009948810147774814,25
old_model_edu1,1572889065,nowork_nowork,1.0831054572806935,0.09627806830509002,10.386581456874474,11.2497630584312,241.88494115499853,0.04650873677672399,25
old_model_edu1,1432881518,hours_0,0.65584407203094,0.09383737769701109,10.656734272383432,6.989155999751626,232.3002775059614,0.03008673116876611,26
old_model_edu1,1432881518,hours_1,0.0402389484180557,0.0003774710394068248,2649.2091595967977,106.60139072165623,232.3002775059614,0.45889480574951347,26
old_model_edu1,1432881518,hours_2,0.04164348535239552,0.0006603871856662427,1514.2629510062923,63.05918701990575,232.3002775059614,0.2714554958647757,26
old_model_edu1,1432881518,hours_3,0.04948362992381073,0.001228700509100839,813.8679126494437,40.27313859640939,232.3002775059614,0.1733667261563038,26
old_model_edu1,1432881518,hours_4,0.12087855945216672,0.061082580566403206,16.371279489015148,1.9789366810209552,232.3002775059614,0.00851887351262493,26
old_model_edu1,1432881518,work_work,0.21610483623384252,0.08657059463138579,11.551266375180099,2.496284528301787,232.3002775059614,0.010745938640722142,26
old_model_edu1,1432881518,nowork_nowork,1.0496412129613542,0.09627806830509002,10.386581456874474,10.902183958915632,232.3002775059614,0.04693142890729373,26
old_model_edu1,280516901,hours_0,0.6527767574039927,0.09383737769701109,10.656734272383432,6.9564684428424535,236.36694940119912,0.029430800120176032,27
old_model_edu1,280516901,hours_1,0.0402452861172885,0.0003774710394068248,2649.2091595967977,106.61818061251455,236.36694940119912,0.45107059545598915,27
old_model_edu1,280516901,hours_2,0.04575393692577439,0.0006603871856662427,1514.2629510062923,69.2834915493789,236.36694940119912,0.2931183556960837,27
old_model_edu1,280516901,hours_3,0.04652924301267726,0.001228700509100839,813.8679126494437,37.86865788788636,236.36694940119912,0.16021130696918934,27
old_model_edu1,280516901,hours_4,0.12299188700399086,0.061082580566403206,16.371279489015148,2.0135345570237044,236.36694940119912,0.008518680645177754,27
old_model_edu1,280516901,work_work,0.21970528753300275,0.08657059463138579,11.551266375180099,2.53787430032925,236.36694940119912,0.010737010003972978,27
old_model_edu1,280516901,nowork_nowork,1.0676026657341318,0.09627806830509002,10.386581456874474,11.08874205122389,236.36694940119912,0.04691325110941097,27
old_model_edu1,205939248,hours_0,0.6642654567234423,0.09383737769701109,10.656734272383432,7.0789004586251405,223.8974867660436,0.03161670352299251,28
old_model_edu1,205939248,hours_1,0.035298459493017666,0.0003774710394068248,2649.2091595967977,93.51300220855893,223.8974867660436,0.41765990123092867,28
old_model_edu1,205939248,hours_2,0.047172849940631825,0.0006603871856662427,1514.2629510062923,71.43209895847815,223.8974867660436,0.3190393067391571,28
old_model_edu1,205939248,hours_3,0.04439214329143318,0.001228700509100839,813.8679126494437,36.12934099863373,223.8974867660436,0.16136554956682578,28
old_model_edu1,205939248,hours_4,0.12926340848675885,0.061082580566403206,16.371279489015148,2.1162073880394616,223.8974867660436,0.009451679956777462,28
old_model_edu1,205939248,work_work,0.20482496761515231,0.08657059463138579,11.551266375180099,2.3659877612102616,223.8974867660436,0.01056728146163849,28
old_model_edu1,205939248,nowork_nowork,1.0842786954743522,0.09627806830509002,10.386581456874474,11.26194899249795,223.8974867660436,0.05029957752168008,28
old_model_edu1,571904914,hours_0,0.6814595633377657,0.09383737769701109,10.656734272383432,7.262133483865015,241.94465426540117,0.030015680676700626,29
old_model_edu1,571904914,hours_1,0.04151623076349073,0.0003774710394068248,2649.2091595967977,109.985178810574,241.94465426540117,0.4545881749051821,29
old_model_edu1,571904914,hours_2,0.04644121301470794,0.0006603871856662427,1514.2629510062923,70.32420826796347,241.94465426540117,0.2906623768211937,29
old_model_edu1,571904914,hours_3,0.0470618387612619,0.001228700509100839,813.8679126494437,38.30212047807291,241.94465426540117,0.15830943070169015,29
old_model_edu1,571904914,hours_4,0.12632014725039814,0.061082580566403206,16.371279489015148,2.0680224357298163,241.94465426540117,0.008547502080625841,29
old_model_edu1,571904914,work_work,0.21737265803890127,0.08657059463138579,11.551266375180099,2.510929475688282,241.94465426540117,0.01037811512435368,29
old_model_edu1,571904914,nowork_nowork,1.1064334652573795,0.09627806830509002,10.386581456874474,11.492061313507666,241.94465426540117,0.04749871969025383,29
old_model_edu1,948843457,hours_0,0.6726778048148658,0.09383737769701109,10.656734272383432,7.168548616842233,229.92372137364495,0.031177942728200507,30
old_model_edu1,948843457,hours_1,0.03708364087163838,0.0003774710394068248,2649.2091595967977,98.24232106834258,229.92372137364495,0.42728223291363104,30
old_model_edu1,948843457,hours_2,0.04667415529896887,0.0006603871856662427,1514.2629510062923,70.67694413874258,229.92372137364495,0.3073930071960115,30
old_model_edu1,948843457,hours_3,0.04665135367636207,0.001228700509100839,813.8679126494437,37.96803983885175,229.92372137364495,0.16513319988045325,30
old_model_edu1,948843457,hours_4,0.12604896667773322,0.061082580566403206,16.371279489015148,2.0635828627827277,229.92372137364495,0.008975075953251626,30
old_model_edu1,948843457,work_work,0.2197297908543109,0.08657059463138579,11.551266375180099,2.5381573447207573,229.92372137364495,0.011039127800980757,30
old_model_edu1,948843457,nowork_nowork,1.0846809944291846,0.09627806830509002,10.386581456874474,11.266127503362334,229.92372137364495,0.04899941352747136,30
old_model_edu1,155492488,hours_0,0.653910208809478,0.09383737769701109,10.656734272383432,6.9685473332813705,227.03486151235487,0.030693732613844213,31
old_model_edu1,155492488,hours_1,0.03653855735056519,0.0003774710394068248,2649.2091595967977,96.7982808115702,227.03486151235487,0.4263586665358993,31
old_model_edu1,155492488,hours_2,0.04507364048677306,0.0006603871856662427,1514.2629510062923,68.25334385609766,227.03486151235487,0.30062935445877953,31
old_model_edu1,155492488,hours_3,0.04842799238803371,0.001228700509100839,813.8679126494437,39.41398907865215,227.03486151235487,0.17360324672652666,31
old_model_edu1,155492488,hours_4,0.11848510974585749,0.061082580566403206,16.371279489015148,1.9397528469360656,227.03486151235487,0.008543854604595636,31
old_model_edu1,155492488,work_work,0.221202730321712,0.08657059463138579,11.551266375180099,2.555171660863223,227.03486151235487,0.011254534408691128,31
old_model_edu1,155492488,nowork_nowork,1.0692426541943436,0.09627806830509002,10.386581456874474,11.105775924954214,227.03486151235487,0.048916610651663535,31
old_model_edu1,1903701130,hours_0,0.6661737045025066,0.09383737769701109,10.656734272383432,7.099236148132494,238.0696212394692,0.029820000179659724,32
old_model_edu1,1903701130,hours_1,0.040808328199371316,0.0003774710394068248,2649.2091595967977,108.10979685360678,238.0696212394692,0.45411000484123687,32
old_model_edu1,1903701130,hours_2,0.04541584958224361,0.0006603871856662427,1514.2629510062923,68.7715384108661,238.0696212394692,0.28887154124419034,32
old_model_edu1,1903701130,hours_3,0.04717285100237545,0.001228700509100839,813.8679126494437,38.39246977902653,238.0696212394692,0.1612657237792148,32
old_model_edu1,1903701130,hours_4,0.12241456676811653,0.061082580566403206,16.371279489015148,2.0040830860875416,238.0696212394692,0.008418054666755137,32
old_model_edu1,1903701130,work_work,0.22107565583266903,0.08657059463138579,11.551266375180099,2.5537037895907977,238.0696212394692,0.010726710011530959,32
old_model_edu1,1903701130,nowork_nowork,1.0724214909792689,0.09627806830509002,10.386581456874474,11.13879317215895,238.0696212394692,0.046787965277412163,32
old_model_edu1,1017961266,hours_0,0.6868439412508585,0.09383737769701109,10.656734272383432,7.319513368506936,236.53615637421584,0.030944585727211114,33
old_model_edu1,1017961266,hours_1,0.035959019527268286,0.0003774710394068248,2649.2091595967977,95.26296390175925,236.53615637421584,0.40274165845092597,33
old_model_edu1,1017961266,hours_2,0.04986418332783657,0.0006603871856662427,1514.2629510062923,75.50748539552856,236.53615637421584,0.31922174839127226,33
old_model_edu1,1017961266,hours_3,0.05203414180851153,0.001228700509100839,813.8679126494437,42.34891838019843,236.53615637421584,0.17903782250185735,33
old_model_edu1,1017961266,hours_4,0.12715876994276867,0.061082580566403206,16.371279489015148,2.081751762212445,236.53615637421584,0.008800987528177198,33
old_model_edu1,1017961266,work_work,0.23645949148283504,0.08657059463138579,11.551266375180099,2.7314065730578574,236.53615637421584,0.011547522437696973,33
old_model_edu1,1017961266,nowork_nowork,1.0864129877385054,0.09627806830509002,10.386581456874474,11.284116992952354,236.53615637421584,0.0477056749628591,33
old_model_edu1,1497769985,hours_0,0.6585151188006418,0.09383737769701109,10.656734272383432,7.0176206354054464,230.69508260565854,0.03041946345861694,34
old_model_edu1,1497769985,hours_1,0.03788966196075309,0.0003774710394068248,2649.2091595967977,100.37763952045346,230.69508260565854,0.4351095757512751,34
old_model_edu1,1497769985,hours_2,0.04547295139767146,0.0006603871856662427,1514.2629510062923,68.85800557440369,230.69508260565854,0.2984805952370774,34
old_model_edu1,1497769985,hours_3,0.04793640883232072,0.001228700509100839,813.8679126494437,39.01390499627122,230.69508260565854,0.1691145929753523,34
old_model_edu1,1497769985,hours_4,0.1162766329592814,0.061082580566403206,16.371279489015148,1.9035972562180261,230.69508260565854,0.008251572745796075,34
old_model_edu1,1497769985,work_work,0.2011017049260906,0.08657059463138579,11.551266375180099,2.3229793621041406,230.69508260565854,0.010069479313848027,34
old_model_edu1,1497769985,nowork_nowork,1.078442922467893,0.09627806830509002,10.386581456874474,11.201335260802534,230.69508260565854,0.04855472051803407,34
old_model_edu1,456523489,hours_0,0.6676641699769289,0.09383737769701109,10.656734272383432,7.115119642635575,231.46700421417762,0.030739239343383552,35
old_model_edu1,456523489,hours_1,0.03695639216980094,0.0003774710394068248,2649.2091595967977,97.90521264188803,231.46700421417762,0.4229769723519462,35
old_model_edu1,456523489,hours_2,0.048752279213278446,0.0006603871856662427,1514.2629510062923,73.82377018978174,231.46700421417762,0.31893863421445684,35
old_model_edu1,456523489,hours_3,0.04500477636936202,0.001228700509100839,813.8679126494437,36.62794340298768,231.46700421417762,0.158242612277885,35
old_model_edu1,456523489,hours_4,0.12962134801878503,0.061082580566403206,16.371279489015148,2.1220673161584296,231.46700421417762,0.009167904182986141,35
old_model_edu1,456523489,work_work,0.2254115314642457,0.08657059463138579,11.551266375180099,2.603788643980792,231.46700421417762,0.011249070479054081,35
old_model_edu1,456523489,nowork_nowork,1.084967409492254,0.09627806830509002,10.386581456874474,11.269102376745378,231.46700421417762,0.04868556715028816,35
old_model_edu1,701095136,hours_0,0.6544518546847936,0.09383737769701109,10.656734272383432,6.974319509444341,226.79534047655562,0.030751599635113726,36
old_model_edu1,701095136,hours_1,0.03682751572040335,0.0003774710394068248,2649.2091595967977,97.56379197168762,226.79534047655562,0.43018428759021626,36
old_model_edu1,701095136,hours_2,0.044857545246919525,0.0006603871856662427,1514.2629510062923,67.92611884049865,226.79534047655562,0.29950403168675477,36
old_model_edu1,701095136,hours_3,0.04731885924410023,0.001228700509100839,813.8679126494437,38.51130120194869,226.79534047655562,0.16980640396326702,36
old_model_edu1,701095136,hours_4,0.13191010507770543,0.061082580566403206,16.371279489015148,2.1595371976524715,226.79534047655562,0.009521964574381139,36
old_model_edu1,701095136,work_work,0.2212543294136258,0.08657059463138579,11.551266375180099,2.555767695718637,226.79534047655562,0.011269048519022959,36
old_model_edu1,701095136,nowork_nowork,1.069120201455271,0.09627806830509002,10.386581456874474,11.104504059605219,226.79534047655562,0.04896266403124414,36
old_model_edu1,249069576,hours_0,0.6486647717683992,0.09383737769701109,10.656734272383432,6.912648104592076,224.38104207689938,0.030807629916537193,37
old_model_edu1,249069576,hours_1,0.037289595085987955,0.0003774710394068248,2649.2091595967977,98.78793685945503,224.38104207689938,0.44026864277419053,37
old_model_edu1,249069576,hours_2,0.04304308705932761,0.0006603871856662427,1514.2629510062923,65.17855203087818,224.38104207689938,0.2904815461572744,37
old_model_edu1,249069576,hours_3,0.0466190299916323,0.001228700509100839,813.8679126494437,37.9417326290316,224.38104207689938,0.16909509055594943,37
old_model_edu1,249069576,hours_4,0.1233396205092298,0.061082580566403206,16.371279489015148,2.0192273994256658,224.38104207689938,0.008999099838094346,37
old_model_edu1,249069576,work_work,0.2160338998285696,0.08657059463138579,11.551266375180099,2.4954651229887816,224.38104207689938,0.01112155064389772,37
old_model_edu1,249069576,nowork_nowork,1.063437472318429,0.09627806830509002,10.386581456874474,11.045479930528057,224.38104207689938,0.0492264401140564,37
old_model_edu1,1576098728,hours_0,0.6609972164162515,0.09383737769701109,10.656734272383432,7.044071690133116,235.27658371359703,0.029939535753833825,38
old_model_edu1,1576098728,hours_1,0.039355455923349214,0.0003774710394068248,2649.2091595967977,104.26083431224478,235.27658371359703,0.4431415683898311,38
old_model_edu1,1576098728,hours_2,0.0470066159452682,0.0006603871856662427,1514.2629510062923,71.18037697810125,235.27658371359703,0.30253914713735114,38
old_model_edu1,1576098728,hours_3,0.045742219257595716,0.001228700509100839,813.8679126494437,37.22812450713261,235.27658371359703,0.1582313204294505,38
old_model_edu1,1576098728,hours_4,0.12206383639202664,0.061082580566403206,16.371279489015148,1.9983411810752865,235.27658371359703,0.008493582954723083,38
old_model_edu1,1576098728,work_work,0.21228780242326475,0.08657059463138579,11.551266375180099,2.4521929539927343,235.27658371359703,0.010422596738219376,38
old_model_edu1,1576098728,nowork_nowork,1.0699037153906157,0.09627806830509002,10.386581456874474,11.112642090917273,235.27658371359703,0.04723224859659102,38
old_model_edu1,1662748500,hours_0,0.6453806642539779,0.09383737769701109,10.656734272383432,6.877650243488951,220.75366311732,0.031155316502421114,39
old_model_edu1,1662748500,hours_1,0.03622898232268766,0.0003774710394068248,2649.2091595967977,95.97815181213461,220.75366311732,0.4347749000256762,39
old_model_edu1,1662748500,hours_2,0.04381586284784802,0.0006603871856662427,1514.2629510062923,66.3487377768693,220.75366311732,0.3005555461229566,39
old_model_edu1,1662748500,hours_3,0.04428708094243093,0.001228700509100839,813.8679126494437,36.04383412395322,220.75366311732,0.16327626737861942,39
old_model_edu1,1662748500,hours_4,0.12719716667512054,0.061082580566403206,16.371279489015148,2.082380365849242,220.75366311732,0.009433050108629711,39
old_model_edu1,1662748500,work_work,0.2024452429703192,0.08657059463138579,11.551266375180099,2.3384989279382133,220.75366311732,0.010593250843114722,39
old_model_edu1,1662748500,nowork_nowork,1.067185571413405,0.09627806830509002,10.386581456874474,11.084409867086462,220.75366311732,0.05021166901858217,39
old_model_edu1,472736216,hours_0,0.6737759387848057,0.09383737769701109,10.656734272383432,7.180251138755359,231.61874877917253,0.031000301903888954,40
old_model_edu1,472736216,hours_1,0.03853945558128349,0.0003774710394068248,2649.2091595967977,102.09907873181014,231.61874877917253,0.4408066241181207,40
old_model_edu1,472736216,hours_2,0.04612635118880437,0.0006603871856662427,1514.2629510062923,69.84742467031151,231.61874877917253,0.3015620498706031,40
old_model_edu1,472736216,hours_3,0.044915939938894624,0.001228700509100839,813.8679126494437,36.55564228275595,231.61874877917253,0.15782678421084312,40
old_model_edu1,472736216,hours_4,0.13314414794942703,0.061082580566403206,16.371279489015148,2.179740058406853,231.61874877917253,0.0094108964403613,40
old_model_edu1,472736216,work_work,0.21939078180075422,0.08657059463138579,11.551266375180099,2.534241360839526,231.61874877917253,0.010941434465893326,40
old_model_edu1,472736216,nowork_nowork,1.0804681581605031,0.09627806830509002,10.386581456874474,11.222370536293198,231.61874877917253,0.04845190899028951,40
old_model_edu1,1535411295,hours_0,0.6650721719473618,0.09383737769701109,10.656734272383432,7.087497408399937,226.69694255287976,0.03126419495819487,41
old_model_edu1,1535411295,hours_1,0.03695354756889472,0.0003774710394068248,2649.2091595967977,97.89767669911187,226.69694255287976,0.43184383343095184,41
old_model_edu1,1535411295,hours_2,0.04504876130810666,0.0006603871856662427,1514.2629510062923,68.21567023759167,226.69694255287976,0.30091129359488183,41
old_model_edu1,1535411295,hours_3,0.046014565771217944,0.001228700509100839,813.8679126494437,37.44977859569169,226.69694255287976,0.16519754600111594,41
old_model_edu1,1535411295,hours_4,0.1322707410202726,0.061082580566403206,16.371279489015148,2.1654412694620233,226.69694255287976,0.00955214148491177,41
old_model_edu1,1535411295,work_work,0.22921655205211738,0.08657059463138579,11.551266375180099,2.647741450354342,226.69694255287976,0.01167965222881965,41
old_model_edu1,1535411295,nowork_nowork,1.0815047221175398,0.09627806830509002,10.386581456874474,11.23313689226822,226.69694255287976,0.04955133830112401,41
old_model_edu1,175223003,hours_0,0.6559490603965948,0.09383737769701109,10.656734272383432,6.990274832866102,225.5603531982363,0.030990707071302637,42
old_model_edu1,175223003,hours_1,0.036490478812491615,0.0003774710394068248,2649.2091595967977,96.67091070812566,225.5603531982363,0.42858112845374613,42
old_model_edu1,175223003,hours_2,0.04456141066839853,0.0006603871856662427,1514.2629510062923,67.47769321973243,225.5603531982363,0.2991558235432842,42
old_model_edu1,175223003,hours_3,0.047724046529755475,0.001228700509100839,813.8679126494437,38.84107013235702,225.5603531982363,0.1721981260519711,42
old_model_edu1,175223003,hours_4,0.1260911512087265,0.061082580566403206,16.371279489015148,2.064273477529732,225.5603531982363,0.00915175671726104,42
old_model_edu1,175223003,work_work,0.21401666691265864,0.08657059463138579,11.551266375180099,2.472163528236313,225.5603531982363,0.010960097788389363,42
old_model_edu1,175223003,nowork_nowork,1.0632918391141581,0.09627806830509002,10.386581456874474,11.043967299389072,225.5603531982363,0.04896236037404568,42
old_model_edu1,840936862,hours_0,0.6770910704106755,0.09383737769701109,10.656734272383432,7.2155796155702285,241.747053027261,0.02984764250572499,43
old_model_edu1,840936862,hours_1,0.040165724108438834,0.0003774710394068248,2649.2091595967977,106.40740420991408,241.747053027261,0.44016008831311326,43
old_model_edu1,840936862,hours_2,0.047209252269957015,0.0006603871856662427,1514.2629510062923,71.48722165710561,241.747053027261,0.29571082981948177,43
old_model_edu1,840936862,hours_3,0.050359767623187876,0.001228700509100839,813.8679126494437,40.986198956994954,241.747053027261,0.1695416694588334,43
old_model_edu1,840936862,hours_4,0.12104257756490726,0.061082580566403206,16.371279489015148,1.9816218673858912,241.747053027261,0.008197087999920439,43
old_model_edu1,840936862,work_work,0.22013888588158273,0.08657059463138579,11.551266375180099,2.5428829103535353,241.747053027261,0.010518775217776008,43
old_model_edu1,840936862,nowork_nowork,1.071203634817951,0.09627806830509002,10.386581456874474,11.126143809936666,241.747053027261,0.04602390668514999,43
old_model_edu1,343373188,hours_0,0.6712894244404878,0.09383737769701109,10.656734272383432,7.153753016123494,238.90131960711864,0.029944384685225197,44
old_model_edu1,343373188,hours_1,0.03975496466128949,0.0003774710394068248,2649.2091595967977,105.31921652013513,238.90131960711864,0.44084819913651446,44
old_model_edu1,343373188,hours_2,0.04722987994649193,0.0006603871856662427,1514.2629510062923,71.51845738344777,238.90131960711864,0.29936401147160807,44
old_model_edu1,343373188,hours_3,0.04791080209137429,0.001228700509100839,813.8679126494437,38.9930644914674,238.90131960711864,0.16321828843638378,44
old_model_edu1,343373188,hours_4,0.12432742951685852,0.061082580566403206,16.371279489015148,2.0353990967713225,238.90131960711864,0.00851983195454343,44
old_model_edu1,343373188,work_work,0.22553387244207787,0.08657059463138579,11.551266375180099,2.6052018372043317,238.90131960711864,0.010904928618597315,44
old_model_edu1,343373188,nowork_nowork,1.0856533796792112,0.09627806830509002,10.386581456874474,11.276227261969197,238.90131960711864,0.04720035569712774,44
old_model_edu1,1597751082,hours_0,0.66480368231459,0.09383737769701109,10.656734272383432,7.0846361857285975,237.76657688385117,0.02979660252748408,45
old_model_edu1,1597751082,hours_1,0.03975773179966756,0.0003774710394068248,2649.2091595967977,105.32654724847217,237.76657688385117,0.4429829820022354,45
old_model_edu1,1597751082,hours_2,0.04767738124723268,0.0006603871856662427,1514.2629510062923,72.19609202368662,237.76657688385117,0.30364272796405006,45
old_model_edu1,1597751082,hours_3,0.046177768331058563,0.001228700509100839,813.8679126494437,37.58260392240822,237.76657688385117,0.15806512595236336,45
old_model_edu1,1597751082,hours_4,0.12107558952408914,0.061082580566403206,16.371279489015148,1.9821623153961379,237.76657688385117,0.00833658936160915,45
old_model_edu1,1597751082,work_work,0.21963047965311586,0.08657059463138579,11.551266375180099,2.537010174581714,237.76657688385117,0.010670171593634214,45
old_model_edu1,1597751082,nowork_nowork,1.064597149648229,0.09627806830509002,10.386581456874474,11.057525013577713,237.76657688385117,0.0465058005986237,45
old_model_edu1,730359585,hours_0,0.6709622934751602,0.09383737769701109,10.656734272383432,7.1502668683537305,237.1025792063878,0.03015684980014378,46
old_model_edu1,730359585,hours_1,0.039096485696347785,0.0003774710394068248,2649.2091595967977,103.57476801480973,237.1025792063878,0.4368352649789283,46
old_model_edu1,730359585,hours_2,0.0490784885165416,0.0006603871856662427,1514.2629510062923,74.31773685198671,237.1025792063878,0.313441283940215,46
old_model_edu1,730359585,hours_3,0.04435035409187613,0.001228700509100839,813.8679126494437,36.09533011001894,237.1025792063878,0.15223507998451372,46
old_model_edu1,730359585,hours_4,0.12806251205090546,0.061082580566403206,16.371279489015148,2.096547176850744,237.1025792063878,0.008842363435556676,46
old_model_edu1,730359585,work_work,0.2325561308963216,0.08657059463138579,11.551266375180099,2.6863178151646614,237.1025792063878,0.011329770532889628,46
old_model_edu1,730359585,nowork_nowork,1.0765440405613518,0.09627806830509002,10.386581456874474,11.181612369203258,237.1025792063878,0.04715938732775292,46
old_model_edu1,1016641002,hours_0,0.6731288604960399,0.09383737769701109,10.656734272383432,7.173355397378554,229.84921815215972,0.031208961488090887,47
old_model_edu1,1016641002,hours_1,0.03606068764759833,0.0003774710394068248,2649.2091595967977,95.53230401737659,229.84921815215972,0.4156303196738933,47
old_model_edu1,1016641002,hours_2,0.04844452831213937,0.0006603871856662427,1514.2629510062923,73.35775440204804,229.84921815215972,0.31915598839881787,47
old_model_edu1,1016641002,hours_3,0.046496183414037995,0.001228700509100839,813.8679126494437,37.84175174134879,229.84921815215972,0.16463728719885234,47
old_model_edu1,1016641002,hours_4,0.12978332545859617,0.061082580566403206,16.371279489015148,2.124719094096493,229.84921815215972,0.009243969203714817,47
old_model_edu1,1016641002,work_work,0.22260354656498824,0.08657059463138579,11.551266375180099,2.571352862431986,229.84921815215972,0.011187129036609364,47
old_model_edu1,1016641002,nowork_nowork,1.0829338492343592,0.09627806830509002,10.386581456874474,11.247980637479293,229.84921815215972,0.0489363450000215,47
old_model_edu1,998994690,hours_0,0.6651318548910019,0.09383737769701109,10.656734272383432,7.088133433670904,229.30243801098882,0.03091172294178233,48
old_model_edu1,998994690,hours_1,0.03798926266786705,0.0003774710394068248,2649.2091595967977,100.64150262604207,229.30243801098882,0.4389028895594169,48
old_model_edu1,998994690,hours_2,0.0448993858979092,0.0006603871856662427,1514.2629510062923,67.98947658813829,229.30243801098882,0.2965056855822878,48
old_model_edu1,998994690,hours_3,0.04622474156572136,0.001228700509100839,813.8679126494437,37.62083393085362,229.30243801098882,0.16406643669898846,48
old_model_edu1,998994690,hours_4,0.13521392085174044,0.061082580566403206,16.371279489015148,2.213624889069416,229.30243801098882,0.009653734640899601,48
old_model_edu1,998994690,work_work,0.2077003056647103,0.08657059463138579,11.551266375180099,2.3992015569393965,229.30243801098882,0.010463044256094739,48
old_model_edu1,998994690,nowork_nowork,1.0927238219234514,0.09627806830509002,10.386581456874474,11.349664986275124,229.30243801098882,0.049496486320530164,48
old_model_edu1,1021240743,hours_0,0.6701341314255808,0.09383737769701109,10.656734272383432,7.141441365456889,226.35997325913507,0.031549046691578396,49
old_model_edu1,1021240743,hours_1,0.039396640852858475,0.0003774710394068248,2649.2091595967977,104.36994180473806,226.35997325913507,0.4610794934370141,49
old_model_edu1,1021240743,hours_2,0.041349737237844394,0.0006603871856662427,1514.2629510062923,62.61437513311302,226.35997325913507,0.276614165621201,49
old_model_edu1,1021240743,hours_3,0.04472636448359287,0.001228700509100839,813.8679126494437,36.401352902659944,226.35997325913507,0.16081179184885291,49
old_model_edu1,1021240743,hours_4,0.13132724495799386,0.061082580566403206,16.371279489015148,2.1499950317296728,226.35997325913507,0.009498123722025607,49
old_model_edu1,1021240743,work_work,0.2188133140866192,0.08657059463138579,11.551266375180099,2.527570877450486,226.35997325913507,0.011166156458928995,49
old_model_edu1,1021240743,nowork_nowork,1.0740103652298187,0.09627806830509002,10.386581456874474,11.155296143987016,226.35997325913507,0.049281222220399025,49
old_model_edu1,572134801,hours_0,0.6862276995727747,0.09383737769701109,10.656734272383432,7.31294624469603,238.83805429806682,0.03061884868468057,50
old_model_edu1,572134801,hours_1,0.03785608643800914,0.0003774710394068248,2649.2091595967977,100.28869093806192,238.83805429806682,0.4199024784086665,50
old_model_edu1,572134801,hours_2,0.0502309694166608,0.0006603871856662427,1514.2629510062923,76.0628959807796,238.83805429806682,0.31847058964001645,50
old_model_edu1,572134801,hours_3,0.04819093848591456,0.001228700509100839,813.8679126494437,39.22105851414903,238.83805429806682,0.16421611970260674,50
old_model_edu1,572134801,hours_4,0.12130621605961547,0.061082580566403206,16.371279489015148,1.9859379668668227,238.83805429806682,0.008314998096527774,50
old_model_edu1,572134801,work_work,0.2118582754902375,0.08657059463138579,11.551266375180099,2.4472313739740224,238.83805429806682,0.010246404749721789,50
old_model_edu1,572134801,nowork_nowork,1.1090553063457838,0.09627806830509002,10.386581456874474,11.519293279539356,238.83805429806682,0.048230560717780036,50
old_model_edu1,1198399760,hours_0,0.6547217968806126,0.09383737769701109,10.656734272383432,6.977196211694088,220.25791199036797,0.03167739196582961,51
old_model_edu1,1198399760,hours_1,0.03435666825568877,0.0003774710394068248,2649.2091595967977,91.01800023619921,220.25791199036797,0.4132337377291559,51
old_model_edu1,1198399760,hours_2,0.04638045972029853,0.0006603871856662427,1514.2629510062923,70.23221180508772,220.25791199036797,0.31886351400697477,51
old_model_edu1,1198399760,hours_3,0.04468786065551039,0.001228700509100839,813.8679126494437,36.370015872469445,220.25791199036797,0.16512467381448676,51
old_model_edu1,1198399760,hours_4,0.13114588619774636,0.061082580566403206,16.371279489015148,2.1470259567778798,220.25791199036797,0.009747781304999254,51
old_model_edu1,1198399760,work_work,0.2154612695886552,0.08657059463138579,11.551266375180099,2.488850518553047,220.25791199036797,0.011299709944866298,51
old_model_edu1,1198399760,nowork_nowork,1.0614282895061502,0.09627806830509002,10.386581456874474,11.024611389586571,220.25791199036797,0.05005319123368737,51
old_model_edu1,1751866485,hours_0,0.6567198850651436,0.09383737769701109,10.656734272383432,6.998489306529423,227.95331561122362,0.0307014148391042,52
old_model_edu1,1751866485,hours_1,0.03476933210262857,0.0003774710394068248,2649.2091595967977,92.1112330793466,227.95331561122362,0.4040793740260533,52
old_model_edu1,1751866485,hours_2,0.04856782134723414,0.0006603871856662427,1514.2629510062923,73.54445247720916,227.95331561122362,0.3226294484026715,52
old_model_edu1,1751866485,hours_3,0.04867638720266098,0.001228700509100839,813.8679126494437,39.61614964794579,227.95331561122362,0.17379062700501133,52
old_model_edu1,1751866485,hours_4,0.12681381661396052,0.061082580566403206,16.371279489015148,2.07610443485586,227.95331561122362,0.009107586039225131,52
old_model_edu1,1751866485,work_work,0.21312834374128747,0.08657059463138579,11.551266375180099,2.4619022706565596,227.95331561122362,0.01080002834815246,52
old_model_edu1,1751866485,nowork_nowork,1.07301756992468,0.09627806830509002,10.386581456874474,11.14498439468019,227.95331561122362,0.04889152133978195,52
old_model_edu1,1070889713,hours_0,0.6731055245379155,0.09383737769701109,10.656734272383432,7.173106712273831,233.8276319345848,0.03067689927373753,53
old_model_edu1,1070889713,hours_1,0.0387846678651735,0.0003774710394068248,2649.2091595967977,102.7486973603372,233.8276319345848,0.43942068142349405,53
old_model_edu1,1070889713,hours_2,0.04597339089100291,0.0006603871856662427,1514.2629510062923,69.61580255837586,233.8276319345848,0.29772273696827867,53
old_model_edu1,1070889713,hours_3,0.04732184433373886,0.001228700509100839,813.8679126494437,38.51373067062195,233.8276319345848,0.16470992051699215,53
old_model_edu1,1070889713,hours_4,0.12600416090312344,0.061082580566403206,16.371279489015148,2.062849334923869,233.8276319345848,0.008822093940980286,53
old_model_edu1,1070889713,work_work,0.21200524273620092,0.08657059463138579,11.551266375180099,2.4489290317805725,233.8276319345848,0.010473223423250853,53
old_model_edu1,1070889713,nowork_nowork,1.0845258676343352,0.09627806830509002,10.386581456874474,11.264516266271487,233.8276319345848,0.04817444445326645,53
old_model_edu1,415096539,hours_0,0.674944316578836,0.09383737769701109,10.656734272383432,7.192702230436095,233.3209532926995,0.030827502326432294,54
old_model_edu1,415096539,hours_1,0.03774948642842274,0.0003774710394068248,2649.2091595967977,100.00628521625252,233.3209532926995,0.4286211066984427,54
old_model_edu1,415096539,hours_2,0.047585657174580416,0.0006603871856662427,1514.2629510062923,72.05719765875388,233.3209532926995,0.30883294724224203,54
old_model_edu1,415096539,hours_3,0.0468926784287572,0.001228700509100839,813.8679126494437,38.16444631135422,233.3209532926995,0.1635705913796657,54
old_model_edu1,415096539,hours_4,0.13089105365162312,0.061082580566403206,16.371279489015148,2.142854021942399,233.3209532926995,0.009184147380257801,54
old_model_edu1,415096539,work_work,0.21654694343106587,0.08657059463138579,11.551266375180099,2.501391426303298,233.3209532926995,0.010720817787699162,54
old_model_edu1,415096539,nowork_nowork,1.0837132962748872,0.09627806830509002,10.386581456874474,11.256076427657057,233.3209532926995,0.04824288718526016,54
old_model_edu1,52416235,hours_0,0.6643119288636561,0.09383737769701109,10.656734272383432,7.079395699874468,235.9148381495347,0.03000826804877441,55
old_model_edu1,52416235,hours_1,0.03792687675027226,0.0003774710394068248,2649.2091595967977,100.4762292817201,235.9148381495347,0.42590042266876493,55
old_model_edu1,52416235,hours_2,0.049856640855842974,0.0006603871856662427,1514.2629510062923,75.49606410962966,235.9148381495347,0.3200140555032679,55
old_model_edu1,52416235,hours_3,0.04564572815387477,0.001228700509100839,813.8679126494437,37.14959349395801,235.9148381495347,0.1574703557663072,55
old_model_edu1,52416235,hours_4,0.12417527545766184,0.061082580566403206,16.371279489015148,2.0329081401428253,235.9148381495347,0.008617127078943063,55
old_model_edu1,52416235,work_work,0.21617583930283213,0.08657059463138579,11.551266375180099,2.497104703665141,235.9148381495347,0.010584771705128402,55
old_model_edu1,52416235,nowork_nowork,1.076729891059828,0.09627806830509002,10.386581456874474,11.183542720544482,235.9148381495347,0.04740499922881405,55
old_model_edu1,278032723,hours_0,0.6648047479084571,0.09383737769701109,10.656734272383432,7.084647541479282,229.23038681312238,0.0309062321098597,56
old_model_edu1,278032723,hours_1,0.035235561671170965,0.0003774710394068248,2649.2091595967977,93.34637272280396,229.23038681312238,0.4072163992765217,56
old_model_edu1,278032723,hours_2,0.04812845375284896,0.0006603871856662427,1514.2629510062923,72.87913440715893,229.23038681312238,0.31792964022074816,56
old_model_edu1,278032723,hours_3,0.049154438971413736,0.001228700509100839,813.8679126494437,40.00522064311897,229.23038681312238,0.17451971005804215,56
old_model_edu1,278032723,hours_4,0.12836344098176183,0.061082580566403206,16.371279489015148,2.101473768484124,229.23038681312238,0.00916751831072609,56
old_model_edu1,278032723,work_work,0.2211156958162883,0.08657059463138579,11.551266375180099,2.554166302107242,229.23038681312238,0.011142354805645809,56
old_model_edu1,278032723,nowork_nowork,1.084030532540399,0.09627806830509002,10.386581456874474,11.25937142796987,229.23038681312238,0.04911814521845636,56
old_model_edu1,174946158,hours_0,0.6648197125483486,0.09383737769701109,10.656734272383432,7.084807015670088,225.60800948113302,0.03140317150957608,57
old_model_edu1,174946158,hours_1,0.03777454569731971,0.0003774710394068248,2649.2091595967977,100.07267246094717,225.60800948113302,0.4435687930189197,57
old_model_edu1,174946158,hours_2,0.04348954596562041,0.0006603871856662427,1514.2629510062923,65.85460821182416,225.60800948113302,0.2918983610700727,57
old_model_edu1,174946158,hours_3,0.04511881877271134,0.001228700509100839,813.8679126494437,36.720758855755115,225.60800948113302,0.1627635425719492,57
old_model_edu1,174946158,hours_4,0.12984852359879795,0.061082580566403206,16.371279489015148,2.1257864710719003,225.60800948113302,0.00942247784536069,57
old_model_edu1,174946158,work_work,0.21155053288052686,0.08657059463138579,11.551266375180099,2.443676557114262,225.60800948113302,0.010831515081110717,57
old_model_edu1,174946158,nowork_nowork,1.088490949182083,0.09627806830509002,10.386581456874474,11.305699908750318,225.60800948113302,0.05011213890301081,57
old_model_edu1,196848554,hours_0,0.6656911366523536,0.09383737769701109,10.656734272383432,7.0940935507850185,232.99952574197343,0.030446815409577725,58
old_model_edu1,196848554,hours_1,0.041081662508282234,0.0003774710394068248,2649.2091595967977,108.83391660840564,232.99952574197343,0.467099305296139,58
old_model_edu1,196848554,hours_2,0.04188680332523971,0.0006603871856662427,1514.2629510062923,63.42763441149766,232.99952574197343,0.27222216100876623,58
old_model_edu1,196848554,hours_3,0.046287823495743396,0.001228700509100839,813.8679126494437,37.672174289566556,232.99952574197343,0.16168348055474238,58
old_model_edu1,196848554,hours_4,0.13485868857579678,0.061082580566403206,16.371279489015148,2.2078092821964233,232.99952574197343,0.009475595605466505,58
old_model_edu1,196848554,work_work,0.21158309258811758,0.08657059463138579,11.551266375180099,2.44405266296974,232.99952574197343,0.010489517758402282,58
old_model_edu1,196848554,nowork_nowork,1.0898528051364018,0.09627806830509002,10.386581456874474,11.31984493655238,232.99952574197343,0.048583124366905865,58
old_model_edu1,263030910,hours_0,0.6610269157081817,0.09383737769701109,10.656734272383432,7.044388187595294,230.68452969009203,0.03053689034569817,59
old_model_edu1,263030910,hours_1,0.03751284129209799,0.0003774710394068248,2649.2091595967977,99.37936275352696,230.68452969009203,0.43080202598343265,59
old_model_edu1,263030910,hours_2,0.046706875438685326,0.0006603871856662427,1514.2629510062923,70.72649103406695,230.68452969009203,0.3065939927964952,59
old_model_edu1,263030910,hours_3,0.046360199139675394,0.001228700509100839,813.8679126494437,37.73107850382015,230.68452969009203,0.1635613734241699,59
old_model_edu1,263030910,hours_4,0.12609103521809717,0.061082580566403206,16.371279489015148,2.0642715786147208,230.68452969009203,0.008948461266075883,59
old_model_edu1,263030910,work_work,0.2167185446978086,0.08657059463138579,11.551266375180099,2.503373638245762,230.68452969009203,0.010851935505206453,59
old_model_edu1,263030910,nowork_nowork,1.081738398805491,0.09627806830509002,10.386581456874474,11.235563994222197,230.68452969009203,0.04870532067892183,59
old_model_edu1,1285415020,hours_0,0.6529595412025923,0.09383737769701109,10.656734272383432,6.958416321213426,229.34297128052708,0.030340656538813435,60
old_model_edu1,1285415020,hours_1,0.03901416809836785,0.0003774710394068248,2649.2091595967977,103.35669148024529,229.34297128052708,0.4506643081458195,60
old_model_edu1,1285415020,hours_2,0.044808101303329455,0.0006603871856662427,1514.2629510062923,67.85124770856855,229.34297128052708,0.29585056533332543,60
old_model_edu1,1285415020,hours_3,0.043980647671967535,0.001228700509100839,813.8679126494437,35.794437917754834,229.34297128052708,0.1560738387485697,60
old_model_edu1,1285415020,hours_4,0.12108176100751952,0.061082580566403206,16.371279489015148,1.9822633504762384,229.34297128052708,0.008643226951357403,60
old_model_edu1,1285415020,work_work,0.21558949791839885,0.08657059463138579,11.551266375180099,2.4903317181467606,229.34297128052708,0.01085854824432637,60
old_model_edu1,1285415020,nowork_nowork,1.0503535575606904,0.09627806830509002,10.386581456874474,10.909582784122001,229.34297128052708,0.047568856037788265,60
old_model_edu1,1733223444,hours_0,0.6705425793315103,0.09383737769701109,10.656734272383432,7.145794086254492,231.56967991837848,0.030858072994587094,61
old_model_edu1,1733223444,hours_1,0.037550676470452085,0.0003774710394068248,2649.2091595967977,99.47959605457761,231.56967991837848,0.4295881744520321,61
old_model_edu1,1733223444,hours_2,0.04555118159424945,0.0006603871856662427,1514.2629510062923,68.97646666273168,231.56967991837848,0.2978648443399147,61
old_model_edu1,1733223444,hours_3,0.049390651720227094,0.001228700509100839,813.8679126494437,40.19746661993688,231.56967991837848,0.17358691618913716,61
old_model_edu1,1733223444,hours_4,0.12748193755259324,0.061082580566403206,16.371279489015148,2.0870424294746797,231.56967991837848,0.009012589343347113,61
old_model_edu1,1733223444,work_work,0.228849823225625,0.08657059463138579,11.551266375180099,2.6435052679920714,231.56967991837848,0.01141559321981975,61
old_model_edu1,1733223444,nowork_nowork,1.0628914665762539,0.09627806830509002,10.386581456874474,11.039808797411034,231.56967991837848,0.04767380946116194,61
old_model_edu1,1835544261,hours_0,0.6731363881869563,0.09383737769701109,10.656734272383432,7.173435617980335,240.36104591325278,0.02984441838620246,62
old_model_edu1,1835544261,hours_1,0.041201151954054764,0.0003774710394068248,2649.2091595967977,109.15046914262138,240.36104591325278,0.4541104767118304,62
old_model_edu1,1835544261,hours_2,0.046290429209820204,0.0006603871856662427,1514.2629510062923,70.0958819386102,240.36104591325278,0.2916274626459567,62
old_model_edu1,1835544261,hours_3,0.046866477052016124,0.001228700509100839,813.8679126494437,38.14312185155742,240.36104591325278,0.1586909463912194,62
old_model_edu1,1835544261,hours_4,0.12568883364046932,0.061082580566403206,16.371279489015148,2.0576870241764524,240.36104591325278,0.008560817400166745,62
old_model_edu1,1835544261,work_work,0.22191514713750574,0.08657059463138579,11.551266375180099,2.563400977272614,240.36104591325278,0.010664793737824536,62
old_model_edu1,1835544261,nowork_nowork,1.0761047229487357,0.09627806830509002,10.386581456874474,11.177049361034381,240.36104591325278,0.046501084726799785,62
old_model_edu1,1403186970,hours_0,0.665422142378826,0.09383737769701109,10.656734272383432,7.091226950291243,231.21651502926952,0.030669206087608276,63
old_model_edu1,1403186970,hours_1,0.03560369607676142,0.0003774710394068248,2649.2091595967977,94.32163776205692,231.21651502926952,0.40793642162678917,63
old_model_edu1,1403186970,hours_2,0.048755382737478564,0.0006603871856662427,1514.2629510062923,73.82846974149552,231.21651502926952,0.31930448277948326,63
old_model_edu1,1403186970,hours_3,0.0493864756222148,0.001228700509100839,813.8679126494437,40.1940678277646,231.21651502926952,0.17383735682841023,63
old_model_edu1,1403186970,hours_4,0.12376739027984604,0.061082580566403206,16.371279489015148,2.0262305378973764,231.21651502926952,0.008763346933245134,63
old_model_edu1,1403186970,work_work,0.2218091101342043,0.08657059463138579,11.551266375180099,2.5621761156018534,231.21651502926952,0.011081285068575268,63
old_model_edu1,1403186970,nowork_nowork,1.0776121229717952,0.09627806830509002,10.386581456874474,11.192706094161982,231.21651502926952,0.0484079006758886,63
old_model_edu1,1291971777,hours_0,0.6690553753581282,0.09383737769701109,10.656734272383432,7.129945348701326,235.73121438780797,0.030246080762862632,64
old_model_edu1,1291971777,hours_1,0.040129883582592035,0.0003774710394068248,2649.2091595967977,106.31245516055597,235.73121438780797,0.4509901475570325,64
old_model_edu1,1291971777,hours_2,0.044229484540992015,0.0006603871856662427,1514.2629510062923,66.97506978252976,235.73121438780797,0.28411625484755365,64
old_model_edu1,1291971777,hours_3,0.04844213953965839,0.001228700509100839,813.8679126494437,39.42550299141486,235.73121438780797,0.16724769816251348,64
old_model_edu1,1291971777,hours_4,0.1245864260255729,0.061082580566403206,16.371279489015148,2.039639201002165,235.73121438780797,0.008652393389221242,64
old_model_edu1,1291971777,work_work,0.22543273343112666,0.08657059463138579,11.551266375180099,2.6040335535479118,235.73121438780797,0.011046621722585893,64
old_model_edu1,1291971777,nowork_nowork,1.082605320792401,0.09627806830509002,10.386581456874474,11.244568350055992,235.73121438780797,0.04770080355823069,64
old_model_edu1,712292067,hours_0,0.6377646659817788,0.09383737769701109,10.656734272383432,6.796488573683194,229.6312319400938,0.02959740500567563,65
old_model_edu1,712292067,hours_1,0.035923433869520294,0.0003774710394068248,2649.2091595967977,95.16869005130299,229.6312319400938,0.414441403493975,65
old_model_edu1,712292067,hours_2,0.04620229018049296,0.0006603871856662427,1514.2629510062923,69.96241627196231,229.6312319400938,0.30467291265594965,65
old_model_edu1,712292067,hours_3,0.05210585964698662,0.001228700509100839,813.8679126494437,42.407287227697886,229.6312319400938,0.18467560736146335,65
old_model_edu1,712292067,hours_4,0.12171777400655179,0.061082580566403206,16.371279489015148,1.9926756970420425,229.6312319400938,0.008677720709881013,65
old_model_edu1,712292067,work_work,0.21426980894397565,0.08657059463138579,11.551266375180099,2.47508763927081,229.6312319400938,0.01077853225085911,65
old_model_edu1,712292067,nowork_nowork,1.0425553897685502,0.09627806830509002,10.386581456874474,10.828586479134563,229.6312319400938,0.04715641852219616,65
old_model_edu1,2001429764,hours_0,0.6772749206452335,0.09383737769701109,10.656734272383432,7.217538858665829,240.20236611901666,0.030047742556747536,66
old_model_edu1,2001429764,hours_1,0.03968070237457237,0.0003774710394068248,2649.2091595967977,105.12248018995153,240.20236611901666,0.4376413183951107,66
old_model_edu1,2001429764,hours_2,0.04800145674290113,0.0006603871856662427,1514.2629510062923,72.68682754010635,240.20236611901666,0.3026066258818247,66
old_model_edu1,2001429764,hours_3,0.04832522799744018,0.001228700509100839,813.8679126494437,39.330352438585095,240.20236611901666,0.16373840555382996,66
old_model_edu1,2001429764,hours_4,0.12451988069798475,0.061082580566403206,16.371279489015148,2.038549768845531,240.20236611901666,0.008486801365792792,66
old_model_edu1,2001429764,work_work,0.23007644977147934,0.08657059463138579,11.551266375180099,2.657674357966102,240.20236611901666,0.011064313815498656,66
old_model_edu1,2001429764,nowork_nowork,1.0733986934187252,0.09627806830509002,10.386581456874474,11.14894296489622,240.20236611901666,0.046414792431195645,66
old_model_edu1,1375664061,hours_0,0.6610448735665547,0.09383737769701109,10.656734272383432,7.044579559720076,228.66527355295585,0.03080738692964957,67
old_model_edu1,1375664061,hours_1,0.03624736090735181,0.0003774710394068248,2649.2091595967977,96.0268405269673,228.66527355295585,0.41994500972937965,67
old_model_edu1,1375664061,hours_2,0.04759430202233804,0.0006603871856662427,1514.2629510062923,72.07028823143034,228.66527355295585,0.3151781077713132,67
old_model_edu1,1375664061,hours_3,0.04646037941388968,0.001228700509100839,813.8679126494437,37.812612014483584,228.66527355295585,0.16536228447353937,67
old_model_edu1,1375664061,hours_4,0.12166557078735352,0.061082580566403206,16.371279489015148,1.991821063550321,228.66527355295585,0.00871064080960698,67
old_model_edu1,1375664061,work_work,0.2181290023383753,0.08657059463138579,11.551266375180099,2.5196662101628555,228.66527355295585,0.011019015572468786,67
old_model_edu1,1375664061,nowork_nowork,1.0782629485112136,0.09627806830509002,10.386581456874474,11.199465946641366,228.66527355295585,0.048977554714042394,67
old_model_edu1,1556456120,hours_0,0.6719793578993895,0.09383737769701109,10.656734272383432,7.161105453660635,239.746219516839,0.02986952398286999,68
old_model_edu1,1556456120,hours_1,0.038953242330240015,0.0003774710394068248,2649.2091595967977,103.19528637726556,239.746219516839,0.43043551045449313,68
old_model_edu1,1556456120,hours_2,0.05076014338958955,0.0006603871856662427,1514.2629510062923,76.86420452262242,239.746219516839,0.32060653418238244,68
old_model_edu1,1556456120,hours_3,0.044986855533697974,0.001228700509100839,813.8679126494437,36.61335820987285,239.746219516839,0.1527171451698376,68
old_model_edu1,1556456120,hours_4,0.12122721324258157,0.061082580566403206,16.371279489015148,1.984644589668741,239.746219516839,0.00827810588074506,68
old_model_edu1,1556456120,work_work,0.21159116074489998,0.08657059463138579,11.551266375180099,2.4441458603978905,239.746219516839,0.010194721173595905,68
old_model_edu1,1556456120,nowork_nowork,1.1056067437617265,0.09627806830509002,10.386581456874474,11.483474503350916,239.746219516839,0.047898459156075886,68
old_model_edu1,1576053187,hours_0,0.669031895235365,0.09383737769701109,10.656734272383432,7.129695127272355,231.0806585963407,0.030853707837689443,69
old_model_edu1,1576053187,hours_1,0.037425194654952164,0.0003774710394068248,2649.2091595967977,99.14716847959238,231.0806585963407,0.4290587065219765,69
old_model_edu1,1576053187,hours_2,0.046344708586939856,0.0006603871856662427,1514.2629510062923,70.1780751883862,231.0806585963407,0.30369514962728045,69
old_model_edu1,1576053187,hours_3,0.047575023365783606,0.001228700509100839,813.8679126494437,38.71978496095882,231.0806585963407,0.16755960968847597,69
old_model_edu1,1576053187,hours_4,0.13089889979892716,0.061082580566403206,16.371279489015148,2.1429824734128253,231.0806585963407,0.009273742278691778,69
old_model_edu1,1576053187,work_work,0.21830506646666017,0.08657059463138579,11.551266375180099,2.521699973807788,231.0806585963407,0.010912639721235937,69
old_model_edu1,1576053187,nowork_nowork,1.082286066843506,0.09627806830509002,10.386581456874474,11.241252392910367,231.0806585963407,0.04864644432465011,69
old_model_edu1,1848019881,hours_0,0.6585777851357918,0.09383737769701109,10.656734272383432,7.018288453886964,221.61519500107363,0.0316688052633438,70
old_model_edu1,1848019881,hours_1,0.032637550646667596,0.0003774710394068248,2649.2091595967977,86.46369811995618,221.61519500107363,0.39015239058647266,70
old_model_edu1,1848019881,hours_2,0.048860914906698444,0.0006603871856662427,1514.2629510062923,73.98827319548452,221.61519500107363,0.3338592066989183,70
old_model_edu1,1848019881,hours_3,0.04723165231214807,0.001228700509100839,813.8679126494437,38.440326278272224,221.61519500107363,0.17345528260409218,70
old_model_edu1,1848019881,hours_4,0.12447771109326665,0.061082580566403206,16.371279489015148,2.03785939846075,221.61519500107363,0.009195485889182271,70
old_model_edu1,1848019881,work_work,0.22130661552027842,0.08657059463138579,11.551266375180099,2.5563716664643024,221.61519500107363,0.011535182262443322,70
old_model_edu1,1848019881,nowork_nowork,1.0696857223600893,0.09627806830509002,10.386581456874474,11.11037788854868,221.61519500107363,0.05013364669554746,70
old_model_edu1,1508652585,hours_0,0.6697917378763505,0.09383737769701109,10.656734272383432,7.137792568386164,234.43002868620403,0.030447432900929453,71
old_model_edu1,1508652585,hours_1,0.03681816616259334,0.0003774710394068248,2649.2091595967977,97.53902303749916,234.43002868620403,0.4160688098880877,71
old_model_edu1,1508652585,hours_2,0.04931535233086947,0.0006603871856662427,1514.2629510062923,74.67641095045744,234.43002868620403,0.3185445626098329,71
old_model_edu1,1508652585,hours_3,0.04829550964278503,0.001228700509100839,813.8679126494437,39.306165623314534,234.43002868620403,0.1676669402959795,71
old_model_edu1,1508652585,hours_4,0.12424966666693926,0.061082580566403206,16.371279489015148,2.0341260194214317,234.43002868620403,0.008676900441556522,71
old_model_edu1,1508652585,work_work,0.21429132375506313,0.08657059463138579,11.551266375180099,2.475336162584693,234.43002868620403,0.010558955166524551,71
old_model_edu1,1508652585,nowork_nowork,1.0842041119397674,0.09627806830509002,10.386581456874474,11.261174324540644,234.43002868620403,0.04803639869708958,71
old_model_edu1,1995737731,hours_0,0.6396337258387423,0.09383737769701109,10.656734272383432,6.816406647918033,226.64476659944313,0.030075288082715344,72
old_model_edu1,1995737731,hours_1,0.036435378179320556,0.0003774710394068248,2649.2091595967977,96.52493760602931,226.64476659944313,0.4258864612418828,72
old_model_edu1,1995737731,hours_2,0.046986047209328974,0.0006603871856662427,1514.2629510062923,71.14923050331946,226.64476659944313,0.31392399467605564,72
old_model_edu1,1995737731,hours_3,0.04540673712770356,0.001228700509100839,813.8679126494437,36.955086366346094,226.64476659944313,0.1630528995697397,72
old_model_edu1,1995737731,hours_4,0.1177356211952385,0.061082580566403206,16.371279489015148,1.9274827604000653,226.64476659944313,0.008504422093304143,72
old_model_edu1,1995737731,work_work,0.21540028285424911,0.08657059463138579,11.551266375180099,2.48814604453857,226.64476659944313,0.010978175591126503,72
old_model_edu1,1995737731,nowork_nowork,1.0382123045647886,0.09627806830509002,10.386581456874474,10.783476670891547,226.64476659944313,0.04757875874517564,72
old_model_edu1,1162788447,hours_0,0.6747306898509542,0.09383737769701109,10.656734272383432,7.190425667163579,236.0579452762573,0.030460426395513458,73
old_model_edu1,1162788447,hours_1,0.03969969586246084,0.0003774710394068248,2649.2091595967977,105.17279791203835,236.0579452762573,0.44553805545055986,73
old_model_edu1,1162788447,hours_2,0.0462089875614778,0.0006603871856662427,1514.2629510062923,69.97255786785642,236.0579452762573,0.29642110874924343,73
old_model_edu1,1162788447,hours_3,0.046332372967799025,0.001228700509100839,813.8679126494437,37.7084316753981,236.0579452762573,0.1597422684979662,73
old_model_edu1,1162788447,hours_4,0.13169328275378572,0.061082580566403206,16.371279489015148,2.1559875387881244,236.0579452762573,0.009133297912362087,73
old_model_edu1,1162788447,work_work,0.2060190351084233,0.08657059463138579,11.551266375180099,2.379780752894978,236.0579452762573,0.01008134146940038,73
old_model_edu1,1162788447,nowork_nowork,1.1050761898681207,0.09627806830509002,10.386581456874474,11.477963862117718,236.0579452762573,0.04862350152495448,73
old_model_edu1,1172925522,hours_0,0.668402785992153,0.09383737769701109,10.656734272383432,7.122990877239145,227.882065215901,0.0312573561701341,74
old_model_edu1,1172925522,hours_1,0.035841258666658764,0.0003774710394068248,2649.2091595967977,94.9509907511905,227.882065215901,0.4166672382103946,74
old_model_edu1,1172925522,hours_2,0.04676018699876083,0.0006603871856662427,1514.2629510062923,70.80721875434963,227.882065215901,0.3107186986710216,74
old_model_edu1,1172925522,hours_3,0.0479215223081911,0.001228700509100839,813.8679126494437,39.001789331951244,227.882065215901,0.17114900768956962,74
old_model_edu1,1172925522,hours_4,0.13571901177479895,0.061082580566403206,16.371279489015148,2.2218938737381713,227.882065215901,0.009750191932099153,74
old_model_edu1,1172925522,work_work,0.20162072856706756,0.08657059463138579,11.551266375180099,2.328974742436081,227.882065215901,0.010220087922362621,74
old_model_edu1,1172925522,nowork_nowork,1.1022112455892885,0.09627806830509002,10.386581456874474,11.448206884996221,227.882065215901,0.050237419404418296,74
old_model_edu1,539174575,hours_0,0.664848542017435,0.09383737769701109,10.656734272383432,7.085114243661356,235.930066008435,0.03003056949684424,75
old_model_edu1,539174575,hours_1,0.038617454801224756,0.0003774710394068248,2649.2091595967977,102.30571497971995,235.930066008435,0.43362728926656724,75
old_model_edu1,539174575,hours_2,0.05207535967147892,0.0006603871856662427,1514.2629510062923,78.85578781084773,235.930066008435,0.33423373775527393,75
old_model_edu1,539174575,hours_3,0.03905945891917591,0.001228700509100839,813.8679126494437,31.789240299766394,235.930066008435,0.13474009835876477,75
old_model_edu1,539174575,hours_4,0.1265612061152711,0.061082580566403206,16.371279489015148,2.0719688777799563,235.930066008435,0.0087821315563311,75
old_model_edu1,539174575,work_work,0.21180308128818534,0.08657059463138579,11.551266375180099,2.4465938110437526,235.930066008435,0.010369995873931056,75
old_model_edu1,539174575,nowork_nowork,1.0952252223552124,0.09627806830509002,10.386581456874474,11.375645985615872,235.930066008435,0.04821617769228771,75
old_model_edu1,2013637345,hours_0,0.6714510612418368,0.09383737769701109,10.656734272383432,7.155475536564109,229.09336615452912,0.031233883619910512,76
old_model_edu1,2013637345,hours_1,0.0371247940030129,0.0003774710394068248,2649.2091595967977,98.35134432092603,229.09336615452912,0.4293068191882327,76
old_model_edu1,2013637345,hours_2,0.0446901555480376,0.0006603871856662427,1514.2629510062923,67.67264682110164,229.09336615452912,0.2953933060438545,76
old_model_edu1,2013637345,hours_3,0.04916543379875647,0.001228700509100839,813.8679126494437,40.014168980298344,229.09336615452912,0.1746631500159101,76
old_model_edu1,2013637345,hours_4,0.12834371722518298,0.061082580566403206,16.371279489015148,2.101150865352598,229.09336615452912,0.009171591917398953,76
old_model_edu1,2013637345,work_work,0.2080099620638224,0.08657059463138579,11.551266375180099,2.4027784804903196,229.09336615452912,0.010488206275120102,76
old_model_edu1,2013637345,nowork_nowork,1.0971657226308706,0.09627806830509002,10.386581456874474,11.395801149796084,229.09336615452912,0.049743042939573094,76
old_model_edu1,1187468716,hours_0,0.6604741968942021,0.09383737769701109,10.656734272383432,7.038498010067365,236.50973420257307,0.029759866052865368,77
old_model_edu1,1187468716,hours_1,0.03884866361607138,0.0003774710394068248,2649.2091595967977,102.91823548979116,236.50973420257307,0.43515433238633894,77
old_model_edu1,1187468716,hours_2,0.04751935209362319,0.0006603871856662427,1514.2629510062923,71.95679433119689,236.50973420257307,0.3042445359545546,77
old_model_edu1,1187468716,hours_3,0.04800602317776063,0.001228700509100839,813.8679126494437,39.070561878284856,236.50973420257307,0.16519642208392366,77
old_model_edu1,1187468716,hours_4,0.11938310676799135,0.061082580566403206,16.371279489015148,1.9544542071657223,236.50973420257307,0.008263736855294555,77
old_model_edu1,1187468716,work_work,0.2135578908424197,0.08657059463138579,11.551266375180099,2.4668640836424243,236.50973420257307,0.01043028563690968,77
old_model_edu1,1187468716,nowork_nowork,1.0691030777094728,0.09627806830509002,10.386581456874474,11.10432620242464,236.50973420257307,0.04695082103011315,77
old_model_edu1,1062978506,hours_0,0.6444946427532978,0.09383737769701109,10.656734272383432,6.868208147796585,224.6827777623584,0.030568467312883787,78
old_model_edu1,1062978506,hours_1,0.03668263984755287,0.0003774710394068248,2649.2091595967977,97.17998548232754,224.6827777623584,0.4325208476152653,78
old_model_edu1,1062978506,hours_2,0.04494604475514159,0.0006603871856662427,1514.2629510062923,68.0601303669816,224.6827777623584,0.30291654324732964,78
old_model_edu1,1062978506,hours_3,0.04562221051100187,0.001228700509100839,813.8679126494437,37.1304532390426,224.6827777623584,0.16525722891994238,78
old_model_edu1,1062978506,hours_4,0.12364427975528275,0.061082580566403206,16.371279489015148,2.0242150610917116,224.6827777623584,0.00900921326169768,78
old_model_edu1,1062978506,work_work,0.20471602929587596,0.08657059463138579,11.551266375180099,2.364729385665836,224.6827777623584,0.010524746975342069,78
old_model_edu1,1062978506,nowork_nowork,1.0643594454396372,0.09627806830509002,10.386581456874474,11.055056079452534,224.6827777623584,0.04920295266753913,78
old_model_edu1,679326770,hours_0,0.6750835965283397,0.09383737769701109,10.656734272383432,7.194186499847427,242.94441401217028,0.029612479583445102,79
old_model_edu1,679326770,hours_1,0.04413783229145335,0.0003774710394068248,2649.2091595967977,116.93034959126553,242.94441401217028,0.48130495227360076,79
old_model_edu1,679326770,hours_2,0.04230194326370386,0.0006603871856662427,1514.2629510062923,64.05626543979695,242.94441401217028,0.2636663440081732,79
old_model_edu1,679326770,hours_3,0.04772148188965016,0.001228700509100839,813.8679126494437,38.83898285406781,242.94441401217028,0.1598677747417653,79
old_model_edu1,679326770,hours_4,0.12482857752229251,0.061082580566403206,16.371279489015148,2.0436035308336447,242.94441401217028,0.0084118152670564,79
old_model_edu1,679326770,work_work,0.21707168391767104,0.08657059463138579,11.551266375180099,2.507452843441916,242.94441401217028,0.01032109692102781,79
old_model_edu1,679326770,nowork_nowork,1.095025663654648,0.09627806830509002,10.386581456874474,11.373573252917032,242.94441401217028,0.046815537204931465,79
old_model_edu1,587923432,hours_0,0.6720121226154359,0.09383737769701109,10.656734272383432,7.161454618533052,230.47580692477348,0.031072478773750543,80
old_model_edu1,587923432,hours_1,0.035132619949367845,0.0003774710394068248,2649.2091595967977,93.07365857049848,230.47580692477348,0.4038326617113327,80
old_model_edu1,587923432,hours_2,0.050800214820166514,0.0006603871856662427,1514.2629510062923,76.92488320533893,230.47580692477348,0.3337655445564703,80
old_model_edu1,587923432,hours_3,0.04613525283537085,0.001228700509100839,813.8679126494437,37.54800192467761,230.47580692477348,0.16291515550234367,80
old_model_edu1,587923432,hours_4,0.12411322357540894,0.061082580566403206,16.371279489015148,2.0318922714356438,230.47580692477348,0.008816076179739101,80
old_model_edu1,587923432,work_work,0.212203456613749,0.08657059463138579,11.551266375180099,2.451218653079388,230.47580692477348,0.010635470532833223,80
old_model_edu1,587923432,nowork_nowork,1.0864688952823311,0.09627806830509002,10.386581456874474,11.284697681210355,230.47580692477348,0.04896261274353035,80
old_model_edu1,1359889667,hours_0,0.6605184235422298,0.09383737769701109,10.656734272383432,7.0389693217031555,237.3379875180693,0.029657996999604863,81
old_model_edu1,1359889667,hours_1,0.040790052234130236,0.0003774710394068248,2649.2091595967977,108.06137999908964,237.3379875180693,0.4553058746689785,81
old_model_edu1,1359889667,hours_2,0.046610262489302966,0.0006603871856662427,1514.2629510062923,70.58019362422979,237.3379875180693,0.2973826245107783,81
old_model_edu1,1359889667,hours_3,0.044216729560272026,0.001228700509100839,813.8679126494437,35.98657739140355,237.3379875180693,0.1516258638902623,81
old_model_edu1,1359889667,hours_4,0.12340592058151889,0.061082580566403206,16.371279489015148,2.0203128164392523,237.3379875180693,0.008512387071140222,81
old_model_edu1,1359889667,work_work,0.2084974504428042,0.08657059463138579,11.551266375180099,2.408409588610743,237.3379875180693,0.010147594212778025,81
old_model_edu1,1359889667,nowork_nowork,1.082371983820761,0.09627806830509002,10.386581456874474,11.242144776593154,237.3379875180693,0.04736765864645774,81
old_model_edu1,970187386,hours_0,0.6526377525237328,0.09383737769701109,10.656734272383432,6.95498710477096,235.8981618766938,0.02948300677478953,82
old_model_edu1,970187386,hours_1,0.04044162016003089,0.0003774710394068248,2649.2091595967977,107.13831055688834,235.8981618766938,0.4541718752895182,82
old_model_edu1,970187386,hours_2,0.04610424611768929,0.0006603871856662427,1514.2629510062923,69.81395178009258,235.8981618766938,0.29594953697258986,82
old_model_edu1,970187386,hours_3,0.04489989652247914,0.001228700509100839,813.8679126494437,36.542585060926115,235.8981618766938,0.15490830776387005,82
old_model_edu1,970187386,hours_4,0.11673695970542783,0.061082580566403206,16.371279489015148,1.9111333940354585,235.8981618766938,0.008101518802992733,82
old_model_edu1,970187386,work_work,0.2209930081032615,0.08657059463138579,11.551266375180099,2.552749103653108,235.8981618766938,0.0108214031145671,82
old_model_edu1,970187386,nowork_nowork,1.057561135194971,0.09627806830509002,10.386581456874474,10.984444876327204,235.8981618766938,0.04656435128167246,82
old_model_edu1,1219839873,hours_0,0.6601165779099176,0.09383737769701109,10.656734272383432,7.034686959581086,230.30746530364956,0.0305447630640465,83
old_model_edu1,1219839873,hours_1,0.03878428747348925,0.0003774710394068248,2649.2091595967977,102.74768962320306,230.30746530364956,0.44613269260609967,83
old_model_edu1,1219839873,hours_2,0.04507221392232689,0.0006603871856662427,1514.2629510062923,68.2511836624096,230.30746530364956,0.2963481169506322,83
old_model_edu1,1219839873,hours_3,0.044911632604146066,0.001228700509100839,813.8679126494437,36.55213668121506,230.30746530364956,0.15871016874343516,83
old_model_edu1,1219839873,hours_4,0.12949458826022958,0.061082580566403206,16.371279489015148,2.1199920967231582,230.30746530364956,0.00920505157715165,83
old_model_edu1,1219839873,work_work,0.20667440664658346,0.08657059463138579,11.551266375180099,2.387351124106978,230.30746530364956,0.010365930261788812,83
old_model_edu1,1219839873,nowork_nowork,1.0797031923326663,0.09627806830509002,10.386581456874474,11.214425156410645,230.30746530364956,0.04869327679684613,83
old_model_edu1,1428160212,hours_0,0.6583705134553789,0.09383737769701109,10.656734272383432,7.016079614666613,235.19628470046976,0.029830741687105398,84
old_model_edu1,1428160212,hours_1,0.03636690314862642,0.0003774710394068248,2649.2091595967977,96.34353292751074,235.19628470046976,0.4096303351483949,84
old_model_edu1,1428160212,hours_2,0.051593323608427624,0.0006603871856662427,1514.2629510062923,78.12585845952022,235.19628470046976,0.3321730126775433,84
old_model_edu1,1428160212,hours_3,0.0470857686184106,0.001228700509100839,813.8679126494437,38.321596220960515,235.19628470046976,0.16293453049126322,84
old_model_edu1,1428160212,hours_4,0.11556236280562451,0.061082580566403206,16.371279489015148,1.8919037399018477,235.19628470046976,0.008043935482702245,84
old_model_edu1,1428160212,work_work,0.21072316458851195,0.08657059463138579,11.551266375180099,2.4341194055828197,235.19628470046976,0.010349310613825177,84
old_model_edu1,1428160212,nowork_nowork,1.065142980706584,0.09627806830509002,10.386581456874474,11.063194332327011,235.19628470046976,0.04703813389916577,84
old_model_edu1,1930609499,hours_0,0.6623992058358374,0.09383737769701109,10.656734272383432,7.059012318830336,225.14844731761602,0.031352702640992304,85
old_model_edu1,1930609499,hours_1,0.036696485274785806,0.0003774710394068248,2649.2091595967977,97.21666491497157,225.14844731761602,0.43178918652647164,85
old_model_edu1,1930609499,hours_2,0.04383049681628,0.0006603871856662427,1514.2629510062923,66.37089745309206,225.14844731761602,0.29478727587875786,85
old_model_edu1,1930609499,hours_3,0.04754217350030743,0.001228700509100839,813.8679126494437,38.6930495095129,225.14844731761602,0.17185572439204422,85
old_model_edu1,1930609499,hours_4,0.12661593860122117,0.061082580566403206,16.371279489015148,2.0728649186045733,225.14844731761602,0.009206658732495682,85
old_model_edu1,1930609499,work_work,0.2027943019849308,0.08657059463138579,11.551266375180099,2.34253100159665,225.14844731761602,0.01040438443837923,85
old_model_edu1,1930609499,nowork_nowork,1.0969371634270515,0.09627806830509002,10.386581456874474,11.393427201007897,225.14844731761602,0.05060406739085895,85
old_model_edu1,710582861,hours_0,0.6684753179957044,0.09383737769701109,10.656734272383432,7.123763831527236,233.36138295082327,0.030526746719822282,86
old_model_edu1,710582861,hours_1,0.038729268846798975,0.0003774710394068248,2649.2091595967977,102.60193377342675,233.36138295082327,0.43966971945417493,86
old_model_edu1,710582861,hours_2,0.0464831408901664,0.0006603871856662427,1514.2629510062923,70.38769809638463,233.36138295082327,0.30162530409419785,86
old_model_edu1,710582861,hours_3,0.04617303272897416,0.001228700509100839,813.8679126494437,37.57874976782465,233.36138295082327,0.1610324265850948,86
old_model_edu1,710582861,hours_4,0.13045722828883738,0.061082580566403206,16.371279489015148,2.13575174567881,233.36138295082327,0.009152121566441358,86
old_model_edu1,710582861,work_work,0.2069583593108116,0.08657059463138579,11.551266375180099,2.3906311369694193,233.36138295082327,0.01024433051750127,86
old_model_edu1,710582861,nowork_nowork,1.0728125173116232,0.09627806830509002,10.386581456874474,11.14285459901173,233.36138295082327,0.04774935106276726,86
old_model_edu1,1463614337,hours_0,0.6550274011995404,0.09383737769701109,10.656734272383432,6.980452955713394,231.93757174500513,0.03009625781280398,87
old_model_edu1,1463614337,hours_1,0.0403683644029491,0.0003774710394068248,2649.2091595967977,106.94424073423407,231.93757174500513,0.461090628523997,87
old_model_edu1,1463614337,hours_2,0.044626088752216776,0.0006603871856662427,1514.2629510062923,67.57563284580048,231.93757174500513,0.2913526788152026,87
old_model_edu1,1463614337,hours_3,0.04273241303319473,0.001228700509100839,813.8679126494437,34.77853979780008,231.93757174500513,0.1499478481909607,87
old_model_edu1,1463614337,hours_4,0.12795418306874634,0.061082580566403206,16.371279489015148,2.094773692807056,231.93757174500513,0.009031627247999625,87
old_model_edu1,1463614337,work_work,0.21197653307881306,0.08657059463138579,11.551266375180099,2.4485973988805454,231.93757174500513,0.010557139925447533,87
old_model_edu1,1463614337,nowork_nowork,1.0701629179842143,0.09627806830509002,10.386581456874474,11.115334319769518,231.93757174500513,0.047923819483588655,87
old_model_edu1,1940152705,hours_0,0.6563148924105398,0.09383737769701109,10.656734272383432,6.994173407427043,233.19134896451936,0.029993279932915624,88
old_model_edu1,1940152705,hours_1,0.03974324579475473,0.0003774710394068248,2649.2091595967977,105.28817079157115,233.19134896451936,0.4515097633728728,88
old_model_edu1,1940152705,hours_2,0.044701295395684855,0.0006603871856662427,1514.2629510062923,67.68951547967373,233.19134896451936,0.29027455684032627,88
old_model_edu1,1940152705,hours_3,0.04600955866498313,0.001228700509100839,813.8679126494437,37.445703472591944,233.19134896451936,0.16057929952748548,88
old_model_edu1,1940152705,hours_4,0.1291947104414831,0.061082580566403206,16.371279489015148,2.1150827131399033,233.19134896451936,0.009070159431436362,88
old_model_edu1,1940152705,work_work,0.2126275040900782,0.08657059463138579,11.551266375180099,2.456116938434189,233.19134896451936,0.010532624599242287,88
old_model_edu1,1940152705,nowork_nowork,1.0785633567882744,0.09627806830509002,10.386581456874474,11.202586161681378,233.19134896451936,0.048040316295721065,88
old_model_edu1,985452196,hours_0,0.6745227336624531,0.09383737769701109,10.656734272383432,7.188209533322425,234.79859618335564,0.03061436333166621,89
old_model_edu1,985452196,hours_1,0.03587964537751008,0.0003774710394068248,2649.2091595967977,95.05268517718461,234.79859618335564,0.40482646285907686,89
old_model_edu1,985452196,hours_2,0.05118246663818372,0.0006603871856662427,1514.2629510062923,77.50371297131719,234.79859618335564,0.33008592994650643,89
old_model_edu1,985452196,hours_3,0.048348266111125714,0.001228700509100839,813.8679126494437,39.34910242008172,234.79859618335564,0.16758661703988115,89
old_model_edu1,985452196,hours_4,0.11925060623950642,0.061082580566403206,16.371279489015148,1.9522850039814532,234.79859618335564,0.008314721790146062,89
old_model_edu1,985452196,work_work,0.22141509822902072,0.08657059463138579,11.551266375180099,2.5576247791300855,234.79859618335564,0.0108928452755008,89
old_model_edu1,985452196,nowork_nowork,1.077830693844762,0.09627806830509002,10.386581456874474,11.194976298338153,234.79859618335564,0.04767905975722243,89
old_model_edu1,552062587,hours_0,0.6535995914528729,0.09383737769701109,10.656734272383432,6.96523716665164,230.9091362526556,0.030164407003066496,90
old_model_edu1,552062587,hours_1,0.03599744289217871,0.0003774710394068248,2649.2091595967977,95.36475543202248,230.9091362526556,0.4129968912433006,90
old_model_edu1,552062587,hours_2,0.04787380910931459,0.0006603871856662427,1514.2629510062923,72.49353545778263,230.9091362526556,0.31394832025382413,90
old_model_edu1,552062587,hours_3,0.05006071078959081,0.001228700509100839,813.8679126494437,40.74280619607176,230.9091362526556,0.17644518903527445,90
old_model_edu1,552062587,hours_4,0.11311737385234671,0.061082580566403206,16.371279489015148,1.8518761424001822,230.9091362526556,0.008019934474891894,90
old_model_edu1,552062587,work_work,0.2138741210287309,0.08657059463138579,11.551266375180099,2.470516942760378,230.9091362526556,0.010699087021213374,90
old_model_edu1,552062587,nowork_nowork,1.0610236833672084,0.09627806830509002,10.386581456874474,11.0204089149665,230.9091362526556,0.04772617096842897,90
old_model_edu1,623566272,hours_0,0.6811674961375217,0.09383737769701109,10.656734272383432,7.259021001322337,237.05096039100405,0.03062219612757077,91
old_model_edu1,623566272,hours_1,0.03677870564110669,0.0003774710394068248,2649.2091595967977,97.43448386253426,237.05096039100405,0.41102758538426004,91
old_model_edu1,623566272,hours_2,0.051231718002843166,0.0006603871856662427,1514.2629510062923,77.57829248810748,237.05096039100405,0.32726419821352276,91
old_model_edu1,623566272,hours_3,0.04756965079017821,0.001228700509100839,813.8679126494437,38.715412394065304,237.05096039100405,0.1633210526977242,91
old_model_edu1,623566272,hours_4,0.12983211777389247,0.061082580566403206,16.371279489015148,2.125517886727125,237.05096039100405,0.008966501899934032,91
old_model_edu1,623566272,work_work,0.23209125986200208,0.08657059463138579,11.551266375180099,2.680947966017131,237.05096039100405,0.011309584916235047,91
old_model_edu1,623566272,nowork_nowork,1.0838296352819379,0.09627806830509002,10.386581456874474,11.2572847922304,237.05096039100405,0.04748888076075311,91
old_model_edu1,729775797,hours_0,0.65551053198424,0.09383737769701109,10.656734272383432,6.985601552104746,231.0155592463842,0.030238662603043188,92
old_model_edu1,729775797,hours_1,0.0377062243255367,0.0003774710394068248,2649.2091595967977,99.8916748570234,231.0155592463842,0.432402367974212,92
old_model_edu1,729775797,hours_2,0.048280781611665685,0.0006603871856662427,1514.2629510062923,73.10979884017121,231.0155592463842,0.31647131941531986,92
old_model_edu1,729775797,hours_3,0.04336235541733342,0.001228700509100839,813.8679126494437,35.29122969106845,231.0155592463842,0.15276559642214152,92
old_model_edu1,729775797,hours_4,0.12707777623517968,0.061082580566403206,16.371279489015148,2.0804257915886537,231.0155592463842,0.009005565678672858,92
old_model_edu1,729775797,work_work,0.2201879229273195,0.08657059463138579,11.551266375180099,2.543449350331093,231.0155592463842,0.011009861667449147,92
old_model_edu1,729775797,nowork_nowork,1.0699746793726,0.09627806830509002,10.386581456874474,11.113379164096656,231.0155592463842,0.04810662623916142,92
old_model_edu1,1352536665,hours_0,0.6653759947145593,0.09383737769701109,10.656734272383432,7.090735166895861,234.4973561305645,0.030238017536316483,93
old_model_edu1,1352536665,hours_1,0.03866641811397449,0.0003774710394068248,2649.2091595967977,102.43542903634075,234.4973561305645,0.436829782333692,93
old_model_edu1,1352536665,hours_2,0.04669266362237142,0.0006603871856662427,1514.2629510062923,70.7049706071563,234.4973561305645,0.3015171333863093,93
old_model_edu1,1352536665,hours_3,0.04729166925155542,0.001228700509100839,813.8679126494437,38.489172139471286,234.4973561305645,0.16413478076930263,93
old_model_edu1,1352536665,hours_4,0.12197111082532017,0.061082580566403206,16.371279489015148,1.9968231449069576,234.4973561305645,0.008515333297809794,93
old_model_edu1,1352536665,work_work,0.2137304251078027,0.08657059463138579,11.551266375180099,2.4688570729007098,234.4973561305645,0.010528293852174983,93
old_model_edu1,1352536665,nowork_nowork,1.0890367547645878,0.09627806830509002,10.386581456874474,11.311368962892622,234.4973561305645,0.04823665882439471,93
old_model_edu1,555883440,hours_0,0.6612573248170291,0.09383737769701109,10.656734272383432,7.046843596242217,232.52094261558273,0.0303062748540998,94
old_model_edu1,555883440,hours_1,0.03933898446429987,0.0003774710394068248,2649.2091595967977,104.21719797205934,232.52094261558273,0.4482056403166975,94
old_model_edu1,555883440,hours_2,0.044631900703629074,0.0006603871856662427,1514.2629510062923,67.58443366849717,232.52094261558273,0.2906595548265591,94
old_model_edu1,555883440,hours_3,0.04673363342617603,0.001228700509100839,813.8679126494437,38.03500468708616,232.52094261558273,0.16357668371389608,94
old_model_edu1,555883440,hours_4,0.12357803317656818,0.061082580566403206,16.371279489015148,2.0231305198363843,232.52094261558273,0.008700852908467442,94
old_model_edu1,555883440,work_work,0.22738678476556878,0.08657059463138579,11.551266375180099,2.626605321022829,232.52094261558273,0.011296209672456417,94
old_model_edu1,555883440,nowork_nowork,1.0578771173614885,0.09627806830509002,10.386581456874474,10.987726850838659,232.52094261558273,0.047254783707823746,94
old_model_edu1,1801800003,hours_0,0.6651579387484821,0.09383737769701109,10.656734272383432,7.088411402408868,236.01468413505194,0.030033772806918865,95
old_model_edu1,1801800003,hours_1,0.03880736044922378,0.0003774710394068248,2649.2091595967977,102.80881476185814,236.01468413505194,0.43560346738014427,95
old_model_edu1,1801800003,hours_2,0.04722549657342035,0.0006603871856662427,1514.2629510062923,71.51181980400504,236.01468413505194,0.30299733284003916,95
old_model_edu1,1801800003,hours_3,0.0478985244751637,0.001228700509100839,813.8679126494437,38.98307213358977,236.01468413505194,0.16517223187385638,95
old_model_edu1,1801800003,hours_4,0.12357868151457138,0.061082580566403206,16.371279489015148,2.023141133959038,236.01468413505194,0.008572098559771642,95
old_model_edu1,1801800003,work_work,0.2135872017314783,0.08657059463138579,11.551266375180099,2.4672026615296336,236.01468413505194,0.010453598133401966,95
old_model_edu1,1801800003,nowork_nowork,1.0717888541020881,0.09627806830509002,10.386581456874474,11.13222223770149,236.01468413505194,0.047167498405867946,95
old_model_edu1,763315502,hours_0,0.6711453763278408,0.09383737769701109,10.656734272383432,7.152217933664576,230.47736160059497,0.03103219285397318,96
old_model_edu1,763315502,hours_1,0.03582081800155068,0.0003774710394068248,2649.2091595967977,94.89683915395793,230.47736160059497,0.411740391745759,96
old_model_edu1,763315502,hours_2,0.04789665058819059,0.0006603871856662427,1514.2629510062923,72.52812346299075,230.47736160059497,0.3146865399677654,96
old_model_edu1,763315502,hours_3,0.04911764019186084,0.001228700509100839,813.8679126494437,39.9752712972162,230.47736160059497,0.1734455437167457,96
old_model_edu1,763315502,hours_4,0.12435209746640993,0.061082580566403206,16.371279489015148,2.0358029426678494,230.47736160059497,0.008832984413435744,96
old_model_edu1,763315502,work_work,0.2211342767704592,0.08657059463138579,11.551266375180099,2.554380935658375,230.47736160059497,0.011083001462351784,96
old_model_edu1,763315502,nowork_nowork,1.091285513092209,0.09627806830509002,10.386581456874474,11.334725874439284,230.47736160059497,0.04917934583996914,96
old_model_edu1,138897982,hours_0,0.6700812959249696,0.09383737769701109,10.656734272383432,7.140878311566728,239.16749987538347,0.02985722690285023,97
old_model_edu1,138897982,hours_1,0.04068481099163133,0.0003774710394068248,2649.2091595967977,107.78257393549418,239.16749987538347,0.45065727572372305,97
old_model_edu1,138897982,hours_2,0.04683759282970838,0.0006603871856662427,1514.2629510062923,70.92443153634537,239.16749987538347,0.2965471126858793,97
old_model_edu1,138897982,hours_3,0.0461309485471522,0.001228700509100839,813.8679126494437,37.544498802609645,239.16749987538347,0.1569799359117436,97
old_model_edu1,138897982,hours_4,0.12428636767413578,0.061082580566403206,16.371279489015148,2.0347268618677745,239.16749987538347,0.008507539121862103,97
old_model_edu1,138897982,work_work,0.21373971074573686,0.08657059463138579,11.551266375180099,2.4689643337779508,239.16749987538347,0.010323159856855078,97
old_model_edu1,138897982,nowork_nowork,1.0851911324742674,0.09627806830509002,10.386581456874474,11.271426093721836,239.16749987538347,0.0471277497970867,97
old_model_edu1,10785379,hours_0,0.6559212073329196,0.09383737769701109,10.656734272383432,6.989978010167842,232.28761265612386,0.030091910327201703,98
old_model_edu1,10785379,hours_1,0.0409927758451385,0.0003774710394068248,2649.2091595967977,108.59843724623929,232.28761265612386,0.46751712673980284,98
old_model_edu1,10785379,hours_2,0.04171653592060253,0.0006603871856662427,1514.2629510062923,63.16980478889158,232.28761265612386,0.27194650660260344,98
old_model_edu1,10785379,hours_3,0.04661491078816606,0.001228700509100839,813.8679126494437,37.93838014150475,232.28761265612386,0.16332502498817417,98
old_model_edu1,10785379,hours_4,0.12485341858832283,0.061082580566403206,16.371279489015148,2.044010210868432,232.28761265612386,0.008799480038973767,98
old_model_edu1,10785379,work_work,0.21934437801704432,0.08657059463138579,11.551266375180099,2.533705338373077,232.28761265612386,0.010907621415542067,98
old_model_edu1,10785379,nowork_nowork,1.0603389542369208,0.09627806830509002,10.386581456874474,11.013296920078874,232.28761265612386,0.04741232988770195,98
old_model_edu1,53923185,hours_0,0.6677959982675545,0.09383737769701109,10.656734272383432,7.116524501698355,226.95321596241624,0.03135679074438347,99
old_model_edu1,53923185,hours_1,0.0332267400652999,0.0003774710394068248,2649.2091595967977,88.0245841245344,226.95321596241624,0.38785343380686615,99
old_model_edu1,53923185,hours_2,0.050701312970721904,0.0006603871856662427,1514.2629510062923,76.77511979893896,226.95321596241624,0.33828610655886465,99
old_model_edu1,53923185,hours_3,0.04810140079044973,0.001228700509100839,813.8679126494437,39.14818665683762,226.95321596241624,0.1724945226743146,99
old_model_edu1,53923185,hours_4,0.12456487714024639,0.061082580566403206,16.371279489015148,2.0392864181778076,226.95321596241624,0.008985492492494649,99
old_model_edu1,53923185,work_work,0.22036063062437278,0.08657059463138579,11.551266375180099,2.545444342944799,226.95321596241624,0.011215722730125702,99
old_model_edu1,53923185,nowork_nowork,1.0883340362003897,0.09627806830509002,10.386581456874474,11.30407011928432,226.95321596241624,0.049807930992950944,99
old_model_edu1,1349917978,hours_0,0.6665242837884159,0.09383737769701109,10.656734272383432,7.1029721784238316,236.16770305589785,0.03007596757098768,100
old_model_edu1,1349917978,hours_1,0.03826114881929925,0.0003774710394068248,2649.2091595967977,101.36178590878377,236.16770305589785,0.4291941048551958,100
old_model_edu1,1349917978,hours_2,0.048507391959316554,0.0006603871856662427,1514.2629510062923,73.45294649393358,236.16770305589785,0.3110202857693383,100
old_model_edu1,1349917978,hours_3,0.04741192325082387,0.001228700509100839,813.8679126494437,38.58704301084365,236.16770305589785,0.16338831479302907,100
old_model_edu1,1349917978,hours_4,0.11770384664115875,0.061082580566403206,16.371279489015148,1.9269625702945867,236.16770305589785,0.008159297589639087,100
old_model_edu1,1349917978,work_work,0.2246800060253583,0.08657059463138579,11.551266375180099,2.595338598775983,236.16770305589785,0.010989388325302465,100
old_model_edu1,1349917978,nowork_nowork,1.072600676276302,0.09627806830509002,10.386581456874474,11.14065429484246,236.16770305589785,0.047172641096507636,100
